order_id,order_date,customer_id,product_id,quantity,discount,channel,revenue,cost,profit
ORD04762,2022-01-01,C0420,P020,1,0.2,Online,404.9,276.85,128.05
ORD03038,2022-01-01,C0180,P003,1,0.1,Wholesale,94.83,70.85,23.98
ORD04885,2022-01-01,C0467,P001,1,0.0,Retail,380.94,156.07,224.87
ORD01653,2022-01-01,C0496,P013,3,0.05,Retail,1200.53,563.61,636.92
ORD00409,2022-01-02,C0263,P019,2,0.1,Wholesale,328.57,257.6,70.97
ORD00880,2022-01-02,C0206,P002,2,0.0,Retail,1192.78,590.96,601.82
ORD00247,2022-01-02,C0449,P009,2,0.1,Online,446.87,257.3,189.57
ORD03588,2022-01-02,C0272,P012,1,0.0,Retail,215.61,123.94,91.67
ORD04632,2022-01-02,C0022,P018,3,0.0,Retail,2632.83,1159.8,1473.03
ORD00476,2022-01-02,C0354,P007,1,0.0,Online,520.32,334.65,185.67
ORD04122,2022-01-02,C0289,P017,1,0.05,Online,81.95,35.37,46.58
ORD04610,2022-01-02,C0335,P004,3,0.05,Online,217.68,97.95,119.73
ORD02987,2022-01-03,C0349,P013,2,0.05,Online,800.36,375.74,424.62
ORD03180,2022-01-03,C0140,P006,1,0.15,Wholesale,37.76,18.03,19.73
ORD02068,2022-01-03,C0338,P013,1,0.1,Retail,379.12,187.87,191.25
ORD03061,2022-01-03,C0212,P006,2,0.0,Online,88.84,36.06,52.78
ORD03786,2022-01-03,C0051,P004,5,0.0,Retail,381.9,163.25,218.65
ORD00386,2022-01-03,C0011,P009,1,0.05,Online,235.85,128.65,107.2
ORD02114,2022-01-04,C0251,P012,2,0.15,Wholesale,366.54,247.88,118.66
ORD03887,2022-01-04,C0212,P013,1,0.15,Retail,358.05,187.87,170.18
ORD04590,2022-01-04,C0475,P017,2,0.0,Wholesale,172.52,70.74,101.78
ORD00225,2022-01-04,C0337,P001,2,0.0,Retail,761.88,312.14,449.74
ORD04002,2022-01-05,C0181,P020,3,0.0,Online,1518.39,830.55,687.84
ORD04324,2022-01-05,C0261,P014,3,0.1,Online,454.82,263.61,191.21
ORD01884,2022-01-05,C0128,P007,1,0.05,Direct Sales,494.3,334.65,159.65
ORD03957,2022-01-06,C0231,P009,2,0.05,Wholesale,471.69,257.3,214.39
ORD01170,2022-01-06,C0461,P016,3,0.0,Direct Sales,1114.65,740.82,373.83
ORD01773,2022-01-06,C0281,P009,5,0.1,Online,1117.17,643.25,473.92
ORD03454,2022-01-06,C0463,P019,2,0.1,Wholesale,328.57,257.6,70.97
ORD02024,2022-01-06,C0497,P016,5,0.2,Wholesale,1486.2,1234.7,251.5
ORD00944,2022-01-06,C0365,P012,4,0.0,Wholesale,862.44,495.76,366.68
ORD03241,2022-01-07,C0021,P010,2,0.0,Direct Sales,588.74,356.92,231.82
ORD04564,2022-01-07,C0457,P009,1,0.1,Online,223.43,128.65,94.78
ORD04562,2022-01-07,C0435,P013,1,0.0,Online,421.24,187.87,233.37
ORD03754,2022-01-07,C0029,P013,2,0.0,Direct Sales,842.48,375.74,466.74
ORD01637,2022-01-08,C0014,P019,3,0.0,Wholesale,547.62,386.4,161.22
ORD03955,2022-01-08,C0219,P001,3,0.0,Direct Sales,1142.82,468.21,674.61
ORD04313,2022-01-08,C0442,P005,3,0.05,Retail,1497.53,733.29,764.24
ORD03181,2022-01-09,C0229,P008,1,0.05,Retail,116.84,80.91,35.93
ORD03477,2022-01-09,C0413,P013,3,0.0,Online,1263.72,563.61,700.11
ORD01447,2022-01-09,C0042,P014,3,0.0,Wholesale,505.35,263.61,241.74
ORD03554,2022-01-09,C0063,P012,4,0.0,Online,862.44,495.76,366.68
ORD00870,2022-01-10,C0197,P016,4,0.1,Online,1337.58,987.76,349.82
ORD04223,2022-01-10,C0092,P017,1,0.05,Retail,81.95,35.37,46.58
ORD03356,2022-01-10,C0427,P002,1,0.05,Retail,566.57,295.48,271.09
ORD03144,2022-01-10,C0066,P017,4,0.0,Online,345.04,141.48,203.56
ORD00075,2022-01-11,C0033,P015,1,0.15,Online,277.77,241.04,36.73
ORD04185,2022-01-11,C0379,P004,1,0.15,Online,64.92,32.65,32.27
ORD01291,2022-01-11,C0132,P010,1,0.0,Retail,294.37,178.46,115.91
ORD04601,2022-01-11,C0087,P010,1,0.0,Direct Sales,294.37,178.46,115.91
ORD04357,2022-01-11,C0298,P020,1,0.15,Online,430.21,276.85,153.36
ORD00027,2022-01-11,C0400,P006,2,0.0,Online,88.84,36.06,52.78
ORD04468,2022-01-12,C0299,P004,1,0.0,Retail,76.38,32.65,43.73
ORD02236,2022-01-12,C0056,P007,2,0.0,Direct Sales,1040.64,669.3,371.34
ORD02816,2022-01-12,C0418,P005,1,0.0,Retail,525.45,244.43,281.02
ORD03138,2022-01-13,C0013,P001,5,0.1,Online,1714.23,780.35,933.88
ORD04543,2022-01-13,C0424,P014,4,0.05,Wholesale,640.11,351.48,288.63
ORD04603,2022-01-13,C0399,P004,1,0.0,Online,76.38,32.65,43.73
ORD03985,2022-01-14,C0154,P012,1,0.15,Online,183.27,123.94,59.33
ORD00237,2022-01-14,C0194,P004,1,0.1,Retail,68.74,32.65,36.09
ORD01358,2022-01-15,C0292,P003,5,0.1,Online,474.16,354.25,119.91
ORD03005,2022-01-15,C0397,P002,3,0.2,Online,1431.34,886.44,544.9
ORD04087,2022-01-15,C0171,P006,5,0.0,Retail,222.1,90.15,131.95
ORD03767,2022-01-16,C0259,P017,4,0.0,Retail,345.04,141.48,203.56
ORD00791,2022-01-16,C0216,P008,3,0.05,Direct Sales,350.52,242.73,107.79
ORD04075,2022-01-16,C0387,P007,3,0.0,Wholesale,1560.96,1003.95,557.01
ORD03934,2022-01-17,C0325,P004,2,0.0,Online,152.76,65.3,87.46
ORD03936,2022-01-17,C0329,P009,3,0.1,Online,670.3,385.95,284.35
ORD01044,2022-01-18,C0106,P009,1,0.05,Retail,235.85,128.65,107.2
ORD00264,2022-01-18,C0331,P013,4,0.0,Direct Sales,1684.96,751.48,933.48
ORD04374,2022-01-19,C0474,P005,2,0.15,Online,893.27,488.86,404.41
ORD01948,2022-01-19,C0234,P016,1,0.05,Retail,352.97,246.94,106.03
ORD04006,2022-01-19,C0436,P002,1,0.05,Retail,566.57,295.48,271.09
ORD02293,2022-01-19,C0032,P018,3,0.0,Online,2632.83,1159.8,1473.03
ORD04379,2022-01-20,C0337,P003,2,0.05,Online,200.2,141.7,58.5
ORD04437,2022-01-21,C0309,P002,1,0.05,Retail,566.57,295.48,271.09
ORD02433,2022-01-21,C0024,P003,4,0.15,Online,358.26,283.4,74.86
ORD01791,2022-01-21,C0099,P015,2,0.15,Online,555.54,482.08,73.46
ORD03566,2022-01-21,C0296,P017,1,0.0,Online,86.26,35.37,50.89
ORD01771,2022-01-22,C0233,P006,2,0.2,Retail,71.07,36.06,35.01
ORD04277,2022-01-22,C0034,P015,2,0.1,Online,588.22,482.08,106.14
ORD02369,2022-01-22,C0207,P012,1,0.15,Direct Sales,183.27,123.94,59.33
ORD04848,2022-01-22,C0349,P010,2,0.2,Wholesale,470.99,356.92,114.07
ORD04158,2022-01-22,C0422,P006,4,0.05,Online,168.8,72.12,96.68
ORD03669,2022-01-22,C0213,P013,4,0.05,Direct Sales,1600.71,751.48,849.23
ORD03914,2022-01-23,C0175,P006,2,0.0,Online,88.84,36.06,52.78
ORD03195,2022-01-23,C0189,P008,2,0.0,Online,245.98,161.82,84.16
ORD02877,2022-01-23,C0047,P017,1,0.1,Online,77.63,35.37,42.26
ORD01718,2022-01-23,C0423,P015,1,0.0,Direct Sales,326.79,241.04,85.75
ORD00152,2022-01-23,C0354,P006,1,0.1,Wholesale,39.98,18.03,21.95
ORD04670,2022-01-23,C0184,P007,5,0.1,Online,2341.44,1673.25,668.19
ORD02723,2022-01-23,C0025,P011,2,0.05,Online,693.16,497.24,195.92
ORD02404,2022-01-23,C0360,P009,1,0.0,Online,248.26,128.65,119.61
ORD04204,2022-01-24,C0165,P016,2,0.0,Online,743.1,493.88,249.22
ORD03584,2022-01-24,C0018,P015,3,0.0,Retail,980.37,723.12,257.25
ORD02241,2022-01-24,C0353,P006,3,0.15,Online,113.27,54.09,59.18
ORD04501,2022-01-24,C0323,P014,2,0.0,Direct Sales,336.9,175.74,161.16
ORD03818,2022-01-24,C0246,P002,1,0.05,Wholesale,566.57,295.48,271.09
ORD03939,2022-01-24,C0029,P015,5,0.05,Wholesale,1552.25,1205.2,347.05
ORD00058,2022-01-24,C0124,P001,3,0.05,Direct Sales,1085.68,468.21,617.47
ORD01984,2022-01-25,C0003,P011,1,0.1,Retail,328.34,248.62,79.72
ORD03069,2022-01-25,C0222,P001,1,0.0,Retail,380.94,156.07,224.87
ORD00236,2022-01-25,C0245,P007,1,0.05,Direct Sales,494.3,334.65,159.65
ORD01180,2022-01-26,C0184,P006,1,0.0,Online,44.42,18.03,26.39
ORD01910,2022-01-26,C0047,P006,4,0.0,Direct Sales,177.68,72.12,105.56
ORD04938,2022-01-26,C0190,P001,1,0.15,Online,323.8,156.07,167.73
ORD03243,2022-01-26,C0459,P011,3,0.0,Online,1094.46,745.86,348.6
ORD00737,2022-01-26,C0269,P002,1,0.0,Online,596.39,295.48,300.91
ORD02914,2022-01-27,C0089,P004,2,0.0,Online,152.76,65.3,87.46
ORD02884,2022-01-27,C0380,P011,2,0.1,Online,656.68,497.24,159.44
ORD02004,2022-01-27,C0012,P008,1,0.1,Retail,110.69,80.91,29.78
ORD01200,2022-01-27,C0318,P020,1,0.0,Retail,506.13,276.85,229.28
ORD01152,2022-01-27,C0300,P015,1,0.05,Retail,310.45,241.04,69.41
ORD00229,2022-01-28,C0237,P012,1,0.1,Direct Sales,194.05,123.94,70.11
ORD03213,2022-01-28,C0219,P018,1,0.0,Online,877.61,386.6,491.01
ORD02516,2022-01-29,C0349,P016,5,0.05,Direct Sales,1764.86,1234.7,530.16
ORD01664,2022-01-29,C0002,P006,1,0.0,Direct Sales,44.42,18.03,26.39
ORD00170,2022-01-29,C0217,P019,1,0.0,Retail,182.54,128.8,53.74
ORD04299,2022-01-29,C0043,P002,1,0.0,Online,596.39,295.48,300.91
ORD04251,2022-01-29,C0052,P014,2,0.05,Online,320.05,175.74,144.31
ORD02941,2022-01-29,C0168,P005,1,0.05,Online,499.18,244.43,254.75
ORD03256,2022-01-30,C0462,P019,2,0.05,Direct Sales,346.83,257.6,89.23
ORD03995,2022-01-30,C0254,P004,2,0.0,Online,152.76,65.3,87.46
ORD01601,2022-01-30,C0168,P007,3,0.1,Retail,1404.86,1003.95,400.91
ORD02654,2022-01-30,C0490,P001,1,0.0,Retail,380.94,156.07,224.87
ORD01185,2022-01-31,C0435,P020,1,0.05,Retail,480.82,276.85,203.97
ORD03750,2022-01-31,C0343,P017,4,0.0,Retail,345.04,141.48,203.56
ORD04083,2022-01-31,C0358,P007,1,0.0,Wholesale,520.32,334.65,185.67
ORD02970,2022-02-01,C0041,P016,5,0.0,Online,1857.75,1234.7,623.05
ORD01174,2022-02-01,C0384,P016,1,0.0,Retail,371.55,246.94,124.61
ORD02860,2022-02-02,C0252,P012,1,0.1,Direct Sales,194.05,123.94,70.11
ORD01397,2022-02-02,C0295,P009,5,0.0,Online,1241.3,643.25,598.05
ORD04675,2022-02-02,C0123,P004,1,0.0,Direct Sales,76.38,32.65,43.73
ORD00455,2022-02-02,C0184,P001,1,0.0,Online,380.94,156.07,224.87
ORD02717,2022-02-02,C0413,P019,2,0.1,Wholesale,328.57,257.6,70.97
ORD01812,2022-02-02,C0411,P017,1,0.1,Online,77.63,35.37,42.26
ORD01054,2022-02-02,C0284,P016,1,0.0,Online,371.55,246.94,124.61
ORD04402,2022-02-03,C0461,P016,1,0.1,Online,334.4,246.94,87.46
ORD02282,2022-02-03,C0289,P014,5,0.15,Online,715.91,439.35,276.56
ORD02594,2022-02-03,C0298,P006,3,0.0,Direct Sales,133.26,54.09,79.17
ORD03490,2022-02-03,C0206,P008,2,0.1,Online,221.38,161.82,59.56
ORD03219,2022-02-03,C0383,P010,2,0.1,Retail,529.87,356.92,172.95
ORD00107,2022-02-04,C0161,P005,4,0.0,Retail,2101.8,977.72,1124.08
ORD00181,2022-02-04,C0350,P014,1,0.0,Direct Sales,168.45,87.87,80.58
ORD03967,2022-02-04,C0169,P012,2,0.0,Retail,431.22,247.88,183.34
ORD04981,2022-02-04,C0397,P018,1,0.0,Direct Sales,877.61,386.6,491.01
ORD03540,2022-02-04,C0151,P008,3,0.05,Retail,350.52,242.73,107.79
ORD04611,2022-02-05,C0109,P015,2,0.1,Online,588.22,482.08,106.14
ORD04363,2022-02-05,C0364,P005,1,0.2,Direct Sales,420.36,244.43,175.93
ORD00008,2022-02-05,C0444,P010,3,0.0,Retail,883.11,535.38,347.73
ORD03855,2022-02-06,C0166,P017,1,0.0,Retail,86.26,35.37,50.89
ORD01086,2022-02-06,C0178,P011,3,0.0,Direct Sales,1094.46,745.86,348.6
ORD04646,2022-02-06,C0109,P007,1,0.0,Online,520.32,334.65,185.67
ORD03386,2022-02-07,C0172,P009,1,0.15,Wholesale,211.02,128.65,82.37
ORD00713,2022-02-07,C0495,P007,1,0.0,Retail,520.32,334.65,185.67
ORD02085,2022-02-07,C0085,P009,1,0.1,Retail,223.43,128.65,94.78
ORD01706,2022-02-07,C0325,P003,4,0.05,Retail,400.41,283.4,117.01
ORD01668,2022-02-07,C0316,P019,2,0.0,Online,365.08,257.6,107.48
ORD00067,2022-02-07,C0378,P007,1,0.0,Online,520.32,334.65,185.67
ORD01112,2022-02-08,C0044,P002,2,0.15,Online,1013.86,590.96,422.9
ORD03663,2022-02-08,C0231,P001,4,0.0,Wholesale,1523.76,624.28,899.48
ORD04840,2022-02-08,C0433,P016,2,0.0,Retail,743.1,493.88,249.22
ORD04550,2022-02-08,C0177,P017,4,0.1,Retail,310.54,141.48,169.06
ORD01090,2022-02-09,C0192,P010,1,0.05,Online,279.65,178.46,101.19
ORD01628,2022-02-09,C0110,P005,4,0.15,Direct Sales,1786.53,977.72,808.81
ORD02619,2022-02-09,C0496,P011,1,0.15,Direct Sales,310.1,248.62,61.48
ORD01852,2022-02-09,C0055,P003,2,0.0,Online,210.74,141.7,69.04
ORD02456,2022-02-09,C0325,P003,4,0.0,Wholesale,421.48,283.4,138.08
ORD02014,2022-02-09,C0387,P017,4,0.1,Online,310.54,141.48,169.06
ORD02721,2022-02-09,C0451,P009,3,0.0,Online,744.78,385.95,358.83
ORD01874,2022-02-10,C0412,P018,1,0.0,Retail,877.61,386.6,491.01
ORD01053,2022-02-10,C0092,P004,2,0.0,Retail,152.76,65.3,87.46
ORD02602,2022-02-10,C0224,P009,3,0.0,Online,744.78,385.95,358.83
ORD01901,2022-02-10,C0003,P002,1,0.05,Retail,566.57,295.48,271.09
ORD03984,2022-02-10,C0404,P007,3,0.05,Wholesale,1482.91,1003.95,478.96
ORD04216,2022-02-10,C0272,P019,2,0.1,Online,328.57,257.6,70.97
ORD03905,2022-02-10,C0129,P008,4,0.05,Online,467.36,323.64,143.72
ORD04009,2022-02-11,C0176,P005,1,0.0,Online,525.45,244.43,281.02
ORD00807,2022-02-11,C0032,P013,2,0.05,Direct Sales,800.36,375.74,424.62
ORD00425,2022-02-11,C0216,P014,1,0.0,Online,168.45,87.87,80.58
ORD01498,2022-02-11,C0428,P014,1,0.15,Online,143.18,87.87,55.31
ORD03710,2022-02-12,C0027,P011,2,0.0,Wholesale,729.64,497.24,232.4
ORD03954,2022-02-12,C0097,P012,2,0.15,Wholesale,366.54,247.88,118.66
ORD04519,2022-02-12,C0156,P009,2,0.05,Wholesale,471.69,257.3,214.39
ORD02294,2022-02-12,C0366,P008,1,0.0,Retail,122.99,80.91,42.08
ORD01912,2022-02-12,C0406,P006,3,0.0,Retail,133.26,54.09,79.17
ORD02969,2022-02-12,C0095,P011,1,0.05,Retail,346.58,248.62,97.96
ORD00113,2022-02-13,C0084,P017,5,0.2,Online,345.04,176.85,168.19
ORD00234,2022-02-13,C0463,P001,1,0.05,Online,361.89,156.07,205.82
ORD00082,2022-02-13,C0191,P006,4,0.0,Retail,177.68,72.12,105.56
ORD02178,2022-02-13,C0246,P016,1,0.2,Online,297.24,246.94,50.3
ORD00949,2022-02-14,C0096,P007,4,0.0,Online,2081.28,1338.6,742.68
ORD01924,2022-02-14,C0329,P007,3,0.0,Retail,1560.96,1003.95,557.01
ORD02127,2022-02-15,C0349,P002,1,0.15,Wholesale,506.93,295.48,211.45
ORD01226,2022-02-15,C0436,P011,1,0.0,Online,364.82,248.62,116.2
ORD00329,2022-02-15,C0077,P016,5,0.2,Online,1486.2,1234.7,251.5
ORD02904,2022-02-15,C0177,P001,1,0.05,Wholesale,361.89,156.07,205.82
ORD03807,2022-02-15,C0244,P013,1,0.0,Direct Sales,421.24,187.87,233.37
ORD03988,2022-02-15,C0113,P003,1,0.1,Direct Sales,94.83,70.85,23.98
ORD02977,2022-02-15,C0226,P001,2,0.0,Retail,761.88,312.14,449.74
ORD02778,2022-02-16,C0201,P016,1,0.05,Direct Sales,352.97,246.94,106.03
ORD00628,2022-02-16,C0185,P008,2,0.1,Online,221.38,161.82,59.56
ORD04234,2022-02-16,C0364,P011,2,0.05,Online,693.16,497.24,195.92
ORD04200,2022-02-16,C0294,P007,1,0.05,Retail,494.3,334.65,159.65
ORD01692,2022-02-16,C0198,P003,1,0.2,Online,84.3,70.85,13.45
ORD00355,2022-02-16,C0071,P020,3,0.05,Online,1442.47,830.55,611.92
ORD01721,2022-02-16,C0413,P010,1,0.05,Wholesale,279.65,178.46,101.19
ORD03768,2022-02-17,C0357,P020,1,0.0,Direct Sales,506.13,276.85,229.28
ORD04343,2022-02-18,C0110,P003,1,0.1,Online,94.83,70.85,23.98
ORD02949,2022-02-18,C0008,P009,1,0.15,Retail,211.02,128.65,82.37
ORD03835,2022-02-18,C0037,P008,1,0.0,Direct Sales,122.99,80.91,42.08
ORD02773,2022-02-18,C0280,P007,3,0.15,Retail,1326.82,1003.95,322.87
ORD00287,2022-02-18,C0250,P005,3,0.0,Direct Sales,1576.35,733.29,843.06
ORD00648,2022-02-18,C0359,P016,1,0.2,Retail,297.24,246.94,50.3
ORD01489,2022-02-19,C0014,P002,2,0.05,Wholesale,1133.14,590.96,542.18
ORD04051,2022-02-19,C0359,P010,4,0.0,Online,1177.48,713.84,463.64
ORD02220,2022-02-19,C0243,P006,1,0.0,Online,44.42,18.03,26.39
ORD04811,2022-02-19,C0169,P017,1,0.15,Wholesale,73.32,35.37,37.95
ORD00895,2022-02-19,C0088,P008,1,0.0,Online,122.99,80.91,42.08
ORD04950,2022-02-19,C0352,P005,2,0.0,Online,1050.9,488.86,562.04
ORD02593,2022-02-19,C0418,P019,1,0.0,Retail,182.54,128.8,53.74
ORD04422,2022-02-20,C0499,P016,2,0.0,Direct Sales,743.1,493.88,249.22
ORD03167,2022-02-20,C0330,P007,2,0.1,Wholesale,936.58,669.3,267.28
ORD04587,2022-02-20,C0365,P007,1,0.0,Online,520.32,334.65,185.67
ORD04759,2022-02-21,C0250,P012,1,0.05,Wholesale,204.83,123.94,80.89
ORD03053,2022-02-21,C0331,P003,3,0.0,Wholesale,316.11,212.55,103.56
ORD03007,2022-02-21,C0420,P010,2,0.0,Retail,588.74,356.92,231.82
ORD00711,2022-02-21,C0466,P007,4,0.1,Wholesale,1873.15,1338.6,534.55
ORD00763,2022-02-21,C0306,P018,2,0.0,Retail,1755.22,773.2,982.02
ORD04661,2022-02-21,C0157,P014,1,0.0,Wholesale,168.45,87.87,80.58
ORD04265,2022-02-21,C0195,P001,1,0.0,Wholesale,380.94,156.07,224.87
ORD00439,2022-02-22,C0052,P002,3,0.15,Retail,1520.79,886.44,634.35
ORD00731,2022-02-22,C0150,P006,1,0.1,Online,39.98,18.03,21.95
ORD03252,2022-02-22,C0316,P014,1,0.05,Online,160.03,87.87,72.16
ORD00765,2022-02-22,C0029,P017,5,0.15,Online,366.6,176.85,189.75
ORD04074,2022-02-22,C0027,P014,3,0.1,Direct Sales,454.82,263.61,191.21
ORD04921,2022-02-23,C0446,P017,1,0.0,Online,86.26,35.37,50.89
ORD02671,2022-02-23,C0228,P001,1,0.0,Retail,380.94,156.07,224.87
ORD01233,2022-02-23,C0484,P003,3,0.05,Wholesale,300.3,212.55,87.75
ORD02570,2022-02-23,C0308,P016,2,0.0,Online,743.1,493.88,249.22
ORD03511,2022-02-24,C0494,P003,1,0.05,Online,100.1,70.85,29.25
ORD02184,2022-02-24,C0280,P004,2,0.0,Online,152.76,65.3,87.46
ORD00349,2022-02-25,C0073,P005,1,0.0,Retail,525.45,244.43,281.02
ORD02571,2022-02-25,C0055,P014,1,0.0,Wholesale,168.45,87.87,80.58
ORD02554,2022-02-26,C0161,P019,2,0.0,Direct Sales,365.08,257.6,107.48
ORD01242,2022-02-26,C0049,P015,3,0.0,Direct Sales,980.37,723.12,257.25
ORD00841,2022-02-26,C0216,P002,1,0.05,Retail,566.57,295.48,271.09
ORD03975,2022-02-27,C0366,P002,3,0.0,Wholesale,1789.17,886.44,902.73
ORD02966,2022-02-27,C0291,P018,4,0.05,Wholesale,3334.92,1546.4,1788.52
ORD04643,2022-02-27,C0279,P018,1,0.0,Online,877.61,386.6,491.01
ORD04073,2022-02-27,C0355,P004,4,0.15,Online,259.69,130.6,129.09
ORD01909,2022-02-27,C0254,P015,1,0.0,Retail,326.79,241.04,85.75
ORD03678,2022-02-27,C0003,P001,2,0.0,Wholesale,761.88,312.14,449.74
ORD04166,2022-02-27,C0228,P014,1,0.15,Retail,143.18,87.87,55.31
ORD01502,2022-02-27,C0181,P005,1,0.0,Retail,525.45,244.43,281.02
ORD03476,2022-02-28,C0337,P011,4,0.05,Retail,1386.32,994.48,391.84
ORD01800,2022-02-28,C0181,P009,5,0.0,Direct Sales,1241.3,643.25,598.05
ORD03621,2022-02-28,C0442,P004,3,0.0,Retail,229.14,97.95,131.19
ORD01623,2022-02-28,C0464,P009,1,0.0,Direct Sales,248.26,128.65,119.61
ORD00639,2022-03-01,C0370,P015,1,0.0,Online,326.79,241.04,85.75
ORD01805,2022-03-02,C0236,P001,2,0.0,Online,761.88,312.14,449.74
ORD04713,2022-03-02,C0264,P010,1,0.0,Wholesale,294.37,178.46,115.91
ORD03734,2022-03-02,C0357,P001,1,0.1,Online,342.85,156.07,186.78
ORD02635,2022-03-02,C0256,P013,4,0.1,Retail,1516.46,751.48,764.98
ORD02314,2022-03-02,C0410,P007,1,0.15,Online,442.27,334.65,107.62
ORD02916,2022-03-02,C0285,P002,1,0.0,Wholesale,596.39,295.48,300.91
ORD01270,2022-03-03,C0030,P004,4,0.15,Retail,259.69,130.6,129.09
ORD03137,2022-03-03,C0034,P009,1,0.1,Wholesale,223.43,128.65,94.78
ORD04407,2022-03-03,C0305,P004,1,0.0,Online,76.38,32.65,43.73
ORD03332,2022-03-03,C0116,P015,1,0.0,Wholesale,326.79,241.04,85.75
ORD03520,2022-03-04,C0032,P006,2,0.15,Direct Sales,75.51,36.06,39.45
ORD00863,2022-03-04,C0461,P015,3,0.0,Retail,980.37,723.12,257.25
ORD03756,2022-03-04,C0497,P008,1,0.0,Online,122.99,80.91,42.08
ORD01002,2022-03-04,C0325,P004,1,0.0,Retail,76.38,32.65,43.73
ORD01677,2022-03-05,C0002,P018,1,0.0,Retail,877.61,386.6,491.01
ORD02452,2022-03-05,C0062,P016,4,0.1,Direct Sales,1337.58,987.76,349.82
ORD02148,2022-03-06,C0032,P001,1,0.15,Direct Sales,323.8,156.07,167.73
ORD00350,2022-03-06,C0316,P012,3,0.0,Online,646.83,371.82,275.01
ORD03452,2022-03-06,C0422,P013,2,0.0,Online,842.48,375.74,466.74
ORD01911,2022-03-07,C0189,P015,1,0.1,Wholesale,294.11,241.04,53.07
ORD02124,2022-03-07,C0467,P014,2,0.0,Direct Sales,336.9,175.74,161.16
ORD04164,2022-03-07,C0187,P009,1,0.0,Direct Sales,248.26,128.65,119.61
ORD02917,2022-03-07,C0364,P014,1,0.0,Retail,168.45,87.87,80.58
ORD01349,2022-03-07,C0265,P002,2,0.0,Retail,1192.78,590.96,601.82
ORD00755,2022-03-07,C0474,P004,1,0.0,Retail,76.38,32.65,43.73
ORD00664,2022-03-08,C0018,P010,2,0.0,Direct Sales,588.74,356.92,231.82
ORD01141,2022-03-08,C0082,P012,1,0.05,Online,204.83,123.94,80.89
ORD03562,2022-03-08,C0076,P001,2,0.1,Online,685.69,312.14,373.55
ORD04905,2022-03-08,C0103,P009,2,0.2,Online,397.22,257.3,139.92
ORD03306,2022-03-08,C0351,P010,1,0.0,Retail,294.37,178.46,115.91
ORD01343,2022-03-10,C0093,P002,3,0.05,Retail,1699.71,886.44,813.27
ORD00382,2022-03-10,C0188,P001,4,0.1,Wholesale,1371.38,624.28,747.1
ORD04264,2022-03-10,C0482,P002,1,0.2,Retail,477.11,295.48,181.63
ORD02739,2022-03-10,C0043,P015,1,0.15,Wholesale,277.77,241.04,36.73
ORD04586,2022-03-10,C0300,P018,2,0.05,Online,1667.46,773.2,894.26
ORD00216,2022-03-11,C0149,P009,1,0.05,Wholesale,235.85,128.65,107.2
ORD00523,2022-03-11,C0455,P006,1,0.2,Online,35.54,18.03,17.51
ORD04870,2022-03-12,C0443,P020,2,0.0,Retail,1012.26,553.7,458.56
ORD01092,2022-03-12,C0044,P016,1,0.0,Retail,371.55,246.94,124.61
ORD02704,2022-03-13,C0460,P004,4,0.05,Retail,290.24,130.6,159.64
ORD04089,2022-03-13,C0127,P009,1,0.15,Direct Sales,211.02,128.65,82.37
ORD02036,2022-03-13,C0354,P004,2,0.0,Wholesale,152.76,65.3,87.46
ORD02471,2022-03-13,C0085,P018,3,0.15,Retail,2237.91,1159.8,1078.11
ORD04099,2022-03-13,C0083,P002,4,0.15,Online,2027.73,1181.92,845.81
ORD04434,2022-03-14,C0013,P003,1,0.15,Wholesale,89.56,70.85,18.71
ORD01070,2022-03-14,C0492,P017,4,0.0,Online,345.04,141.48,203.56
ORD04719,2022-03-14,C0003,P006,2,0.1,Wholesale,79.96,36.06,43.9
ORD03623,2022-03-14,C0150,P017,3,0.2,Retail,207.02,106.11,100.91
ORD02882,2022-03-15,C0328,P006,2,0.0,Direct Sales,88.84,36.06,52.78
ORD03011,2022-03-15,C0054,P009,4,0.0,Online,993.04,514.6,478.44
ORD04914,2022-03-15,C0011,P018,2,0.0,Retail,1755.22,773.2,982.02
ORD01403,2022-03-15,C0253,P008,1,0.1,Online,110.69,80.91,29.78
ORD01691,2022-03-15,C0400,P017,2,0.2,Wholesale,138.02,70.74,67.28
ORD03354,2022-03-15,C0022,P017,4,0.15,Retail,293.28,141.48,151.8
ORD00803,2022-03-16,C0209,P005,5,0.0,Retail,2627.25,1222.15,1405.1
ORD02792,2022-03-16,C0146,P020,2,0.05,Direct Sales,961.65,553.7,407.95
ORD02384,2022-03-16,C0381,P018,2,0.0,Retail,1755.22,773.2,982.02
ORD04290,2022-03-16,C0317,P019,1,0.15,Retail,155.16,128.8,26.36
ORD00764,2022-03-16,C0095,P018,3,0.1,Direct Sales,2369.55,1159.8,1209.75
ORD04507,2022-03-16,C0426,P015,3,0.0,Direct Sales,980.37,723.12,257.25
ORD04758,2022-03-16,C0099,P008,3,0.1,Online,332.07,242.73,89.34
ORD04025,2022-03-17,C0340,P001,4,0.0,Retail,1523.76,624.28,899.48
ORD01600,2022-03-17,C0068,P019,1,0.05,Wholesale,173.41,128.8,44.61
ORD01580,2022-03-17,C0026,P006,1,0.15,Online,37.76,18.03,19.73
ORD01946,2022-03-17,C0136,P019,1,0.0,Online,182.54,128.8,53.74
ORD04498,2022-03-18,C0002,P006,1,0.0,Retail,44.42,18.03,26.39
ORD03851,2022-03-18,C0205,P020,1,0.0,Wholesale,506.13,276.85,229.28
ORD04101,2022-03-18,C0172,P020,2,0.0,Online,1012.26,553.7,458.56
ORD03906,2022-03-19,C0273,P003,4,0.2,Wholesale,337.18,283.4,53.78
ORD01513,2022-03-19,C0179,P001,1,0.15,Retail,323.8,156.07,167.73
ORD04114,2022-03-19,C0121,P016,2,0.0,Direct Sales,743.1,493.88,249.22
ORD01822,2022-03-19,C0055,P010,1,0.05,Retail,279.65,178.46,101.19
ORD00320,2022-03-19,C0271,P003,1,0.1,Retail,94.83,70.85,23.98
ORD04884,2022-03-19,C0283,P004,4,0.05,Retail,290.24,130.6,159.64
ORD01217,2022-03-19,C0238,P011,1,0.0,Direct Sales,364.82,248.62,116.2
ORD02147,2022-03-20,C0176,P002,2,0.0,Wholesale,1192.78,590.96,601.82
ORD00657,2022-03-20,C0360,P013,1,0.2,Retail,336.99,187.87,149.12
ORD00420,2022-03-20,C0235,P013,1,0.0,Retail,421.24,187.87,233.37
ORD03513,2022-03-20,C0048,P011,2,0.15,Online,620.19,497.24,122.95
ORD04236,2022-03-21,C0396,P005,2,0.0,Direct Sales,1050.9,488.86,562.04
ORD04609,2022-03-21,C0308,P011,1,0.2,Direct Sales,291.86,248.62,43.24
ORD01187,2022-03-21,C0020,P003,1,0.0,Online,105.37,70.85,34.52
ORD01440,2022-03-21,C0231,P015,2,0.05,Online,620.9,482.08,138.82
ORD04126,2022-03-21,C0379,P002,1,0.2,Direct Sales,477.11,295.48,181.63
ORD04786,2022-03-21,C0466,P001,2,0.0,Online,761.88,312.14,449.74
ORD02151,2022-03-21,C0353,P005,2,0.15,Wholesale,893.27,488.86,404.41
ORD01918,2022-03-21,C0378,P015,3,0.0,Retail,980.37,723.12,257.25
ORD04154,2022-03-21,C0409,P012,4,0.1,Online,776.2,495.76,280.44
ORD00876,2022-03-22,C0158,P003,1,0.05,Wholesale,100.1,70.85,29.25
ORD00679,2022-03-22,C0274,P001,2,0.0,Retail,761.88,312.14,449.74
ORD04900,2022-03-22,C0186,P019,1,0.1,Retail,164.29,128.8,35.49
ORD04403,2022-03-22,C0402,P002,1,0.05,Direct Sales,566.57,295.48,271.09
ORD02564,2022-03-23,C0417,P009,1,0.1,Direct Sales,223.43,128.65,94.78
ORD00179,2022-03-23,C0459,P007,1,0.15,Wholesale,442.27,334.65,107.62
ORD04654,2022-03-23,C0259,P002,1,0.0,Retail,596.39,295.48,300.91
ORD04715,2022-03-24,C0308,P007,5,0.0,Online,2601.6,1673.25,928.35
ORD01512,2022-03-24,C0115,P015,3,0.2,Wholesale,784.3,723.12,61.18
ORD02159,2022-03-24,C0171,P020,2,0.0,Online,1012.26,553.7,458.56
ORD01966,2022-03-24,C0212,P009,1,0.05,Online,235.85,128.65,107.2
ORD00879,2022-03-24,C0491,P016,1,0.1,Online,334.4,246.94,87.46
ORD03843,2022-03-24,C0427,P002,2,0.0,Retail,1192.78,590.96,601.82
ORD00367,2022-03-25,C0076,P003,1,0.0,Retail,105.37,70.85,34.52
ORD03209,2022-03-25,C0123,P015,2,0.0,Online,653.58,482.08,171.5
ORD03703,2022-03-25,C0145,P003,2,0.1,Retail,189.67,141.7,47.97
ORD01411,2022-03-25,C0437,P001,2,0.1,Online,685.69,312.14,373.55
ORD04547,2022-03-25,C0003,P013,1,0.0,Online,421.24,187.87,233.37
ORD04019,2022-03-25,C0149,P004,1,0.1,Online,68.74,32.65,36.09
ORD04453,2022-03-25,C0280,P002,1,0.1,Wholesale,536.75,295.48,241.27
ORD01195,2022-03-25,C0014,P020,2,0.0,Retail,1012.26,553.7,458.56
ORD00040,2022-03-25,C0297,P009,2,0.0,Online,496.52,257.3,239.22
ORD01860,2022-03-26,C0265,P019,2,0.05,Online,346.83,257.6,89.23
ORD04297,2022-03-26,C0200,P003,4,0.0,Wholesale,421.48,283.4,138.08
ORD01949,2022-03-26,C0147,P002,1,0.0,Online,596.39,295.48,300.91
ORD00086,2022-03-26,C0439,P017,2,0.0,Retail,172.52,70.74,101.78
ORD02205,2022-03-26,C0043,P013,1,0.0,Retail,421.24,187.87,233.37
ORD01181,2022-03-26,C0093,P012,1,0.0,Online,215.61,123.94,91.67
ORD04591,2022-03-27,C0066,P003,2,0.0,Retail,210.74,141.7,69.04
ORD00298,2022-03-27,C0425,P020,5,0.0,Retail,2530.65,1384.25,1146.4
ORD03002,2022-03-27,C0399,P020,1,0.0,Online,506.13,276.85,229.28
ORD01615,2022-03-27,C0221,P009,1,0.0,Retail,248.26,128.65,119.61
ORD02025,2022-03-27,C0102,P006,2,0.0,Direct Sales,88.84,36.06,52.78
ORD04345,2022-03-28,C0458,P017,1,0.0,Retail,86.26,35.37,50.89
ORD04042,2022-03-28,C0348,P010,3,0.1,Direct Sales,794.8,535.38,259.42
ORD01246,2022-03-28,C0212,P020,3,0.15,Direct Sales,1290.63,830.55,460.08
ORD04076,2022-03-28,C0240,P009,1,0.0,Wholesale,248.26,128.65,119.61
ORD04943,2022-03-28,C0186,P019,1,0.0,Wholesale,182.54,128.8,53.74
ORD01033,2022-03-28,C0207,P001,2,0.1,Retail,685.69,312.14,373.55
ORD04800,2022-03-28,C0082,P002,3,0.0,Wholesale,1789.17,886.44,902.73
ORD04400,2022-03-28,C0311,P011,1,0.15,Wholesale,310.1,248.62,61.48
ORD04367,2022-03-28,C0329,P013,3,0.2,Retail,1010.98,563.61,447.37
ORD01048,2022-03-28,C0050,P020,1,0.2,Wholesale,404.9,276.85,128.05
ORD04945,2022-03-29,C0089,P014,1,0.0,Retail,168.45,87.87,80.58
ORD04851,2022-03-29,C0441,P012,2,0.05,Online,409.66,247.88,161.78
ORD04044,2022-03-29,C0186,P001,1,0.05,Direct Sales,361.89,156.07,205.82
ORD00128,2022-03-30,C0069,P005,2,0.0,Retail,1050.9,488.86,562.04
ORD04729,2022-03-30,C0483,P001,4,0.05,Retail,1447.57,624.28,823.29
ORD03463,2022-03-31,C0436,P014,1,0.05,Wholesale,160.03,87.87,72.16
ORD04763,2022-03-31,C0087,P013,4,0.15,Online,1432.22,751.48,680.74
ORD02569,2022-03-31,C0231,P017,3,0.15,Online,219.96,106.11,113.85
ORD04530,2022-04-01,C0041,P008,3,0.0,Wholesale,368.97,242.73,126.24
ORD03316,2022-04-01,C0424,P015,3,0.15,Retail,833.31,723.12,110.19
ORD02647,2022-04-01,C0460,P013,2,0.0,Online,842.48,375.74,466.74
ORD00310,2022-04-01,C0010,P006,1,0.0,Retail,44.42,18.03,26.39
ORD00332,2022-04-01,C0480,P008,1,0.05,Retail,116.84,80.91,35.93
ORD04946,2022-04-01,C0372,P019,1,0.15,Online,155.16,128.8,26.36
ORD03178,2022-04-01,C0167,P010,2,0.0,Online,588.74,356.92,231.82
ORD00339,2022-04-01,C0337,P018,1,0.1,Online,789.85,386.6,403.25
ORD04338,2022-04-02,C0411,P006,1,0.0,Online,44.42,18.03,26.39
ORD04370,2022-04-02,C0311,P001,4,0.1,Retail,1371.38,624.28,747.1
ORD00814,2022-04-02,C0215,P008,3,0.0,Online,368.97,242.73,126.24
ORD03418,2022-04-02,C0495,P018,1,0.0,Online,877.61,386.6,491.01
ORD02380,2022-04-02,C0400,P019,1,0.1,Direct Sales,164.29,128.8,35.49
ORD02505,2022-04-02,C0011,P017,2,0.15,Online,146.64,70.74,75.9
ORD04875,2022-04-02,C0439,P012,1,0.0,Wholesale,215.61,123.94,91.67
ORD02140,2022-04-02,C0163,P005,2,0.0,Online,1050.9,488.86,562.04
ORD01375,2022-04-02,C0459,P009,1,0.0,Online,248.26,128.65,119.61
ORD04723,2022-04-03,C0477,P014,5,0.0,Wholesale,842.25,439.35,402.9
ORD03030,2022-04-04,C0394,P019,2,0.1,Online,328.57,257.6,70.97
ORD04305,2022-04-04,C0164,P020,3,0.0,Wholesale,1518.39,830.55,687.84
ORD03048,2022-04-05,C0328,P005,1,0.0,Wholesale,525.45,244.43,281.02
ORD04635,2022-04-05,C0495,P018,2,0.1,Retail,1579.7,773.2,806.5
ORD04834,2022-04-05,C0023,P008,1,0.0,Direct Sales,122.99,80.91,42.08
ORD00431,2022-04-05,C0155,P005,3,0.2,Wholesale,1261.08,733.29,527.79
ORD02676,2022-04-06,C0367,P003,4,0.05,Online,400.41,283.4,117.01
ORD02019,2022-04-06,C0438,P008,4,0.0,Online,491.96,323.64,168.32
ORD03131,2022-04-06,C0451,P015,4,0.0,Retail,1307.16,964.16,343.0
ORD03363,2022-04-06,C0230,P001,1,0.0,Online,380.94,156.07,224.87
ORD02200,2022-04-06,C0260,P001,3,0.05,Online,1085.68,468.21,617.47
ORD03651,2022-04-07,C0280,P003,4,0.0,Online,421.48,283.4,138.08
ORD02567,2022-04-07,C0098,P018,2,0.0,Direct Sales,1755.22,773.2,982.02
ORD02352,2022-04-07,C0245,P010,4,0.05,Retail,1118.61,713.84,404.77
ORD01101,2022-04-07,C0263,P009,4,0.15,Retail,844.08,514.6,329.48
ORD03889,2022-04-07,C0238,P011,5,0.0,Wholesale,1824.1,1243.1,581.0
ORD01634,2022-04-07,C0062,P005,1,0.0,Online,525.45,244.43,281.02
ORD01288,2022-04-07,C0203,P002,2,0.2,Retail,954.22,590.96,363.26
ORD03715,2022-04-08,C0236,P002,1,0.0,Online,596.39,295.48,300.91
ORD04107,2022-04-08,C0274,P013,1,0.0,Wholesale,421.24,187.87,233.37
ORD00345,2022-04-09,C0085,P009,1,0.15,Online,211.02,128.65,82.37
ORD00886,2022-04-09,C0045,P013,1,0.05,Retail,400.18,187.87,212.31
ORD03143,2022-04-09,C0492,P001,1,0.0,Online,380.94,156.07,224.87
ORD03426,2022-04-09,C0102,P014,2,0.0,Retail,336.9,175.74,161.16
ORD00244,2022-04-09,C0302,P013,4,0.1,Direct Sales,1516.46,751.48,764.98
ORD02705,2022-04-10,C0314,P004,1,0.05,Wholesale,72.56,32.65,39.91
ORD01074,2022-04-10,C0460,P001,2,0.15,Retail,647.6,312.14,335.46
ORD01688,2022-04-10,C0070,P015,1,0.0,Direct Sales,326.79,241.04,85.75
ORD03423,2022-04-11,C0119,P004,2,0.1,Retail,137.48,65.3,72.18
ORD02855,2022-04-11,C0395,P015,1,0.05,Retail,310.45,241.04,69.41
ORD02604,2022-04-11,C0059,P014,4,0.1,Retail,606.42,351.48,254.94
ORD04652,2022-04-11,C0266,P014,1,0.05,Retail,160.03,87.87,72.16
ORD03687,2022-04-11,C0141,P002,3,0.0,Online,1789.17,886.44,902.73
ORD04787,2022-04-11,C0162,P010,1,0.05,Direct Sales,279.65,178.46,101.19
ORD02513,2022-04-11,C0413,P003,3,0.05,Online,300.3,212.55,87.75
ORD01686,2022-04-12,C0016,P005,3,0.0,Direct Sales,1576.35,733.29,843.06
ORD00600,2022-04-12,C0322,P017,3,0.1,Retail,232.9,106.11,126.79
ORD04642,2022-04-12,C0208,P006,1,0.1,Online,39.98,18.03,21.95
ORD03478,2022-04-12,C0261,P002,1,0.1,Online,536.75,295.48,241.27
ORD01722,2022-04-12,C0113,P013,2,0.1,Online,758.23,375.74,382.49
ORD01648,2022-04-13,C0333,P008,1,0.05,Retail,116.84,80.91,35.93
ORD02089,2022-04-13,C0075,P009,3,0.0,Retail,744.78,385.95,358.83
ORD01807,2022-04-13,C0264,P013,1,0.0,Online,421.24,187.87,233.37
ORD02290,2022-04-13,C0077,P009,2,0.05,Wholesale,471.69,257.3,214.39
ORD00865,2022-04-14,C0018,P014,4,0.1,Online,606.42,351.48,254.94
ORD02277,2022-04-14,C0038,P018,2,0.05,Retail,1667.46,773.2,894.26
ORD00223,2022-04-14,C0370,P007,3,0.15,Retail,1326.82,1003.95,322.87
ORD03324,2022-04-14,C0350,P007,2,0.0,Wholesale,1040.64,669.3,371.34
ORD00984,2022-04-15,C0296,P018,1,0.1,Direct Sales,789.85,386.6,403.25
ORD02664,2022-04-15,C0108,P017,1,0.0,Online,86.26,35.37,50.89
ORD02652,2022-04-15,C0294,P009,2,0.0,Retail,496.52,257.3,239.22
ORD02975,2022-04-15,C0086,P001,1,0.2,Retail,304.75,156.07,148.68
ORD01505,2022-04-15,C0222,P019,4,0.0,Online,730.16,515.2,214.96
ORD04414,2022-04-15,C0045,P003,1,0.05,Wholesale,100.1,70.85,29.25
ORD03004,2022-04-15,C0380,P005,1,0.0,Direct Sales,525.45,244.43,281.02
ORD04771,2022-04-16,C0291,P014,5,0.1,Retail,758.02,439.35,318.67
ORD02059,2022-04-16,C0345,P005,1,0.0,Retail,525.45,244.43,281.02
ORD03741,2022-04-16,C0494,P013,1,0.15,Online,358.05,187.87,170.18
ORD02794,2022-04-16,C0477,P005,1,0.05,Wholesale,499.18,244.43,254.75
ORD02031,2022-04-16,C0400,P012,1,0.0,Retail,215.61,123.94,91.67
ORD03029,2022-04-16,C0098,P014,2,0.0,Retail,336.9,175.74,161.16
ORD00352,2022-04-16,C0478,P018,1,0.0,Retail,877.61,386.6,491.01
ORD02998,2022-04-16,C0132,P018,2,0.1,Wholesale,1579.7,773.2,806.5
ORD00742,2022-04-17,C0014,P015,1,0.05,Online,310.45,241.04,69.41
ORD00360,2022-04-17,C0109,P007,2,0.1,Online,936.58,669.3,267.28
ORD00997,2022-04-17,C0043,P013,1,0.1,Online,379.12,187.87,191.25
ORD00919,2022-04-17,C0047,P011,1,0.05,Retail,346.58,248.62,97.96
ORD00289,2022-04-17,C0042,P005,1,0.0,Retail,525.45,244.43,281.02
ORD00702,2022-04-17,C0125,P005,2,0.1,Retail,945.81,488.86,456.95
ORD04544,2022-04-18,C0195,P008,1,0.0,Wholesale,122.99,80.91,42.08
ORD00502,2022-04-18,C0367,P013,2,0.05,Direct Sales,800.36,375.74,424.62
ORD02499,2022-04-19,C0438,P005,2,0.0,Retail,1050.9,488.86,562.04
ORD00530,2022-04-19,C0348,P007,1,0.1,Retail,468.29,334.65,133.64
ORD00347,2022-04-19,C0042,P001,2,0.05,Wholesale,723.79,312.14,411.65
ORD03221,2022-04-19,C0336,P009,3,0.05,Wholesale,707.54,385.95,321.59
ORD00911,2022-04-19,C0436,P020,2,0.05,Online,961.65,553.7,407.95
ORD02568,2022-04-19,C0339,P012,1,0.0,Retail,215.61,123.94,91.67
ORD03558,2022-04-20,C0181,P007,3,0.0,Online,1560.96,1003.95,557.01
ORD00371,2022-04-20,C0189,P005,1,0.0,Retail,525.45,244.43,281.02
ORD01972,2022-04-20,C0212,P009,2,0.05,Wholesale,471.69,257.3,214.39
ORD02138,2022-04-20,C0368,P007,2,0.1,Online,936.58,669.3,267.28
ORD04424,2022-04-20,C0278,P017,2,0.0,Online,172.52,70.74,101.78
ORD03764,2022-04-20,C0397,P017,4,0.0,Wholesale,345.04,141.48,203.56
ORD00348,2022-04-20,C0142,P005,3,0.0,Online,1576.35,733.29,843.06
ORD00802,2022-04-21,C0499,P016,1,0.0,Retail,371.55,246.94,124.61
ORD02548,2022-04-21,C0228,P009,3,0.1,Retail,670.3,385.95,284.35
ORD01959,2022-04-21,C0115,P016,2,0.15,Wholesale,631.64,493.88,137.76
ORD00548,2022-04-21,C0383,P010,2,0.15,Online,500.43,356.92,143.51
ORD03082,2022-04-21,C0412,P006,2,0.0,Direct Sales,88.84,36.06,52.78
ORD02797,2022-04-21,C0298,P004,1,0.0,Wholesale,76.38,32.65,43.73
ORD00458,2022-04-21,C0027,P007,1,0.0,Retail,520.32,334.65,185.67
ORD01621,2022-04-21,C0250,P015,1,0.15,Retail,277.77,241.04,36.73
ORD03448,2022-04-22,C0208,P012,1,0.2,Retail,172.49,123.94,48.55
ORD04052,2022-04-22,C0488,P005,3,0.0,Retail,1576.35,733.29,843.06
ORD00017,2022-04-22,C0354,P007,3,0.0,Online,1560.96,1003.95,557.01
ORD04152,2022-04-22,C0137,P010,1,0.0,Retail,294.37,178.46,115.91
ORD01240,2022-04-22,C0427,P002,2,0.05,Wholesale,1133.14,590.96,542.18
ORD00464,2022-04-22,C0393,P012,5,0.05,Direct Sales,1024.15,619.7,404.45
ORD03319,2022-04-23,C0418,P003,1,0.05,Online,100.1,70.85,29.25
ORD02105,2022-04-23,C0277,P002,2,0.05,Online,1133.14,590.96,542.18
ORD02378,2022-04-23,C0008,P009,1,0.05,Retail,235.85,128.65,107.2
ORD02961,2022-04-23,C0145,P001,2,0.0,Wholesale,761.88,312.14,449.74
ORD01604,2022-04-24,C0334,P012,3,0.05,Wholesale,614.49,371.82,242.67
ORD02502,2022-04-24,C0094,P005,4,0.0,Wholesale,2101.8,977.72,1124.08
ORD01017,2022-04-24,C0418,P001,1,0.0,Wholesale,380.94,156.07,224.87
ORD01275,2022-04-25,C0221,P004,3,0.15,Online,194.77,97.95,96.82
ORD04743,2022-04-25,C0496,P013,2,0.0,Retail,842.48,375.74,466.74
ORD04161,2022-04-25,C0330,P001,2,0.0,Wholesale,761.88,312.14,449.74
ORD03645,2022-04-25,C0074,P002,1,0.15,Online,506.93,295.48,211.45
ORD04288,2022-04-25,C0081,P010,1,0.15,Online,250.21,178.46,71.75
ORD02029,2022-04-25,C0182,P004,3,0.2,Retail,183.31,97.95,85.36
ORD00868,2022-04-26,C0061,P016,1,0.05,Wholesale,352.97,246.94,106.03
ORD04662,2022-04-26,C0272,P001,1,0.1,Direct Sales,342.85,156.07,186.78
ORD04783,2022-04-26,C0500,P015,3,0.1,Direct Sales,882.33,723.12,159.21
ORD02581,2022-04-26,C0193,P009,2,0.0,Retail,496.52,257.3,239.22
ORD00369,2022-04-26,C0402,P016,2,0.15,Direct Sales,631.64,493.88,137.76
ORD00413,2022-04-26,C0496,P010,2,0.15,Wholesale,500.43,356.92,143.51
ORD02546,2022-04-27,C0037,P014,1,0.0,Wholesale,168.45,87.87,80.58
ORD00233,2022-04-27,C0137,P012,1,0.0,Wholesale,215.61,123.94,91.67
ORD01333,2022-04-27,C0093,P018,1,0.0,Retail,877.61,386.6,491.01
ORD02614,2022-04-28,C0078,P006,1,0.1,Retail,39.98,18.03,21.95
ORD02209,2022-04-28,C0227,P002,2,0.1,Online,1073.5,590.96,482.54
ORD02768,2022-04-28,C0448,P016,1,0.0,Retail,371.55,246.94,124.61
ORD04524,2022-04-29,C0287,P018,1,0.0,Online,877.61,386.6,491.01
ORD03845,2022-04-29,C0030,P002,1,0.0,Retail,596.39,295.48,300.91
ORD01926,2022-04-29,C0023,P019,2,0.15,Direct Sales,310.32,257.6,52.72
ORD00769,2022-04-29,C0064,P019,3,0.0,Wholesale,547.62,386.4,161.22
ORD00617,2022-04-30,C0380,P011,2,0.0,Retail,729.64,497.24,232.4
ORD00395,2022-04-30,C0198,P013,2,0.0,Retail,842.48,375.74,466.74
ORD00732,2022-04-30,C0087,P020,1,0.0,Online,506.13,276.85,229.28
ORD01654,2022-04-30,C0379,P005,4,0.0,Direct Sales,2101.8,977.72,1124.08
ORD02662,2022-04-30,C0016,P007,1,0.0,Retail,520.32,334.65,185.67
ORD01192,2022-05-01,C0016,P005,3,0.15,Wholesale,1339.9,733.29,606.61
ORD01151,2022-05-01,C0154,P005,1,0.05,Retail,499.18,244.43,254.75
ORD02231,2022-05-01,C0383,P016,4,0.0,Retail,1486.2,987.76,498.44
ORD03684,2022-05-01,C0325,P009,2,0.0,Wholesale,496.52,257.3,239.22
ORD01269,2022-05-01,C0223,P008,1,0.0,Online,122.99,80.91,42.08
ORD04121,2022-05-02,C0450,P002,3,0.0,Direct Sales,1789.17,886.44,902.73
ORD01644,2022-05-02,C0072,P011,4,0.0,Wholesale,1459.28,994.48,464.8
ORD03668,2022-05-02,C0166,P018,1,0.1,Wholesale,789.85,386.6,403.25
ORD02808,2022-05-02,C0145,P002,4,0.1,Direct Sales,2147.0,1181.92,965.08
ORD03907,2022-05-03,C0263,P003,1,0.1,Wholesale,94.83,70.85,23.98
ORD04751,2022-05-03,C0078,P007,3,0.0,Retail,1560.96,1003.95,557.01
ORD04084,2022-05-03,C0265,P016,1,0.05,Wholesale,352.97,246.94,106.03
ORD03047,2022-05-03,C0422,P003,1,0.2,Online,84.3,70.85,13.45
ORD00378,2022-05-03,C0044,P010,4,0.05,Online,1118.61,713.84,404.77
ORD00387,2022-05-03,C0074,P012,1,0.0,Retail,215.61,123.94,91.67
ORD01834,2022-05-04,C0131,P016,3,0.15,Online,947.45,740.82,206.63
ORD02836,2022-05-04,C0404,P012,1,0.15,Wholesale,183.27,123.94,59.33
ORD03745,2022-05-04,C0112,P019,2,0.05,Online,346.83,257.6,89.23
ORD03790,2022-05-04,C0263,P002,3,0.0,Wholesale,1789.17,886.44,902.73
ORD01365,2022-05-04,C0082,P002,1,0.15,Online,506.93,295.48,211.45
ORD01021,2022-05-05,C0034,P007,5,0.15,Direct Sales,2211.36,1673.25,538.11
ORD04383,2022-05-05,C0046,P017,1,0.0,Wholesale,86.26,35.37,50.89
ORD00780,2022-05-05,C0433,P009,1,0.1,Wholesale,223.43,128.65,94.78
ORD03396,2022-05-06,C0020,P004,1,0.05,Online,72.56,32.65,39.91
ORD02183,2022-05-06,C0074,P003,2,0.2,Wholesale,168.59,141.7,26.89
ORD00403,2022-05-06,C0205,P003,1,0.05,Online,100.1,70.85,29.25
ORD01378,2022-05-06,C0324,P009,4,0.0,Online,993.04,514.6,478.44
ORD03757,2022-05-06,C0090,P012,1,0.0,Online,215.61,123.94,91.67
ORD00202,2022-05-07,C0268,P012,2,0.05,Retail,409.66,247.88,161.78
ORD02616,2022-05-07,C0217,P006,1,0.0,Online,44.42,18.03,26.39
ORD02606,2022-05-07,C0146,P009,1,0.15,Retail,211.02,128.65,82.37
ORD03400,2022-05-07,C0448,P010,1,0.0,Wholesale,294.37,178.46,115.91
ORD01346,2022-05-07,C0461,P002,3,0.0,Online,1789.17,886.44,902.73
ORD00351,2022-05-08,C0111,P015,3,0.0,Wholesale,980.37,723.12,257.25
ORD02196,2022-05-08,C0306,P003,1,0.0,Direct Sales,105.37,70.85,34.52
ORD02905,2022-05-08,C0396,P018,1,0.05,Retail,833.73,386.6,447.13
ORD04588,2022-05-08,C0420,P008,1,0.0,Direct Sales,122.99,80.91,42.08
ORD02810,2022-05-08,C0451,P009,2,0.05,Wholesale,471.69,257.3,214.39
ORD01163,2022-05-09,C0061,P013,1,0.15,Online,358.05,187.87,170.18
ORD04059,2022-05-09,C0101,P012,4,0.0,Retail,862.44,495.76,366.68
ORD03568,2022-05-09,C0357,P016,3,0.0,Retail,1114.65,740.82,373.83
ORD03163,2022-05-09,C0174,P007,3,0.1,Direct Sales,1404.86,1003.95,400.91
ORD03690,2022-05-09,C0425,P002,3,0.0,Online,1789.17,886.44,902.73
ORD00488,2022-05-09,C0071,P002,2,0.05,Retail,1133.14,590.96,542.18
ORD01725,2022-05-10,C0175,P003,3,0.0,Online,316.11,212.55,103.56
ORD02481,2022-05-10,C0202,P005,1,0.0,Online,525.45,244.43,281.02
ORD00141,2022-05-10,C0113,P020,4,0.15,Online,1720.84,1107.4,613.44
ORD04184,2022-05-10,C0315,P002,1,0.15,Direct Sales,506.93,295.48,211.45
ORD02648,2022-05-10,C0341,P005,3,0.0,Wholesale,1576.35,733.29,843.06
ORD00894,2022-05-10,C0300,P009,1,0.0,Online,248.26,128.65,119.61
ORD02484,2022-05-10,C0322,P016,1,0.05,Wholesale,352.97,246.94,106.03
ORD03882,2022-05-11,C0460,P009,1,0.0,Wholesale,248.26,128.65,119.61
ORD02952,2022-05-11,C0143,P010,2,0.0,Direct Sales,588.74,356.92,231.82
ORD01917,2022-05-11,C0406,P014,1,0.1,Online,151.6,87.87,63.73
ORD00661,2022-05-11,C0187,P015,2,0.1,Direct Sales,588.22,482.08,106.14
ORD03698,2022-05-12,C0307,P008,3,0.0,Online,368.97,242.73,126.24
ORD02271,2022-05-12,C0064,P003,2,0.0,Wholesale,210.74,141.7,69.04
ORD03653,2022-05-13,C0217,P013,1,0.0,Retail,421.24,187.87,233.37
ORD02320,2022-05-13,C0081,P013,3,0.1,Retail,1137.35,563.61,573.74
ORD04203,2022-05-13,C0348,P010,2,0.0,Online,588.74,356.92,231.82
ORD04708,2022-05-13,C0303,P013,1,0.0,Retail,421.24,187.87,233.37
ORD01711,2022-05-13,C0244,P011,5,0.1,Wholesale,1641.69,1243.1,398.59
ORD00524,2022-05-13,C0360,P011,3,0.0,Direct Sales,1094.46,745.86,348.6
ORD04325,2022-05-13,C0417,P006,2,0.0,Wholesale,88.84,36.06,52.78
ORD04239,2022-05-14,C0378,P019,3,0.15,Direct Sales,465.48,386.4,79.08
ORD01733,2022-05-14,C0318,P013,3,0.0,Direct Sales,1263.72,563.61,700.11
ORD00551,2022-05-14,C0474,P011,1,0.05,Retail,346.58,248.62,97.96
ORD04017,2022-05-14,C0371,P017,2,0.05,Direct Sales,163.89,70.74,93.15
ORD04926,2022-05-14,C0210,P006,2,0.0,Online,88.84,36.06,52.78
ORD04246,2022-05-15,C0499,P019,2,0.2,Online,292.06,257.6,34.46
ORD00945,2022-05-15,C0239,P006,2,0.15,Retail,75.51,36.06,39.45
ORD02143,2022-05-15,C0235,P014,1,0.2,Retail,134.76,87.87,46.89
ORD02387,2022-05-15,C0251,P002,1,0.1,Retail,536.75,295.48,241.27
ORD04850,2022-05-16,C0311,P019,4,0.0,Retail,730.16,515.2,214.96
ORD03860,2022-05-16,C0076,P019,5,0.1,Direct Sales,821.43,644.0,177.43
ORD03257,2022-05-16,C0205,P013,3,0.0,Retail,1263.72,563.61,700.11
ORD02872,2022-05-16,C0016,P018,1,0.2,Direct Sales,702.09,386.6,315.49
ORD03051,2022-05-16,C0372,P018,1,0.1,Online,789.85,386.6,403.25
ORD01632,2022-05-17,C0157,P008,1,0.1,Online,110.69,80.91,29.78
ORD00068,2022-05-17,C0304,P006,1,0.05,Retail,42.2,18.03,24.17
ORD00979,2022-05-17,C0336,P010,1,0.0,Wholesale,294.37,178.46,115.91
ORD02377,2022-05-17,C0224,P005,2,0.05,Online,998.36,488.86,509.5
ORD01753,2022-05-18,C0287,P011,3,0.05,Direct Sales,1039.74,745.86,293.88
ORD04111,2022-05-18,C0088,P004,4,0.0,Wholesale,305.52,130.6,174.92
ORD04144,2022-05-18,C0203,P020,2,0.1,Retail,911.03,553.7,357.33
ORD00633,2022-05-18,C0081,P015,1,0.2,Retail,261.43,241.04,20.39
ORD04736,2022-05-18,C0352,P001,2,0.0,Retail,761.88,312.14,449.74
ORD03339,2022-05-19,C0490,P005,1,0.0,Retail,525.45,244.43,281.02
ORD03440,2022-05-19,C0308,P014,1,0.0,Online,168.45,87.87,80.58
ORD01198,2022-05-19,C0469,P004,2,0.1,Direct Sales,137.48,65.3,72.18
ORD01919,2022-05-19,C0228,P012,2,0.0,Wholesale,431.22,247.88,183.34
ORD00095,2022-05-19,C0148,P001,1,0.05,Online,361.89,156.07,205.82
ORD04589,2022-05-19,C0246,P001,2,0.15,Online,647.6,312.14,335.46
ORD02590,2022-05-19,C0306,P009,1,0.0,Wholesale,248.26,128.65,119.61
ORD01712,2022-05-19,C0160,P011,5,0.0,Wholesale,1824.1,1243.1,581.0
ORD04526,2022-05-20,C0391,P003,1,0.15,Wholesale,89.56,70.85,18.71
ORD00184,2022-05-20,C0135,P017,1,0.15,Online,73.32,35.37,37.95
ORD00187,2022-05-20,C0069,P003,2,0.1,Direct Sales,189.67,141.7,47.97
ORD01511,2022-05-21,C0216,P008,2,0.15,Online,209.08,161.82,47.26
ORD02578,2022-05-21,C0045,P010,1,0.0,Retail,294.37,178.46,115.91
ORD01922,2022-05-22,C0439,P016,1,0.1,Retail,334.4,246.94,87.46
ORD01229,2022-05-22,C0093,P020,1,0.0,Wholesale,506.13,276.85,229.28
ORD01128,2022-05-22,C0274,P003,1,0.1,Retail,94.83,70.85,23.98
ORD00156,2022-05-22,C0375,P009,4,0.0,Wholesale,993.04,514.6,478.44
ORD04116,2022-05-22,C0409,P015,4,0.2,Wholesale,1045.73,964.16,81.57
ORD00418,2022-05-23,C0416,P008,2,0.0,Retail,245.98,161.82,84.16
ORD01557,2022-05-23,C0268,P017,4,0.0,Direct Sales,345.04,141.48,203.56
ORD03373,2022-05-23,C0172,P018,1,0.05,Online,833.73,386.6,447.13
ORD01251,2022-05-23,C0058,P017,3,0.0,Retail,258.78,106.11,152.67
ORD04409,2022-05-24,C0113,P011,1,0.1,Retail,328.34,248.62,79.72
ORD03576,2022-05-24,C0227,P002,2,0.0,Online,1192.78,590.96,601.82
ORD03431,2022-05-24,C0284,P010,5,0.15,Retail,1251.07,892.3,358.77
ORD02957,2022-05-25,C0462,P006,3,0.05,Direct Sales,126.6,54.09,72.51
ORD03883,2022-05-25,C0490,P013,2,0.0,Online,842.48,375.74,466.74
ORD02967,2022-05-25,C0484,P006,1,0.1,Direct Sales,39.98,18.03,21.95
ORD01294,2022-05-25,C0376,P009,1,0.2,Retail,198.61,128.65,69.96
ORD03380,2022-05-26,C0441,P020,1,0.0,Online,506.13,276.85,229.28
ORD03979,2022-05-28,C0320,P008,1,0.0,Direct Sales,122.99,80.91,42.08
ORD03090,2022-05-29,C0417,P012,1,0.15,Retail,183.27,123.94,59.33
ORD04467,2022-05-29,C0387,P002,3,0.0,Wholesale,1789.17,886.44,902.73
ORD02506,2022-05-29,C0112,P003,1,0.0,Online,105.37,70.85,34.52
ORD00810,2022-05-29,C0311,P008,3,0.0,Wholesale,368.97,242.73,126.24
ORD04175,2022-05-30,C0308,P001,1,0.05,Online,361.89,156.07,205.82
ORD02533,2022-05-30,C0408,P006,1,0.0,Online,44.42,18.03,26.39
ORD00594,2022-05-30,C0239,P005,4,0.0,Online,2101.8,977.72,1124.08
ORD02915,2022-05-30,C0339,P006,1,0.1,Online,39.98,18.03,21.95
ORD02597,2022-05-30,C0242,P003,2,0.0,Retail,210.74,141.7,69.04
ORD01082,2022-05-30,C0491,P008,1,0.15,Wholesale,104.54,80.91,23.63
ORD00783,2022-05-31,C0345,P020,2,0.1,Retail,911.03,553.7,357.33
ORD01930,2022-05-31,C0224,P013,2,0.0,Wholesale,842.48,375.74,466.74
ORD01636,2022-06-01,C0216,P009,2,0.0,Direct Sales,496.52,257.3,239.22
ORD00747,2022-06-01,C0024,P018,1,0.0,Online,877.61,386.6,491.01
ORD00721,2022-06-01,C0366,P014,3,0.05,Retail,480.08,263.61,216.47
ORD02556,2022-06-01,C0302,P005,2,0.05,Online,998.36,488.86,509.5
ORD00249,2022-06-01,C0009,P014,3,0.1,Online,454.82,263.61,191.21
ORD01923,2022-06-01,C0116,P018,2,0.0,Wholesale,1755.22,773.2,982.02
ORD02087,2022-06-01,C0150,P017,3,0.0,Online,258.78,106.11,152.67
ORD04546,2022-06-02,C0282,P001,1,0.05,Retail,361.89,156.07,205.82
ORD01569,2022-06-02,C0101,P004,1,0.0,Wholesale,76.38,32.65,43.73
ORD03740,2022-06-02,C0014,P012,1,0.1,Retail,194.05,123.94,70.11
ORD01446,2022-06-03,C0386,P020,3,0.0,Retail,1518.39,830.55,687.84
ORD02997,2022-06-03,C0478,P017,4,0.05,Direct Sales,327.79,141.48,186.31
ORD03161,2022-06-03,C0292,P011,4,0.1,Online,1313.35,994.48,318.87
ORD01336,2022-06-03,C0320,P010,1,0.05,Online,279.65,178.46,101.19
ORD02318,2022-06-04,C0289,P009,2,0.05,Retail,471.69,257.3,214.39
ORD02695,2022-06-04,C0292,P003,1,0.0,Retail,105.37,70.85,34.52
ORD02368,2022-06-04,C0496,P010,2,0.15,Wholesale,500.43,356.92,143.51
ORD01532,2022-06-04,C0269,P009,1,0.0,Retail,248.26,128.65,119.61
ORD03385,2022-06-04,C0284,P018,5,0.15,Direct Sales,3729.84,1933.0,1796.84
ORD04733,2022-06-05,C0244,P005,2,0.05,Online,998.36,488.86,509.5
ORD02741,2022-06-05,C0054,P019,1,0.0,Online,182.54,128.8,53.74
ORD03656,2022-06-05,C0373,P012,4,0.0,Online,862.44,495.76,366.68
ORD03867,2022-06-05,C0430,P001,1,0.05,Direct Sales,361.89,156.07,205.82
ORD03743,2022-06-06,C0261,P018,4,0.1,Online,3159.4,1546.4,1613.0
ORD03927,2022-06-06,C0498,P010,1,0.0,Retail,294.37,178.46,115.91
ORD01448,2022-06-06,C0131,P005,2,0.0,Retail,1050.9,488.86,562.04
ORD04283,2022-06-06,C0073,P008,3,0.05,Wholesale,350.52,242.73,107.79
ORD03152,2022-06-07,C0154,P001,2,0.05,Online,723.79,312.14,411.65
ORD00195,2022-06-07,C0383,P016,1,0.0,Retail,371.55,246.94,124.61
ORD04173,2022-06-07,C0016,P017,1,0.05,Retail,81.95,35.37,46.58
ORD03915,2022-06-08,C0115,P012,1,0.05,Online,204.83,123.94,80.89
ORD01137,2022-06-08,C0335,P007,1,0.0,Direct Sales,520.32,334.65,185.67
ORD02426,2022-06-09,C0311,P012,2,0.05,Wholesale,409.66,247.88,161.78
ORD02726,2022-06-09,C0390,P016,1,0.0,Retail,371.55,246.94,124.61
ORD01817,2022-06-09,C0065,P019,1,0.0,Online,182.54,128.8,53.74
ORD04451,2022-06-10,C0032,P011,4,0.0,Online,1459.28,994.48,464.8
ORD00149,2022-06-10,C0336,P010,4,0.05,Online,1118.61,713.84,404.77
ORD03378,2022-06-11,C0247,P003,3,0.1,Wholesale,284.5,212.55,71.95
ORD01337,2022-06-11,C0064,P013,1,0.0,Wholesale,421.24,187.87,233.37
ORD03226,2022-06-11,C0187,P011,1,0.0,Direct Sales,364.82,248.62,116.2
ORD03481,2022-06-11,C0066,P010,1,0.05,Online,279.65,178.46,101.19
ORD03116,2022-06-11,C0186,P017,1,0.0,Wholesale,86.26,35.37,50.89
ORD01147,2022-06-12,C0234,P017,1,0.05,Retail,81.95,35.37,46.58
ORD03329,2022-06-12,C0041,P009,1,0.1,Direct Sales,223.43,128.65,94.78
ORD01829,2022-06-12,C0392,P002,3,0.0,Direct Sales,1789.17,886.44,902.73
ORD00855,2022-06-13,C0458,P012,2,0.15,Online,366.54,247.88,118.66
ORD04616,2022-06-13,C0445,P008,2,0.05,Online,233.68,161.82,71.86
ORD02245,2022-06-14,C0404,P014,3,0.0,Wholesale,505.35,263.61,241.74
ORD04615,2022-06-14,C0191,P004,1,0.2,Online,61.1,32.65,28.45
ORD01944,2022-06-14,C0446,P017,1,0.05,Online,81.95,35.37,46.58
ORD01150,2022-06-15,C0297,P014,2,0.0,Online,336.9,175.74,161.16
ORD01929,2022-06-15,C0243,P018,1,0.15,Wholesale,745.97,386.6,359.37
ORD01741,2022-06-15,C0245,P007,1,0.0,Wholesale,520.32,334.65,185.67
ORD01848,2022-06-15,C0237,P016,4,0.0,Retail,1486.2,987.76,498.44
ORD04933,2022-06-16,C0165,P009,4,0.0,Wholesale,993.04,514.6,478.44
ORD04920,2022-06-16,C0318,P009,1,0.0,Wholesale,248.26,128.65,119.61
ORD01238,2022-06-16,C0304,P001,1,0.05,Wholesale,361.89,156.07,205.82
ORD01404,2022-06-16,C0451,P002,1,0.05,Online,566.57,295.48,271.09
ORD02267,2022-06-17,C0331,P001,1,0.05,Retail,361.89,156.07,205.82
ORD01121,2022-06-17,C0312,P004,1,0.0,Wholesale,76.38,32.65,43.73
ORD04781,2022-06-17,C0062,P006,2,0.0,Retail,88.84,36.06,52.78
ORD00835,2022-06-18,C0190,P005,5,0.0,Wholesale,2627.25,1222.15,1405.1
ORD00344,2022-06-18,C0269,P015,1,0.0,Retail,326.79,241.04,85.75
ORD04572,2022-06-18,C0116,P006,1,0.0,Online,44.42,18.03,26.39
ORD00527,2022-06-20,C0362,P017,1,0.0,Retail,86.26,35.37,50.89
ORD03503,2022-06-20,C0241,P007,1,0.0,Online,520.32,334.65,185.67
ORD04242,2022-06-20,C0114,P016,1,0.0,Retail,371.55,246.94,124.61
ORD04104,2022-06-20,C0070,P006,1,0.0,Online,44.42,18.03,26.39
ORD04841,2022-06-20,C0360,P003,1,0.2,Retail,84.3,70.85,13.45
ORD01127,2022-06-20,C0449,P009,4,0.0,Wholesale,993.04,514.6,478.44
ORD03662,2022-06-21,C0132,P011,2,0.0,Direct Sales,729.64,497.24,232.4
ORD01863,2022-06-21,C0194,P016,2,0.0,Online,743.1,493.88,249.22
ORD04566,2022-06-21,C0240,P016,4,0.05,Retail,1411.89,987.76,424.13
ORD00485,2022-06-21,C0058,P003,1,0.1,Direct Sales,94.83,70.85,23.98
ORD03828,2022-06-22,C0469,P003,2,0.1,Online,189.67,141.7,47.97
ORD03067,2022-06-22,C0395,P014,4,0.05,Direct Sales,640.11,351.48,288.63
ORD02729,2022-06-22,C0253,P001,1,0.0,Retail,380.94,156.07,224.87
ORD02193,2022-06-22,C0103,P017,1,0.1,Online,77.63,35.37,42.26
ORD04150,2022-06-22,C0121,P011,5,0.0,Retail,1824.1,1243.1,581.0
ORD02921,2022-06-22,C0227,P010,3,0.05,Retail,838.95,535.38,303.57
ORD01138,2022-06-22,C0183,P014,1,0.15,Online,143.18,87.87,55.31
ORD01081,2022-06-23,C0008,P006,1,0.05,Online,42.2,18.03,24.17
ORD02981,2022-06-23,C0092,P020,1,0.0,Online,506.13,276.85,229.28
ORD02596,2022-06-23,C0404,P016,1,0.1,Retail,334.4,246.94,87.46
ORD00061,2022-06-23,C0258,P010,2,0.05,Retail,559.3,356.92,202.38
ORD01012,2022-06-23,C0069,P004,2,0.1,Online,137.48,65.3,72.18
ORD01413,2022-06-23,C0143,P009,2,0.0,Online,496.52,257.3,239.22
ORD04120,2022-06-24,C0293,P012,2,0.0,Wholesale,431.22,247.88,183.34
ORD01639,2022-06-24,C0049,P019,2,0.15,Retail,310.32,257.6,52.72
ORD00538,2022-06-24,C0009,P012,1,0.0,Wholesale,215.61,123.94,91.67
ORD04201,2022-06-24,C0056,P009,1,0.1,Retail,223.43,128.65,94.78
ORD03084,2022-06-24,C0486,P018,1,0.0,Online,877.61,386.6,491.01
ORD02199,2022-06-25,C0456,P017,1,0.2,Retail,69.01,35.37,33.64
ORD03660,2022-06-25,C0388,P011,1,0.1,Direct Sales,328.34,248.62,79.72
ORD03282,2022-06-26,C0493,P009,1,0.05,Retail,235.85,128.65,107.2
ORD03627,2022-06-26,C0319,P007,1,0.15,Retail,442.27,334.65,107.62
ORD01227,2022-06-26,C0159,P005,1,0.0,Direct Sales,525.45,244.43,281.02
ORD03424,2022-06-26,C0224,P001,4,0.15,Direct Sales,1295.2,624.28,670.92
ORD01990,2022-06-26,C0295,P020,2,0.0,Online,1012.26,553.7,458.56
ORD04972,2022-06-27,C0257,P008,1,0.0,Retail,122.99,80.91,42.08
ORD04418,2022-06-27,C0160,P012,1,0.15,Online,183.27,123.94,59.33
ORD04755,2022-06-28,C0025,P014,3,0.0,Retail,505.35,263.61,241.74
ORD02714,2022-06-28,C0491,P013,1,0.1,Wholesale,379.12,187.87,191.25
ORD03573,2022-06-29,C0128,P001,2,0.0,Retail,761.88,312.14,449.74
ORD02417,2022-06-29,C0481,P009,3,0.0,Direct Sales,744.78,385.95,358.83
ORD03334,2022-06-29,C0124,P018,2,0.05,Direct Sales,1667.46,773.2,894.26
ORD03474,2022-06-29,C0176,P010,1,0.0,Wholesale,294.37,178.46,115.91
ORD01530,2022-06-30,C0287,P018,1,0.0,Direct Sales,877.61,386.6,491.01
ORD04388,2022-06-30,C0229,P011,1,0.0,Direct Sales,364.82,248.62,116.2
ORD04584,2022-07-01,C0076,P018,2,0.0,Retail,1755.22,773.2,982.02
ORD03989,2022-07-01,C0149,P014,1,0.0,Retail,168.45,87.87,80.58
ORD00708,2022-07-01,C0052,P014,1,0.05,Online,160.03,87.87,72.16
ORD00251,2022-07-01,C0247,P007,1,0.0,Retail,520.32,334.65,185.67
ORD01562,2022-07-01,C0215,P015,1,0.1,Online,294.11,241.04,53.07
ORD02862,2022-07-01,C0096,P018,2,0.05,Wholesale,1667.46,773.2,894.26
ORD02131,2022-07-02,C0418,P008,4,0.0,Online,491.96,323.64,168.32
ORD01597,2022-07-02,C0294,P013,3,0.0,Retail,1263.72,563.61,700.11
ORD04877,2022-07-02,C0123,P004,1,0.0,Retail,76.38,32.65,43.73
ORD01975,2022-07-02,C0279,P014,1,0.05,Wholesale,160.03,87.87,72.16
ORD00121,2022-07-02,C0024,P005,2,0.1,Online,945.81,488.86,456.95
ORD00049,2022-07-03,C0021,P006,3,0.1,Direct Sales,119.93,54.09,65.84
ORD00220,2022-07-03,C0253,P008,1,0.0,Retail,122.99,80.91,42.08
ORD00410,2022-07-03,C0231,P020,5,0.05,Retail,2404.12,1384.25,1019.87
ORD02480,2022-07-03,C0020,P011,2,0.0,Online,729.64,497.24,232.4
ORD00859,2022-07-03,C0065,P017,2,0.15,Wholesale,146.64,70.74,75.9
ORD02515,2022-07-03,C0229,P019,1,0.0,Retail,182.54,128.8,53.74
ORD00838,2022-07-03,C0290,P005,4,0.0,Online,2101.8,977.72,1124.08
ORD01435,2022-07-04,C0297,P008,4,0.0,Retail,491.96,323.64,168.32
ORD02786,2022-07-04,C0479,P019,5,0.0,Direct Sales,912.7,644.0,268.7
ORD04270,2022-07-05,C0459,P014,4,0.0,Direct Sales,673.8,351.48,322.32
ORD04600,2022-07-05,C0055,P017,4,0.1,Retail,310.54,141.48,169.06
ORD04421,2022-07-05,C0500,P006,1,0.1,Retail,39.98,18.03,21.95
ORD04336,2022-07-05,C0452,P011,1,0.0,Wholesale,364.82,248.62,116.2
ORD01429,2022-07-06,C0127,P016,5,0.0,Direct Sales,1857.75,1234.7,623.05
ORD03788,2022-07-06,C0024,P007,4,0.05,Online,1977.22,1338.6,638.62
ORD01809,2022-07-06,C0240,P007,1,0.05,Online,494.3,334.65,159.65
ORD04911,2022-07-06,C0381,P007,1,0.0,Online,520.32,334.65,185.67
ORD00440,2022-07-06,C0436,P010,1,0.2,Wholesale,235.5,178.46,57.04
ORD04113,2022-07-07,C0238,P008,4,0.05,Online,467.36,323.64,143.72
ORD03295,2022-07-08,C0447,P006,1,0.05,Retail,42.2,18.03,24.17
ORD03135,2022-07-08,C0120,P015,2,0.2,Online,522.86,482.08,40.78
ORD01745,2022-07-08,C0411,P004,2,0.1,Retail,137.48,65.3,72.18
ORD04765,2022-07-08,C0436,P016,3,0.0,Wholesale,1114.65,740.82,373.83
ORD03720,2022-07-08,C0019,P019,1,0.0,Direct Sales,182.54,128.8,53.74
ORD00993,2022-07-08,C0376,P008,3,0.05,Retail,350.52,242.73,107.79
ORD00314,2022-07-08,C0300,P007,1,0.0,Retail,520.32,334.65,185.67
ORD01186,2022-07-08,C0308,P008,2,0.0,Retail,245.98,161.82,84.16
ORD03035,2022-07-09,C0412,P020,4,0.0,Wholesale,2024.52,1107.4,917.12
ORD01469,2022-07-09,C0209,P015,5,0.15,Direct Sales,1388.86,1205.2,183.66
ORD01802,2022-07-09,C0288,P008,4,0.0,Online,491.96,323.64,168.32
ORD03205,2022-07-09,C0030,P017,1,0.1,Retail,77.63,35.37,42.26
ORD04896,2022-07-10,C0114,P004,1,0.05,Online,72.56,32.65,39.91
ORD01085,2022-07-10,C0265,P013,1,0.0,Online,421.24,187.87,233.37
ORD03776,2022-07-10,C0320,P016,2,0.05,Retail,705.94,493.88,212.06
ORD02852,2022-07-10,C0467,P016,4,0.0,Retail,1486.2,987.76,498.44
ORD04678,2022-07-10,C0185,P019,1,0.0,Wholesale,182.54,128.8,53.74
ORD03070,2022-07-10,C0256,P012,3,0.05,Online,614.49,371.82,242.67
ORD00319,2022-07-11,C0276,P009,2,0.2,Retail,397.22,257.3,139.92
ORD02665,2022-07-11,C0404,P015,1,0.05,Retail,310.45,241.04,69.41
ORD02925,2022-07-11,C0368,P004,3,0.2,Retail,183.31,97.95,85.36
ORD01423,2022-07-11,C0343,P009,4,0.0,Online,993.04,514.6,478.44
ORD02691,2022-07-12,C0211,P003,3,0.0,Retail,316.11,212.55,103.56
ORD00114,2022-07-12,C0352,P015,1,0.0,Retail,326.79,241.04,85.75
ORD03169,2022-07-12,C0172,P005,1,0.0,Wholesale,525.45,244.43,281.02
ORD00338,2022-07-12,C0005,P014,2,0.0,Wholesale,336.9,175.74,161.16
ORD02509,2022-07-12,C0421,P004,1,0.0,Retail,76.38,32.65,43.73
ORD00489,2022-07-12,C0384,P007,5,0.0,Online,2601.6,1673.25,928.35
ORD01974,2022-07-12,C0470,P006,2,0.2,Retail,71.07,36.06,35.01
ORD00567,2022-07-13,C0043,P001,1,0.0,Wholesale,380.94,156.07,224.87
ORD04978,2022-07-13,C0472,P015,2,0.0,Retail,653.58,482.08,171.5
ORD04024,2022-07-13,C0024,P008,1,0.2,Retail,98.39,80.91,17.48
ORD00487,2022-07-13,C0024,P001,1,0.05,Wholesale,361.89,156.07,205.82
ORD04406,2022-07-13,C0433,P019,1,0.1,Online,164.29,128.8,35.49
ORD03978,2022-07-13,C0408,P001,2,0.0,Online,761.88,312.14,449.74
ORD04687,2022-07-13,C0081,P004,1,0.0,Wholesale,76.38,32.65,43.73
ORD04535,2022-07-14,C0280,P004,1,0.0,Wholesale,76.38,32.65,43.73
ORD00222,2022-07-14,C0323,P019,3,0.0,Direct Sales,547.62,386.4,161.22
ORD00566,2022-07-14,C0088,P004,5,0.15,Direct Sales,324.61,163.25,161.36
ORD02707,2022-07-14,C0308,P014,5,0.0,Direct Sales,842.25,439.35,402.9
ORD01018,2022-07-15,C0136,P013,5,0.05,Online,2000.89,939.35,1061.54
ORD03560,2022-07-16,C0155,P007,1,0.05,Direct Sales,494.3,334.65,159.65
ORD00714,2022-07-16,C0295,P014,2,0.15,Wholesale,286.36,175.74,110.62
ORD03330,2022-07-16,C0196,P018,5,0.0,Wholesale,4388.05,1933.0,2455.05
ORD01422,2022-07-16,C0181,P002,4,0.0,Wholesale,2385.56,1181.92,1203.64
ORD01638,2022-07-16,C0225,P018,1,0.0,Wholesale,877.61,386.6,491.01
ORD01552,2022-07-16,C0307,P006,2,0.2,Online,71.07,36.06,35.01
ORD03919,2022-07-17,C0379,P006,1,0.05,Direct Sales,42.2,18.03,24.17
ORD02015,2022-07-17,C0228,P015,3,0.0,Wholesale,980.37,723.12,257.25
ORD01755,2022-07-17,C0463,P018,2,0.0,Wholesale,1755.22,773.2,982.02
ORD01738,2022-07-17,C0461,P005,2,0.05,Wholesale,998.36,488.86,509.5
ORD04929,2022-07-17,C0067,P004,1,0.2,Direct Sales,61.1,32.65,28.45
ORD03482,2022-07-17,C0269,P012,1,0.0,Wholesale,215.61,123.94,91.67
ORD03168,2022-07-18,C0225,P009,1,0.0,Online,248.26,128.65,119.61
ORD00295,2022-07-18,C0303,P007,1,0.15,Direct Sales,442.27,334.65,107.62
ORD03034,2022-07-18,C0111,P010,3,0.0,Direct Sales,883.11,535.38,347.73
ORD04296,2022-07-18,C0285,P002,1,0.05,Online,566.57,295.48,271.09
ORD00813,2022-07-18,C0458,P014,1,0.0,Retail,168.45,87.87,80.58
ORD02101,2022-07-18,C0380,P011,1,0.15,Wholesale,310.1,248.62,61.48
ORD04292,2022-07-18,C0372,P004,3,0.0,Retail,229.14,97.95,131.19
ORD03018,2022-07-18,C0458,P014,3,0.0,Wholesale,505.35,263.61,241.74
ORD04062,2022-07-19,C0137,P013,1,0.05,Online,400.18,187.87,212.31
ORD01690,2022-07-19,C0490,P006,4,0.1,Retail,159.91,72.12,87.79
ORD02766,2022-07-19,C0391,P020,2,0.0,Online,1012.26,553.7,458.56
ORD02934,2022-07-20,C0053,P008,3,0.05,Retail,350.52,242.73,107.79
ORD01144,2022-07-20,C0447,P018,1,0.0,Retail,877.61,386.6,491.01
ORD02230,2022-07-20,C0276,P005,1,0.0,Wholesale,525.45,244.43,281.02
ORD01904,2022-07-21,C0409,P019,2,0.0,Direct Sales,365.08,257.6,107.48
ORD04782,2022-07-22,C0114,P009,3,0.0,Wholesale,744.78,385.95,358.83
ORD02519,2022-07-22,C0317,P019,2,0.1,Online,328.57,257.6,70.97
ORD03608,2022-07-22,C0385,P005,1,0.05,Online,499.18,244.43,254.75
ORD03077,2022-07-22,C0056,P015,2,0.15,Wholesale,555.54,482.08,73.46
ORD04308,2022-07-23,C0037,P003,5,0.05,Online,500.51,354.25,146.26
ORD04438,2022-07-23,C0407,P014,5,0.1,Wholesale,758.02,439.35,318.67
ORD02632,2022-07-23,C0216,P020,3,0.0,Retail,1518.39,830.55,687.84
ORD02740,2022-07-23,C0341,P019,1,0.0,Retail,182.54,128.8,53.74
ORD00669,2022-07-23,C0351,P009,1,0.05,Online,235.85,128.65,107.2
ORD02744,2022-07-23,C0349,P020,2,0.0,Retail,1012.26,553.7,458.56
ORD02561,2022-07-23,C0068,P007,1,0.0,Retail,520.32,334.65,185.67
ORD04816,2022-07-24,C0067,P015,2,0.0,Retail,653.58,482.08,171.5
ORD00740,2022-07-24,C0194,P012,3,0.0,Online,646.83,371.82,275.01
ORD01308,2022-07-24,C0318,P006,2,0.15,Online,75.51,36.06,39.45
ORD04352,2022-07-24,C0141,P011,4,0.05,Retail,1386.32,994.48,391.84
ORD02747,2022-07-24,C0328,P010,1,0.0,Direct Sales,294.37,178.46,115.91
ORD01534,2022-07-24,C0071,P016,2,0.0,Online,743.1,493.88,249.22
ORD03127,2022-07-24,C0326,P004,3,0.1,Direct Sales,206.23,97.95,108.28
ORD04669,2022-07-24,C0392,P014,2,0.05,Direct Sales,320.05,175.74,144.31
ORD02418,2022-07-24,C0091,P006,2,0.1,Online,79.96,36.06,43.9
ORD04521,2022-07-25,C0464,P006,4,0.0,Online,177.68,72.12,105.56
ORD03973,2022-07-25,C0465,P012,1,0.05,Direct Sales,204.83,123.94,80.89
ORD04738,2022-07-25,C0144,P004,5,0.0,Direct Sales,381.9,163.25,218.65
ORD01541,2022-07-25,C0483,P008,1,0.05,Retail,116.84,80.91,35.93
ORD04354,2022-07-26,C0024,P012,1,0.05,Retail,204.83,123.94,80.89
ORD00356,2022-07-26,C0312,P003,2,0.0,Retail,210.74,141.7,69.04
ORD01824,2022-07-26,C0361,P001,3,0.0,Retail,1142.82,468.21,674.61
ORD04807,2022-07-26,C0206,P007,2,0.15,Retail,884.54,669.3,215.24
ORD01898,2022-07-27,C0092,P017,2,0.15,Retail,146.64,70.74,75.9
ORD04023,2022-07-27,C0092,P013,1,0.0,Online,421.24,187.87,233.37
ORD04220,2022-07-27,C0135,P001,3,0.1,Online,1028.54,468.21,560.33
ORD00832,2022-07-27,C0201,P005,2,0.05,Direct Sales,998.36,488.86,509.5
ORD03124,2022-07-27,C0488,P018,2,0.05,Direct Sales,1667.46,773.2,894.26
ORD00598,2022-07-28,C0367,P012,1,0.0,Direct Sales,215.61,123.94,91.67
ORD02344,2022-07-28,C0408,P013,4,0.05,Online,1600.71,751.48,849.23
ORD01066,2022-07-28,C0317,P019,1,0.15,Online,155.16,128.8,26.36
ORD01823,2022-07-28,C0259,P004,4,0.0,Wholesale,305.52,130.6,174.92
ORD01418,2022-07-28,C0214,P020,2,0.05,Direct Sales,961.65,553.7,407.95
ORD02815,2022-07-29,C0311,P016,2,0.0,Online,743.1,493.88,249.22
ORD02165,2022-07-29,C0147,P007,1,0.05,Retail,494.3,334.65,159.65
ORD01005,2022-07-30,C0394,P016,2,0.0,Online,743.1,493.88,249.22
ORD03064,2022-07-30,C0020,P011,1,0.1,Retail,328.34,248.62,79.72
ORD04806,2022-07-30,C0313,P008,1,0.0,Wholesale,122.99,80.91,42.08
ORD01122,2022-07-30,C0485,P005,1,0.1,Retail,472.9,244.43,228.47
ORD00913,2022-07-30,C0434,P020,2,0.0,Online,1012.26,553.7,458.56
ORD00098,2022-07-31,C0443,P018,3,0.0,Wholesale,2632.83,1159.8,1473.03
ORD03045,2022-07-31,C0483,P008,1,0.0,Wholesale,122.99,80.91,42.08
ORD01951,2022-07-31,C0257,P004,4,0.1,Online,274.97,130.6,144.37
ORD02497,2022-08-01,C0484,P003,1,0.1,Wholesale,94.83,70.85,23.98
ORD01540,2022-08-01,C0443,P006,2,0.15,Retail,75.51,36.06,39.45
ORD02325,2022-08-01,C0481,P007,1,0.05,Retail,494.3,334.65,159.65
ORD00423,2022-08-01,C0290,P017,2,0.1,Retail,155.27,70.74,84.53
ORD00795,2022-08-01,C0309,P016,1,0.0,Direct Sales,371.55,246.94,124.61
ORD02246,2022-08-02,C0134,P005,1,0.15,Retail,446.63,244.43,202.2
ORD00415,2022-08-02,C0365,P011,3,0.0,Online,1094.46,745.86,348.6
ORD04906,2022-08-03,C0447,P014,5,0.1,Retail,758.02,439.35,318.67
ORD03792,2022-08-03,C0275,P009,3,0.05,Online,707.54,385.95,321.59
ORD00269,2022-08-03,C0240,P009,4,0.05,Online,943.39,514.6,428.79
ORD00262,2022-08-04,C0205,P017,5,0.0,Wholesale,431.3,176.85,254.45
ORD00675,2022-08-04,C0345,P013,1,0.0,Retail,421.24,187.87,233.37
ORD04466,2022-08-04,C0491,P008,1,0.0,Wholesale,122.99,80.91,42.08
ORD04488,2022-08-04,C0296,P002,1,0.1,Wholesale,536.75,295.48,241.27
ORD02589,2022-08-05,C0057,P010,2,0.1,Wholesale,529.87,356.92,172.95
ORD01629,2022-08-05,C0231,P005,1,0.1,Retail,472.9,244.43,228.47
ORD03507,2022-08-05,C0420,P009,2,0.0,Wholesale,496.52,257.3,239.22
ORD03266,2022-08-06,C0338,P014,3,0.05,Online,480.08,263.61,216.47
ORD00512,2022-08-06,C0442,P004,3,0.15,Online,194.77,97.95,96.82
ORD02907,2022-08-06,C0458,P004,2,0.0,Online,152.76,65.3,87.46
ORD00146,2022-08-06,C0328,P012,2,0.1,Direct Sales,388.1,247.88,140.22
ORD01701,2022-08-06,C0294,P017,1,0.0,Retail,86.26,35.37,50.89
ORD04499,2022-08-06,C0201,P012,2,0.1,Direct Sales,388.1,247.88,140.22
ORD00294,2022-08-07,C0265,P010,4,0.0,Retail,1177.48,713.84,463.64
ORD04619,2022-08-07,C0230,P018,3,0.0,Retail,2632.83,1159.8,1473.03
ORD03425,2022-08-07,C0021,P016,1,0.2,Retail,297.24,246.94,50.3
ORD04828,2022-08-07,C0004,P005,1,0.1,Online,472.9,244.43,228.47
ORD04217,2022-08-07,C0465,P004,1,0.15,Retail,64.92,32.65,32.27
ORD04335,2022-08-07,C0320,P016,2,0.05,Retail,705.94,493.88,212.06
ORD03516,2022-08-07,C0485,P009,2,0.0,Online,496.52,257.3,239.22
ORD01286,2022-08-08,C0169,P008,1,0.2,Direct Sales,98.39,80.91,17.48
ORD02630,2022-08-08,C0298,P007,1,0.0,Retail,520.32,334.65,185.67
ORD03289,2022-08-08,C0402,P001,3,0.05,Retail,1085.68,468.21,617.47
ORD02150,2022-08-08,C0135,P017,2,0.05,Retail,163.89,70.74,93.15
ORD00834,2022-08-08,C0049,P017,2,0.0,Wholesale,172.52,70.74,101.78
ORD02247,2022-08-08,C0424,P012,3,0.05,Online,614.49,371.82,242.67
ORD00136,2022-08-08,C0260,P008,1,0.1,Retail,110.69,80.91,29.78
ORD00647,2022-08-08,C0459,P003,2,0.0,Retail,210.74,141.7,69.04
ORD01183,2022-08-09,C0428,P012,2,0.05,Direct Sales,409.66,247.88,161.78
ORD00653,2022-08-09,C0073,P005,1,0.0,Direct Sales,525.45,244.43,281.02
ORD03075,2022-08-09,C0179,P004,1,0.0,Retail,76.38,32.65,43.73
ORD00875,2022-08-09,C0452,P010,1,0.1,Retail,264.93,178.46,86.47
ORD02903,2022-08-09,C0067,P019,3,0.0,Retail,547.62,386.4,161.22
ORD00632,2022-08-09,C0462,P012,1,0.1,Online,194.05,123.94,70.11
ORD01522,2022-08-10,C0060,P020,1,0.0,Retail,506.13,276.85,229.28
ORD02373,2022-08-10,C0105,P011,1,0.0,Online,364.82,248.62,116.2
ORD04656,2022-08-10,C0063,P015,3,0.1,Online,882.33,723.12,159.21
ORD01928,2022-08-11,C0429,P011,1,0.0,Wholesale,364.82,248.62,116.2
ORD01280,2022-08-11,C0003,P017,5,0.0,Online,431.3,176.85,254.45
ORD01441,2022-08-11,C0193,P017,1,0.0,Online,86.26,35.37,50.89
ORD00816,2022-08-11,C0115,P001,5,0.0,Online,1904.7,780.35,1124.35
ORD02946,2022-08-12,C0219,P013,3,0.05,Wholesale,1200.53,563.61,636.92
ORD00365,2022-08-12,C0322,P007,2,0.1,Direct Sales,936.58,669.3,267.28
ORD04596,2022-08-12,C0037,P018,4,0.0,Online,3510.44,1546.4,1964.04
ORD01747,2022-08-12,C0265,P012,4,0.05,Retail,819.32,495.76,323.56
ORD02545,2022-08-12,C0158,P018,1,0.1,Retail,789.85,386.6,403.25
ORD01694,2022-08-12,C0414,P008,2,0.0,Wholesale,245.98,161.82,84.16
ORD02702,2022-08-13,C0117,P013,2,0.0,Online,842.48,375.74,466.74
ORD04340,2022-08-13,C0248,P020,1,0.05,Direct Sales,480.82,276.85,203.97
ORD00372,2022-08-13,C0483,P007,1,0.0,Retail,520.32,334.65,185.67
ORD04936,2022-08-13,C0234,P008,2,0.0,Online,245.98,161.82,84.16
ORD04054,2022-08-13,C0393,P001,5,0.05,Wholesale,1809.46,780.35,1029.11
ORD02681,2022-08-14,C0408,P004,2,0.05,Wholesale,145.12,65.3,79.82
ORD00635,2022-08-14,C0227,P005,1,0.0,Wholesale,525.45,244.43,281.02
ORD02935,2022-08-14,C0216,P008,1,0.0,Online,122.99,80.91,42.08
ORD03838,2022-08-14,C0428,P016,4,0.0,Wholesale,1486.2,987.76,498.44
ORD04392,2022-08-14,C0121,P006,2,0.0,Wholesale,88.84,36.06,52.78
ORD00804,2022-08-14,C0499,P002,1,0.05,Wholesale,566.57,295.48,271.09
ORD04810,2022-08-15,C0033,P015,1,0.0,Online,326.79,241.04,85.75
ORD04112,2022-08-16,C0338,P011,1,0.0,Retail,364.82,248.62,116.2
ORD01678,2022-08-16,C0464,P010,1,0.0,Wholesale,294.37,178.46,115.91
ORD02463,2022-08-16,C0317,P004,1,0.2,Online,61.1,32.65,28.45
ORD02439,2022-08-16,C0120,P010,2,0.15,Retail,500.43,356.92,143.51
ORD01013,2022-08-17,C0480,P001,2,0.0,Retail,761.88,312.14,449.74
ORD01348,2022-08-17,C0147,P015,4,0.0,Online,1307.16,964.16,343.0
ORD02840,2022-08-17,C0260,P020,2,0.05,Online,961.65,553.7,407.95
ORD01036,2022-08-17,C0285,P002,1,0.15,Retail,506.93,295.48,211.45
ORD00060,2022-08-17,C0435,P005,4,0.05,Online,1996.71,977.72,1018.99
ORD01493,2022-08-18,C0251,P007,2,0.05,Wholesale,988.61,669.3,319.31
ORD02376,2022-08-18,C0450,P015,3,0.0,Wholesale,980.37,723.12,257.25
ORD03974,2022-08-18,C0285,P009,2,0.0,Online,496.52,257.3,239.22
ORD01726,2022-08-19,C0215,P002,1,0.0,Retail,596.39,295.48,300.91
ORD00342,2022-08-19,C0436,P014,2,0.1,Retail,303.21,175.74,127.47
ORD00833,2022-08-19,C0156,P016,1,0.0,Direct Sales,371.55,246.94,124.61
ORD01862,2022-08-19,C0301,P007,5,0.2,Retail,2081.28,1673.25,408.03
ORD04742,2022-08-19,C0475,P002,1,0.0,Online,596.39,295.48,300.91
ORD01743,2022-08-20,C0486,P015,1,0.0,Direct Sales,326.79,241.04,85.75
ORD02010,2022-08-20,C0469,P011,1,0.0,Online,364.82,248.62,116.2
ORD03331,2022-08-20,C0160,P015,1,0.05,Retail,310.45,241.04,69.41
ORD04442,2022-08-20,C0298,P020,1,0.0,Online,506.13,276.85,229.28
ORD00267,2022-08-20,C0065,P011,1,0.15,Retail,310.1,248.62,61.48
ORD01693,2022-08-20,C0385,P010,1,0.05,Retail,279.65,178.46,101.19
ORD00537,2022-08-20,C0101,P019,3,0.0,Wholesale,547.62,386.4,161.22
ORD01589,2022-08-20,C0343,P013,2,0.05,Wholesale,800.36,375.74,424.62
ORD03307,2022-08-21,C0134,P014,1,0.0,Online,168.45,87.87,80.58
ORD02353,2022-08-21,C0408,P007,1,0.2,Online,416.26,334.65,81.61
ORD00028,2022-08-21,C0005,P007,3,0.0,Wholesale,1560.96,1003.95,557.01
ORD01471,2022-08-21,C0010,P002,3,0.1,Wholesale,1610.25,886.44,723.81
ORD00842,2022-08-21,C0384,P004,4,0.15,Retail,259.69,130.6,129.09
ORD00761,2022-08-21,C0381,P017,5,0.0,Wholesale,431.3,176.85,254.45
ORD04785,2022-08-22,C0383,P006,4,0.0,Online,177.68,72.12,105.56
ORD02135,2022-08-23,C0207,P019,1,0.0,Online,182.54,128.8,53.74
ORD02736,2022-08-23,C0028,P014,4,0.15,Direct Sales,572.73,351.48,221.25
ORD01457,2022-08-23,C0060,P002,2,0.15,Online,1013.86,590.96,422.9
ORD01908,2022-08-23,C0315,P003,1,0.05,Wholesale,100.1,70.85,29.25
ORD03123,2022-08-23,C0136,P006,2,0.1,Retail,79.96,36.06,43.9
ORD03366,2022-08-24,C0127,P020,5,0.0,Online,2530.65,1384.25,1146.4
ORD04259,2022-08-24,C0285,P011,1,0.1,Wholesale,328.34,248.62,79.72
ORD03171,2022-08-24,C0064,P019,1,0.0,Online,182.54,128.8,53.74
ORD00296,2022-08-24,C0291,P014,4,0.0,Direct Sales,673.8,351.48,322.32
ORD04528,2022-08-25,C0488,P012,4,0.0,Retail,862.44,495.76,366.68
ORD02501,2022-08-25,C0202,P013,1,0.0,Online,421.24,187.87,233.37
ORD04887,2022-08-25,C0137,P002,1,0.05,Retail,566.57,295.48,271.09
ORD02465,2022-08-25,C0114,P019,1,0.0,Wholesale,182.54,128.8,53.74
ORD03401,2022-08-26,C0399,P007,1,0.0,Wholesale,520.32,334.65,185.67
ORD04224,2022-08-26,C0014,P016,1,0.2,Online,297.24,246.94,50.3
ORD00773,2022-08-26,C0438,P007,1,0.05,Online,494.3,334.65,159.65
ORD03292,2022-08-26,C0079,P007,2,0.05,Online,988.61,669.3,319.31
ORD03399,2022-08-26,C0037,P004,1,0.05,Online,72.56,32.65,39.91
ORD02832,2022-08-26,C0439,P007,1,0.1,Online,468.29,334.65,133.64
ORD03214,2022-08-26,C0050,P018,1,0.0,Wholesale,877.61,386.6,491.01
ORD03909,2022-08-27,C0360,P012,2,0.0,Online,431.22,247.88,183.34
ORD01250,2022-08-27,C0052,P008,2,0.05,Direct Sales,233.68,161.82,71.86
ORD00097,2022-08-27,C0222,P016,2,0.0,Online,743.1,493.88,249.22
ORD01579,2022-08-27,C0252,P012,2,0.0,Retail,431.22,247.88,183.34
ORD04384,2022-08-27,C0485,P006,1,0.0,Retail,44.42,18.03,26.39
ORD00311,2022-08-27,C0355,P006,2,0.1,Online,79.96,36.06,43.9
ORD02683,2022-08-28,C0394,P015,3,0.2,Retail,784.3,723.12,61.18
ORD04734,2022-08-28,C0424,P015,1,0.0,Retail,326.79,241.04,85.75
ORD04094,2022-08-28,C0186,P018,1,0.05,Direct Sales,833.73,386.6,447.13
ORD00682,2022-08-28,C0244,P005,2,0.2,Retail,840.72,488.86,351.86
ORD01432,2022-08-28,C0026,P007,1,0.1,Online,468.29,334.65,133.64
ORD02326,2022-08-28,C0222,P011,4,0.0,Online,1459.28,994.48,464.8
ORD04008,2022-08-29,C0431,P001,1,0.0,Online,380.94,156.07,224.87
ORD00672,2022-08-29,C0371,P015,1,0.0,Direct Sales,326.79,241.04,85.75
ORD03895,2022-08-29,C0454,P003,3,0.15,Wholesale,268.69,212.55,56.14
ORD00983,2022-08-30,C0333,P004,1,0.1,Wholesale,68.74,32.65,36.09
ORD04955,2022-08-30,C0124,P012,2,0.0,Retail,431.22,247.88,183.34
ORD00656,2022-08-30,C0426,P014,1,0.1,Retail,151.6,87.87,63.73
ORD04712,2022-08-30,C0369,P016,1,0.1,Online,334.4,246.94,87.46
ORD04222,2022-08-30,C0405,P015,2,0.0,Online,653.58,482.08,171.5
ORD00562,2022-08-31,C0072,P003,1,0.15,Online,89.56,70.85,18.71
ORD01304,2022-08-31,C0044,P020,1,0.05,Retail,480.82,276.85,203.97
ORD03849,2022-08-31,C0123,P017,2,0.0,Retail,172.52,70.74,101.78
ORD03032,2022-08-31,C0209,P019,4,0.0,Retail,730.16,515.2,214.96
ORD04746,2022-08-31,C0198,P002,2,0.0,Retail,1192.78,590.96,601.82
ORD04614,2022-09-01,C0039,P006,3,0.0,Direct Sales,133.26,54.09,79.17
ORD01616,2022-09-01,C0341,P018,2,0.05,Online,1667.46,773.2,894.26
ORD01989,2022-09-01,C0059,P018,1,0.05,Online,833.73,386.6,447.13
ORD04974,2022-09-01,C0423,P014,1,0.05,Online,160.03,87.87,72.16
ORD02238,2022-09-01,C0391,P016,3,0.0,Online,1114.65,740.82,373.83
ORD01521,2022-09-01,C0451,P007,1,0.1,Wholesale,468.29,334.65,133.64
ORD03333,2022-09-02,C0264,P012,1,0.15,Retail,183.27,123.94,59.33
ORD03739,2022-09-03,C0305,P015,2,0.0,Online,653.58,482.08,171.5
ORD01323,2022-09-03,C0046,P010,5,0.0,Direct Sales,1471.85,892.3,579.55
ORD04174,2022-09-03,C0375,P012,3,0.15,Direct Sales,549.81,371.82,177.99
ORD01666,2022-09-03,C0250,P014,2,0.0,Retail,336.9,175.74,161.16
ORD04446,2022-09-03,C0290,P002,1,0.05,Online,566.57,295.48,271.09
ORD04644,2022-09-03,C0351,P001,1,0.1,Online,342.85,156.07,186.78
ORD03217,2022-09-03,C0269,P003,2,0.05,Retail,200.2,141.7,58.5
ORD00756,2022-09-05,C0217,P016,2,0.1,Retail,668.79,493.88,174.91
ORD00788,2022-09-05,C0202,P020,3,0.0,Direct Sales,1518.39,830.55,687.84
ORD02214,2022-09-05,C0241,P001,1,0.0,Wholesale,380.94,156.07,224.87
ORD03514,2022-09-05,C0275,P003,2,0.05,Wholesale,200.2,141.7,58.5
ORD03581,2022-09-05,C0344,P011,2,0.0,Retail,729.64,497.24,232.4
ORD00134,2022-09-05,C0055,P010,1,0.15,Retail,250.21,178.46,71.75
ORD04080,2022-09-05,C0268,P017,3,0.0,Wholesale,258.78,106.11,152.67
ORD04026,2022-09-05,C0392,P006,5,0.05,Online,211.0,90.15,120.85
ORD04923,2022-09-05,C0485,P002,2,0.05,Wholesale,1133.14,590.96,542.18
ORD01380,2022-09-06,C0273,P005,2,0.05,Direct Sales,998.36,488.86,509.5
ORD04731,2022-09-06,C0183,P018,2,0.05,Online,1667.46,773.2,894.26
ORD01434,2022-09-06,C0064,P002,2,0.15,Online,1013.86,590.96,422.9
ORD03589,2022-09-06,C0069,P015,1,0.15,Online,277.77,241.04,36.73
ORD04497,2022-09-06,C0012,P001,2,0.0,Retail,761.88,312.14,449.74
ORD00272,2022-09-06,C0129,P010,1,0.0,Retail,294.37,178.46,115.91
ORD02142,2022-09-07,C0069,P001,2,0.0,Direct Sales,761.88,312.14,449.74
ORD04894,2022-09-07,C0252,P013,1,0.15,Wholesale,358.05,187.87,170.18
ORD04573,2022-09-07,C0136,P012,1,0.2,Direct Sales,172.49,123.94,48.55
ORD01657,2022-09-08,C0496,P002,2,0.05,Retail,1133.14,590.96,542.18
ORD03820,2022-09-08,C0453,P003,1,0.0,Online,105.37,70.85,34.52
ORD01293,2022-09-08,C0168,P012,5,0.0,Wholesale,1078.05,619.7,458.35
ORD03667,2022-09-08,C0294,P009,2,0.0,Retail,496.52,257.3,239.22
ORD02592,2022-09-08,C0392,P006,2,0.0,Retail,88.84,36.06,52.78
ORD02186,2022-09-09,C0496,P017,3,0.05,Wholesale,245.84,106.11,139.73
ORD04132,2022-09-09,C0093,P020,1,0.0,Wholesale,506.13,276.85,229.28
ORD03950,2022-09-09,C0138,P010,4,0.0,Wholesale,1177.48,713.84,463.64
ORD01220,2022-09-09,C0480,P009,3,0.1,Retail,670.3,385.95,284.35
ORD04211,2022-09-09,C0074,P007,3,0.0,Wholesale,1560.96,1003.95,557.01
ORD00500,2022-09-09,C0025,P002,3,0.15,Online,1520.79,886.44,634.35
ORD04937,2022-09-10,C0027,P010,1,0.05,Online,279.65,178.46,101.19
ORD03569,2022-09-10,C0382,P001,2,0.0,Retail,761.88,312.14,449.74
ORD00373,2022-09-10,C0308,P007,4,0.0,Retail,2081.28,1338.6,742.68
ORD04206,2022-09-10,C0459,P014,1,0.1,Wholesale,151.6,87.87,63.73
ORD03796,2022-09-11,C0196,P003,1,0.1,Wholesale,94.83,70.85,23.98
ORD02819,2022-09-11,C0301,P003,3,0.05,Online,300.3,212.55,87.75
ORD01727,2022-09-11,C0113,P006,1,0.1,Wholesale,39.98,18.03,21.95
ORD00374,2022-09-11,C0232,P020,1,0.0,Online,506.13,276.85,229.28
ORD02037,2022-09-11,C0116,P014,2,0.2,Retail,269.52,175.74,93.78
ORD02687,2022-09-11,C0158,P005,1,0.0,Online,525.45,244.43,281.02
ORD00719,2022-09-12,C0198,P006,1,0.05,Online,42.2,18.03,24.17
ORD04740,2022-09-12,C0329,P018,1,0.0,Retail,877.61,386.6,491.01
ORD00242,2022-09-12,C0321,P006,3,0.0,Online,133.26,54.09,79.17
ORD01546,2022-09-12,C0412,P007,1,0.1,Retail,468.29,334.65,133.64
ORD02296,2022-09-12,C0147,P020,1,0.0,Wholesale,506.13,276.85,229.28
ORD04525,2022-09-12,C0180,P004,1,0.0,Online,76.38,32.65,43.73
ORD04967,2022-09-12,C0285,P019,2,0.0,Online,365.08,257.6,107.48
ORD00241,2022-09-13,C0456,P003,1,0.05,Online,100.1,70.85,29.25
ORD00275,2022-09-13,C0252,P015,1,0.05,Direct Sales,310.45,241.04,69.41
ORD01993,2022-09-13,C0289,P009,2,0.0,Online,496.52,257.3,239.22
ORD01162,2022-09-13,C0490,P016,3,0.05,Online,1058.92,740.82,318.1
ORD03702,2022-09-13,C0330,P001,1,0.0,Retail,380.94,156.07,224.87
ORD03492,2022-09-14,C0382,P018,2,0.1,Wholesale,1579.7,773.2,806.5
ORD02454,2022-09-14,C0141,P014,2,0.0,Retail,336.9,175.74,161.16
ORD01613,2022-09-14,C0395,P005,1,0.15,Direct Sales,446.63,244.43,202.2
ORD02157,2022-09-15,C0184,P018,3,0.1,Online,2369.55,1159.8,1209.75
ORD01710,2022-09-15,C0462,P002,3,0.05,Wholesale,1699.71,886.44,813.27
ORD01704,2022-09-15,C0167,P013,2,0.05,Online,800.36,375.74,424.62
ORD03652,2022-09-15,C0383,P009,2,0.05,Retail,471.69,257.3,214.39
ORD04791,2022-09-15,C0294,P003,1,0.0,Online,105.37,70.85,34.52
ORD03120,2022-09-15,C0104,P019,2,0.1,Online,328.57,257.6,70.97
ORD02234,2022-09-16,C0048,P009,1,0.0,Retail,248.26,128.65,119.61
ORD02235,2022-09-16,C0297,P009,5,0.0,Retail,1241.3,643.25,598.05
ORD00191,2022-09-16,C0371,P009,4,0.1,Wholesale,893.74,514.6,379.14
ORD04171,2022-09-17,C0500,P004,2,0.15,Online,129.85,65.3,64.55
ORD01042,2022-09-17,C0125,P014,1,0.05,Online,160.03,87.87,72.16
ORD00206,2022-09-17,C0409,P012,3,0.0,Retail,646.83,371.82,275.01
ORD02284,2022-09-17,C0304,P001,3,0.1,Retail,1028.54,468.21,560.33
ORD02656,2022-09-17,C0440,P013,1,0.2,Retail,336.99,187.87,149.12
ORD01927,2022-09-17,C0065,P012,3,0.05,Wholesale,614.49,371.82,242.67
ORD02394,2022-09-17,C0343,P016,3,0.0,Wholesale,1114.65,740.82,373.83
ORD03344,2022-09-17,C0222,P017,1,0.0,Retail,86.26,35.37,50.89
ORD01478,2022-09-17,C0331,P006,3,0.0,Direct Sales,133.26,54.09,79.17
ORD02288,2022-09-17,C0437,P015,3,0.0,Direct Sales,980.37,723.12,257.25
ORD00317,2022-09-18,C0185,P011,3,0.15,Online,930.29,745.86,184.43
ORD02700,2022-09-18,C0405,P020,1,0.05,Wholesale,480.82,276.85,203.97
ORD04514,2022-09-19,C0220,P006,1,0.0,Direct Sales,44.42,18.03,26.39
ORD01571,2022-09-19,C0141,P011,1,0.0,Wholesale,364.82,248.62,116.2
ORD00536,2022-09-19,C0005,P006,4,0.0,Online,177.68,72.12,105.56
ORD04253,2022-09-19,C0222,P009,3,0.2,Online,595.82,385.95,209.87
ORD04690,2022-09-20,C0470,P003,3,0.15,Online,268.69,212.55,56.14
ORD03202,2022-09-20,C0282,P020,4,0.05,Online,1923.29,1107.4,815.89
ORD00688,2022-09-20,C0013,P005,1,0.05,Online,499.18,244.43,254.75
ORD01981,2022-09-21,C0131,P019,1,0.15,Wholesale,155.16,128.8,26.36
ORD02954,2022-09-21,C0355,P016,3,0.0,Retail,1114.65,740.82,373.83
ORD03231,2022-09-21,C0470,P013,3,0.0,Online,1263.72,563.61,700.11
ORD02820,2022-09-21,C0161,P001,1,0.0,Retail,380.94,156.07,224.87
ORD02621,2022-09-21,C0219,P018,2,0.2,Wholesale,1404.18,773.2,630.98
ORD02940,2022-09-22,C0224,P012,4,0.05,Retail,819.32,495.76,323.56
ORD03225,2022-09-22,C0199,P005,1,0.1,Retail,472.9,244.43,228.47
ORD02461,2022-09-22,C0111,P017,3,0.1,Retail,232.9,106.11,126.79
ORD00463,2022-09-22,C0003,P016,3,0.1,Wholesale,1003.18,740.82,262.36
ORD01858,2022-09-22,C0338,P012,1,0.05,Retail,204.83,123.94,80.89
ORD04130,2022-09-22,C0179,P010,1,0.0,Retail,294.37,178.46,115.91
ORD04091,2022-09-23,C0472,P002,2,0.0,Retail,1192.78,590.96,601.82
ORD03603,2022-09-23,C0304,P017,4,0.05,Online,327.79,141.48,186.31
ORD04728,2022-09-23,C0122,P004,3,0.05,Online,217.68,97.95,119.73
ORD00105,2022-09-23,C0208,P003,4,0.0,Online,421.48,283.4,138.08
ORD02845,2022-09-24,C0430,P008,1,0.1,Online,110.69,80.91,29.78
ORD04110,2022-09-24,C0309,P009,2,0.0,Direct Sales,496.52,257.3,239.22
ORD01255,2022-09-24,C0259,P020,1,0.0,Online,506.13,276.85,229.28
ORD00587,2022-09-24,C0253,P015,3,0.05,Wholesale,931.35,723.12,208.23
ORD04965,2022-09-25,C0132,P006,5,0.0,Online,222.1,90.15,131.95
ORD03068,2022-09-25,C0109,P014,2,0.0,Wholesale,336.9,175.74,161.16
ORD01987,2022-09-25,C0224,P002,4,0.05,Wholesale,2266.28,1181.92,1084.36
ORD00613,2022-09-26,C0176,P020,3,0.0,Wholesale,1518.39,830.55,687.84
ORD04458,2022-09-26,C0142,P018,1,0.0,Retail,877.61,386.6,491.01
ORD01935,2022-09-26,C0404,P008,1,0.0,Online,122.99,80.91,42.08
ORD03877,2022-09-26,C0124,P014,1,0.05,Online,160.03,87.87,72.16
ORD01542,2022-09-26,C0287,P019,2,0.15,Online,310.32,257.6,52.72
ORD03335,2022-09-26,C0387,P008,3,0.0,Wholesale,368.97,242.73,126.24
ORD04070,2022-09-26,C0225,P013,4,0.0,Retail,1684.96,751.48,933.48
ORD03661,2022-09-26,C0190,P015,2,0.1,Retail,588.22,482.08,106.14
ORD02511,2022-09-26,C0443,P002,4,0.0,Retail,2385.56,1181.92,1203.64
ORD02528,2022-09-26,C0104,P018,1,0.0,Retail,877.61,386.6,491.01
ORD04820,2022-09-27,C0241,P008,4,0.05,Online,467.36,323.64,143.72
ORD00393,2022-09-27,C0395,P011,1,0.0,Direct Sales,364.82,248.62,116.2
ORD02748,2022-09-27,C0438,P015,1,0.0,Online,326.79,241.04,85.75
ORD01980,2022-09-28,C0374,P002,3,0.0,Wholesale,1789.17,886.44,902.73
ORD00437,2022-09-28,C0328,P005,2,0.05,Retail,998.36,488.86,509.5
ORD03793,2022-09-28,C0117,P010,1,0.1,Online,264.93,178.46,86.47
ORD02079,2022-09-29,C0164,P017,2,0.2,Retail,138.02,70.74,67.28
ORD03107,2022-09-29,C0236,P015,2,0.05,Retail,620.9,482.08,138.82
ORD01808,2022-09-29,C0027,P011,3,0.2,Direct Sales,875.57,745.86,129.71
ORD00226,2022-09-29,C0231,P017,5,0.2,Online,345.04,176.85,168.19
ORD00931,2022-09-29,C0139,P020,2,0.05,Wholesale,961.65,553.7,407.95
ORD04527,2022-09-29,C0006,P011,5,0.15,Direct Sales,1550.48,1243.1,307.38
ORD00292,2022-09-30,C0300,P010,3,0.0,Online,883.11,535.38,347.73
ORD03665,2022-09-30,C0117,P001,1,0.1,Wholesale,342.85,156.07,186.78
ORD02429,2022-09-30,C0424,P008,1,0.2,Wholesale,98.39,80.91,17.48
ORD01262,2022-10-01,C0328,P009,3,0.05,Wholesale,707.54,385.95,321.59
ORD00930,2022-10-01,C0209,P018,2,0.0,Online,1755.22,773.2,982.02
ORD02984,2022-10-01,C0478,P007,1,0.0,Online,520.32,334.65,185.67
ORD03902,2022-10-02,C0222,P006,3,0.1,Retail,119.93,54.09,65.84
ORD01865,2022-10-02,C0422,P008,3,0.0,Online,368.97,242.73,126.24
ORD04053,2022-10-02,C0215,P013,1,0.0,Direct Sales,421.24,187.87,233.37
ORD01350,2022-10-02,C0418,P018,4,0.0,Wholesale,3510.44,1546.4,1964.04
ORD02276,2022-10-03,C0402,P013,1,0.0,Retail,421.24,187.87,233.37
ORD02483,2022-10-03,C0466,P011,3,0.05,Online,1039.74,745.86,293.88
ORD01313,2022-10-03,C0195,P014,1,0.0,Retail,168.45,87.87,80.58
ORD01855,2022-10-03,C0128,P019,1,0.15,Wholesale,155.16,128.8,26.36
ORD03996,2022-10-03,C0436,P014,2,0.05,Retail,320.05,175.74,144.31
ORD00673,2022-10-03,C0156,P002,3,0.0,Online,1789.17,886.44,902.73
ORD02693,2022-10-03,C0180,P011,2,0.15,Direct Sales,620.19,497.24,122.95
ORD01798,2022-10-04,C0103,P014,2,0.15,Retail,286.36,175.74,110.62
ORD00325,2022-10-04,C0471,P008,2,0.05,Online,233.68,161.82,71.86
ORD01014,2022-10-04,C0194,P010,1,0.0,Online,294.37,178.46,115.91
ORD00261,2022-10-04,C0047,P001,2,0.15,Online,647.6,312.14,335.46
ORD00417,2022-10-04,C0252,P006,1,0.2,Wholesale,35.54,18.03,17.51
ORD01466,2022-10-04,C0309,P013,2,0.0,Online,842.48,375.74,466.74
ORD00038,2022-10-04,C0065,P014,3,0.05,Wholesale,480.08,263.61,216.47
ORD02550,2022-10-05,C0097,P002,1,0.15,Online,506.93,295.48,211.45
ORD03453,2022-10-05,C0375,P008,2,0.05,Retail,233.68,161.82,71.86
ORD00154,2022-10-05,C0222,P017,3,0.05,Direct Sales,245.84,106.11,139.73
ORD00847,2022-10-06,C0250,P014,1,0.0,Wholesale,168.45,87.87,80.58
ORD02034,2022-10-06,C0413,P007,1,0.0,Wholesale,520.32,334.65,185.67
ORD04854,2022-10-06,C0402,P006,4,0.1,Retail,159.91,72.12,87.79
ORD02359,2022-10-06,C0045,P011,1,0.0,Retail,364.82,248.62,116.2
ORD00956,2022-10-06,C0372,P005,4,0.0,Wholesale,2101.8,977.72,1124.08
ORD01524,2022-10-07,C0111,P005,5,0.05,Online,2495.89,1222.15,1273.74
ORD02500,2022-10-07,C0453,P002,2,0.0,Online,1192.78,590.96,601.82
ORD00709,2022-10-07,C0197,P013,2,0.05,Direct Sales,800.36,375.74,424.62
ORD04795,2022-10-07,C0021,P009,3,0.05,Retail,707.54,385.95,321.59
ORD02022,2022-10-08,C0210,P010,1,0.1,Wholesale,264.93,178.46,86.47
ORD01510,2022-10-08,C0388,P002,4,0.0,Online,2385.56,1181.92,1203.64
ORD01431,2022-10-08,C0103,P006,1,0.0,Online,44.42,18.03,26.39
ORD00851,2022-10-08,C0494,P018,2,0.1,Direct Sales,1579.7,773.2,806.5
ORD01876,2022-10-08,C0037,P001,1,0.0,Retail,380.94,156.07,224.87
ORD01941,2022-10-09,C0208,P016,1,0.0,Wholesale,371.55,246.94,124.61
ORD04274,2022-10-09,C0050,P011,4,0.0,Online,1459.28,994.48,464.8
ORD00336,2022-10-09,C0006,P008,1,0.15,Retail,104.54,80.91,23.63
ORD01496,2022-10-10,C0459,P001,4,0.05,Online,1447.57,624.28,823.29
ORD03259,2022-10-10,C0246,P008,2,0.0,Direct Sales,245.98,161.82,84.16
ORD04193,2022-10-11,C0262,P012,1,0.0,Online,215.61,123.94,91.67
ORD03039,2022-10-11,C0383,P018,1,0.0,Wholesale,877.61,386.6,491.01
ORD03635,2022-10-11,C0426,P009,3,0.0,Online,744.78,385.95,358.83
ORD04226,2022-10-12,C0144,P009,2,0.0,Online,496.52,257.3,239.22
ORD04932,2022-10-12,C0348,P010,1,0.05,Direct Sales,279.65,178.46,101.19
ORD03898,2022-10-12,C0077,P017,3,0.1,Wholesale,232.9,106.11,126.79
ORD00546,2022-10-12,C0426,P006,3,0.0,Wholesale,133.26,54.09,79.17
ORD04548,2022-10-12,C0012,P006,3,0.0,Online,133.26,54.09,79.17
ORD03686,2022-10-12,C0162,P009,1,0.0,Online,248.26,128.65,119.61
ORD00888,2022-10-13,C0120,P003,1,0.0,Retail,105.37,70.85,34.52
ORD01669,2022-10-13,C0347,P011,1,0.0,Retail,364.82,248.62,116.2
ORD03673,2022-10-13,C0412,P007,2,0.05,Wholesale,988.61,669.3,319.31
ORD03981,2022-10-13,C0121,P007,1,0.0,Wholesale,520.32,334.65,185.67
ORD03654,2022-10-13,C0070,P019,2,0.0,Online,365.08,257.6,107.48
ORD02414,2022-10-13,C0109,P018,2,0.1,Retail,1579.7,773.2,806.5
ORD03060,2022-10-14,C0034,P014,5,0.0,Retail,842.25,439.35,402.9
ORD02080,2022-10-14,C0311,P003,4,0.0,Retail,421.48,283.4,138.08
ORD01676,2022-10-14,C0114,P006,3,0.0,Retail,133.26,54.09,79.17
ORD01407,2022-10-14,C0060,P020,1,0.0,Retail,506.13,276.85,229.28
ORD03868,2022-10-14,C0411,P011,2,0.15,Wholesale,620.19,497.24,122.95
ORD02459,2022-10-14,C0124,P006,4,0.05,Direct Sales,168.8,72.12,96.68
ORD00427,2022-10-14,C0125,P004,3,0.15,Retail,194.77,97.95,96.82
ORD03098,2022-10-15,C0428,P019,1,0.15,Retail,155.16,128.8,26.36
ORD01715,2022-10-15,C0467,P018,1,0.0,Retail,877.61,386.6,491.01
ORD01020,2022-10-15,C0093,P007,1,0.15,Wholesale,442.27,334.65,107.62
ORD00704,2022-10-15,C0125,P009,1,0.15,Retail,211.02,128.65,82.37
ORD04534,2022-10-16,C0280,P002,4,0.0,Wholesale,2385.56,1181.92,1203.64
ORD01961,2022-10-16,C0300,P008,1,0.1,Online,110.69,80.91,29.78
ORD02824,2022-10-16,C0224,P009,1,0.1,Online,223.43,128.65,94.78
ORD00774,2022-10-16,C0471,P003,3,0.05,Retail,300.3,212.55,87.75
ORD02793,2022-10-16,C0386,P004,1,0.0,Online,76.38,32.65,43.73
ORD01531,2022-10-16,C0287,P001,3,0.0,Retail,1142.82,468.21,674.61
ORD04454,2022-10-16,C0338,P005,3,0.0,Retail,1576.35,733.29,843.06
ORD02689,2022-10-16,C0015,P011,3,0.05,Retail,1039.74,745.86,293.88
ORD02427,2022-10-16,C0291,P004,3,0.0,Retail,229.14,97.95,131.19
ORD03517,2022-10-17,C0446,P005,1,0.0,Online,525.45,244.43,281.02
ORD04970,2022-10-17,C0374,P018,1,0.05,Online,833.73,386.6,447.13
ORD03101,2022-10-17,C0431,P009,5,0.0,Retail,1241.3,643.25,598.05
ORD02624,2022-10-17,C0469,P014,2,0.05,Direct Sales,320.05,175.74,144.31
ORD03747,2022-10-17,C0491,P012,1,0.1,Direct Sales,194.05,123.94,70.11
ORD04784,2022-10-17,C0226,P003,5,0.05,Retail,500.51,354.25,146.26
ORD04824,2022-10-17,C0336,P007,2,0.05,Retail,988.61,669.3,319.31
ORD01556,2022-10-17,C0256,P012,1,0.0,Online,215.61,123.94,91.67
ORD03666,2022-10-18,C0422,P014,1,0.0,Retail,168.45,87.87,80.58
ORD01393,2022-10-18,C0106,P009,3,0.0,Wholesale,744.78,385.95,358.83
ORD02968,2022-10-19,C0073,P011,1,0.0,Wholesale,364.82,248.62,116.2
ORD03301,2022-10-19,C0013,P015,1,0.0,Wholesale,326.79,241.04,85.75
ORD04433,2022-10-20,C0244,P011,1,0.0,Direct Sales,364.82,248.62,116.2
ORD03384,2022-10-20,C0076,P001,3,0.0,Direct Sales,1142.82,468.21,674.61
ORD04982,2022-10-20,C0099,P004,1,0.0,Retail,76.38,32.65,43.73
ORD03659,2022-10-20,C0240,P002,1,0.0,Online,596.39,295.48,300.91
ORD00588,2022-10-21,C0050,P006,2,0.0,Retail,88.84,36.06,52.78
ORD00778,2022-10-21,C0251,P010,1,0.0,Online,294.37,178.46,115.91
ORD02857,2022-10-21,C0132,P005,1,0.05,Online,499.18,244.43,254.75
ORD02735,2022-10-21,C0390,P012,4,0.0,Retail,862.44,495.76,366.68
ORD03901,2022-10-21,C0023,P014,3,0.1,Retail,454.82,263.61,191.21
ORD02478,2022-10-21,C0284,P010,3,0.15,Online,750.64,535.38,215.26
ORD02530,2022-10-22,C0291,P015,1,0.0,Online,326.79,241.04,85.75
ORD03159,2022-10-23,C0005,P020,1,0.05,Direct Sales,480.82,276.85,203.97
ORD03174,2022-10-23,C0423,P005,3,0.0,Online,1576.35,733.29,843.06
ORD03206,2022-10-23,C0210,P019,4,0.1,Retail,657.14,515.2,141.94
ORD00124,2022-10-23,C0493,P007,1,0.0,Wholesale,520.32,334.65,185.67
ORD03544,2022-10-23,C0389,P018,5,0.0,Online,4388.05,1933.0,2455.05
ORD02813,2022-10-23,C0475,P017,2,0.05,Online,163.89,70.74,93.15
ORD02269,2022-10-24,C0040,P005,2,0.05,Wholesale,998.36,488.86,509.5
ORD01077,2022-10-24,C0284,P010,2,0.05,Retail,559.3,356.92,202.38
ORD01856,2022-10-24,C0167,P008,1,0.0,Wholesale,122.99,80.91,42.08
ORD02787,2022-10-24,C0419,P010,1,0.0,Retail,294.37,178.46,115.91
ORD00564,2022-10-24,C0112,P011,3,0.1,Direct Sales,985.01,745.86,239.15
ORD04634,2022-10-24,C0242,P002,1,0.05,Retail,566.57,295.48,271.09
ORD02763,2022-10-25,C0341,P014,1,0.2,Direct Sales,134.76,87.87,46.89
ORD03725,2022-10-25,C0236,P001,1,0.2,Direct Sales,304.75,156.07,148.68
ORD04306,2022-10-25,C0344,P005,1,0.0,Direct Sales,525.45,244.43,281.02
ORD01191,2022-10-25,C0179,P018,2,0.0,Retail,1755.22,773.2,982.02
ORD03929,2022-10-26,C0285,P017,3,0.15,Online,219.96,106.11,113.85
ORD04118,2022-10-26,C0423,P001,1,0.1,Direct Sales,342.85,156.07,186.78
ORD01268,2022-10-26,C0313,P008,1,0.0,Direct Sales,122.99,80.91,42.08
ORD00718,2022-10-26,C0089,P004,3,0.0,Online,229.14,97.95,131.19
ORD04280,2022-10-26,C0159,P005,2,0.0,Online,1050.9,488.86,562.04
ORD00593,2022-10-26,C0279,P020,4,0.0,Direct Sales,2024.52,1107.4,917.12
ORD01716,2022-10-26,C0057,P016,2,0.05,Retail,705.94,493.88,212.06
ORD03546,2022-10-26,C0282,P007,4,0.0,Online,2081.28,1338.6,742.68
ORD04284,2022-10-27,C0455,P016,2,0.0,Online,743.1,493.88,249.22
ORD02532,2022-10-27,C0281,P017,1,0.05,Online,81.95,35.37,46.58
ORD04425,2022-10-27,C0324,P006,4,0.1,Wholesale,159.91,72.12,87.79
ORD00279,2022-10-27,C0319,P001,1,0.05,Online,361.89,156.07,205.82
ORD01565,2022-10-28,C0295,P004,1,0.05,Wholesale,72.56,32.65,39.91
ORD01538,2022-10-28,C0116,P010,3,0.0,Wholesale,883.11,535.38,347.73
ORD01098,2022-10-28,C0452,P016,1,0.1,Wholesale,334.4,246.94,87.46
ORD01196,2022-10-28,C0486,P017,1,0.05,Retail,81.95,35.37,46.58
ORD02047,2022-10-28,C0102,P011,2,0.1,Retail,656.68,497.24,159.44
ORD02611,2022-10-28,C0106,P004,2,0.1,Retail,137.48,65.3,72.18
ORD04568,2022-10-28,C0085,P009,4,0.2,Retail,794.43,514.6,279.83
ORD01892,2022-10-28,C0499,P008,1,0.0,Wholesale,122.99,80.91,42.08
ORD03910,2022-10-29,C0303,P019,2,0.0,Wholesale,365.08,257.6,107.48
ORD03372,2022-10-29,C0149,P012,1,0.1,Online,194.05,123.94,70.11
ORD00860,2022-10-29,C0484,P019,2,0.0,Online,365.08,257.6,107.48
ORD04505,2022-10-29,C0446,P018,1,0.0,Online,877.61,386.6,491.01
ORD00585,2022-10-29,C0267,P003,1,0.05,Wholesale,100.1,70.85,29.25
ORD01203,2022-10-29,C0273,P013,3,0.2,Online,1010.98,563.61,447.37
ORD00989,2022-10-29,C0078,P005,2,0.0,Online,1050.9,488.86,562.04
ORD04948,2022-10-30,C0097,P007,1,0.0,Retail,520.32,334.65,185.67
ORD04491,2022-10-30,C0228,P020,2,0.2,Online,809.81,553.7,256.11
ORD03254,2022-10-31,C0484,P014,1,0.1,Wholesale,151.6,87.87,63.73
ORD02565,2022-10-31,C0400,P001,1,0.0,Online,380.94,156.07,224.87
ORD04351,2022-10-31,C0081,P013,4,0.0,Online,1684.96,751.48,933.48
ORD04255,2022-10-31,C0482,P003,3,0.1,Retail,284.5,212.55,71.95
ORD03727,2022-10-31,C0030,P003,4,0.0,Retail,421.48,283.4,138.08
ORD03285,2022-10-31,C0025,P019,1,0.0,Online,182.54,128.8,53.74
ORD04049,2022-11-01,C0484,P012,1,0.0,Retail,215.61,123.94,91.67
ORD04339,2022-11-01,C0054,P005,1,0.1,Online,472.9,244.43,228.47
ORD00119,2022-11-01,C0410,P012,2,0.0,Online,431.22,247.88,183.34
ORD01786,2022-11-01,C0395,P016,1,0.0,Direct Sales,371.55,246.94,124.61
ORD04143,2022-11-02,C0244,P008,2,0.05,Wholesale,233.68,161.82,71.86
ORD04835,2022-11-02,C0052,P018,2,0.0,Retail,1755.22,773.2,982.02
ORD03763,2022-11-02,C0388,P001,2,0.0,Online,761.88,312.14,449.74
ORD02833,2022-11-02,C0226,P013,1,0.0,Online,421.24,187.87,233.37
ORD00916,2022-11-02,C0140,P006,1,0.0,Retail,44.42,18.03,26.39
ORD01543,2022-11-03,C0450,P004,2,0.0,Online,152.76,65.3,87.46
ORD02123,2022-11-03,C0210,P016,1,0.0,Online,371.55,246.94,124.61
ORD04214,2022-11-03,C0127,P010,2,0.1,Online,529.87,356.92,172.95
ORD02734,2022-11-04,C0478,P009,1,0.05,Retail,235.85,128.65,107.2
ORD01724,2022-11-04,C0485,P010,2,0.0,Retail,588.74,356.92,231.82
ORD04812,2022-11-04,C0391,P020,1,0.2,Direct Sales,404.9,276.85,128.05
ORD01307,2022-11-04,C0419,P001,1,0.05,Online,361.89,156.07,205.82
ORD03437,2022-11-04,C0465,P018,2,0.0,Direct Sales,1755.22,773.2,982.02
ORD03434,2022-11-04,C0187,P009,1,0.05,Wholesale,235.85,128.65,107.2
ORD03299,2022-11-04,C0192,P017,3,0.0,Retail,258.78,106.11,152.67
ORD01776,2022-11-04,C0351,P008,5,0.0,Online,614.95,404.55,210.4
ORD02475,2022-11-04,C0005,P014,1,0.15,Retail,143.18,87.87,55.31
ORD01327,2022-11-05,C0417,P011,1,0.15,Online,310.1,248.62,61.48
ORD01164,2022-11-05,C0338,P016,1,0.0,Online,371.55,246.94,124.61
ORD02118,2022-11-05,C0341,P001,4,0.05,Online,1447.57,624.28,823.29
ORD00762,2022-11-05,C0343,P020,2,0.05,Wholesale,961.65,553.7,407.95
ORD03629,2022-11-06,C0112,P015,3,0.05,Wholesale,931.35,723.12,208.23
ORD00127,2022-11-06,C0419,P020,1,0.05,Online,480.82,276.85,203.97
ORD00404,2022-11-06,C0417,P017,1,0.15,Direct Sales,73.32,35.37,37.95
ORD04081,2022-11-06,C0262,P008,1,0.0,Wholesale,122.99,80.91,42.08
ORD00209,2022-11-06,C0307,P003,5,0.0,Wholesale,526.85,354.25,172.6
ORD01427,2022-11-06,C0056,P016,3,0.05,Direct Sales,1058.92,740.82,318.1
ORD01225,2022-11-06,C0056,P002,3,0.0,Wholesale,1789.17,886.44,902.73
ORD01024,2022-11-07,C0183,P015,1,0.1,Online,294.11,241.04,53.07
ORD01370,2022-11-07,C0045,P005,2,0.05,Online,998.36,488.86,509.5
ORD00442,2022-11-08,C0046,P020,2,0.05,Online,961.65,553.7,407.95
ORD02249,2022-11-09,C0477,P004,2,0.0,Retail,152.76,65.3,87.46
ORD00757,2022-11-09,C0447,P015,4,0.0,Online,1307.16,964.16,343.0
ORD02292,2022-11-10,C0500,P017,3,0.0,Online,258.78,106.11,152.67
ORD04803,2022-11-10,C0073,P016,2,0.1,Wholesale,668.79,493.88,174.91
ORD02798,2022-11-10,C0061,P011,3,0.0,Direct Sales,1094.46,745.86,348.6
ORD02711,2022-11-10,C0250,P019,1,0.0,Online,182.54,128.8,53.74
ORD00103,2022-11-10,C0306,P019,2,0.05,Direct Sales,346.83,257.6,89.23
ORD00480,2022-11-11,C0416,P003,2,0.0,Retail,210.74,141.7,69.04
ORD00953,2022-11-11,C0044,P004,1,0.0,Retail,76.38,32.65,43.73
ORD04298,2022-11-11,C0194,P007,1,0.15,Direct Sales,442.27,334.65,107.62
ORD03693,2022-11-11,C0188,P001,5,0.1,Online,1714.23,780.35,933.88
ORD02299,2022-11-12,C0434,P019,3,0.0,Online,547.62,386.4,161.22
ORD04551,2022-11-12,C0394,P013,5,0.0,Direct Sales,2106.2,939.35,1166.85
ORD02348,2022-11-12,C0463,P019,4,0.0,Wholesale,730.16,515.2,214.96
ORD03959,2022-11-13,C0200,P003,5,0.0,Wholesale,526.85,354.25,172.6
ORD00583,2022-11-13,C0377,P001,1,0.0,Wholesale,380.94,156.07,224.87
ORD00354,2022-11-13,C0365,P001,1,0.0,Online,380.94,156.07,224.87
ORD01836,2022-11-13,C0289,P017,1,0.05,Online,81.95,35.37,46.58
ORD01996,2022-11-13,C0042,P009,4,0.05,Wholesale,943.39,514.6,428.79
ORD04198,2022-11-13,C0106,P004,1,0.0,Direct Sales,76.38,32.65,43.73
ORD03900,2022-11-13,C0204,P009,1,0.0,Retail,248.26,128.65,119.61
ORD02316,2022-11-13,C0129,P017,1,0.1,Retail,77.63,35.37,42.26
ORD01964,2022-11-13,C0057,P016,3,0.0,Wholesale,1114.65,740.82,373.83
ORD04440,2022-11-13,C0394,P008,5,0.15,Retail,522.71,404.55,118.16
ORD02440,2022-11-14,C0223,P014,4,0.0,Direct Sales,673.8,351.48,322.32
ORD01672,2022-11-14,C0485,P016,2,0.0,Wholesale,743.1,493.88,249.22
ORD04427,2022-11-14,C0201,P005,1,0.0,Wholesale,525.45,244.43,281.02
ORD00358,2022-11-15,C0474,P010,1,0.0,Online,294.37,178.46,115.91
ORD00362,2022-11-15,C0164,P011,2,0.05,Wholesale,693.16,497.24,195.92
ORD04309,2022-11-15,C0259,P012,3,0.2,Retail,517.46,371.82,145.64
ORD02361,2022-11-15,C0121,P016,5,0.0,Wholesale,1857.75,1234.7,623.05
ORD01583,2022-11-16,C0087,P020,3,0.0,Retail,1518.39,830.55,687.84
ORD02493,2022-11-16,C0343,P016,2,0.05,Online,705.94,493.88,212.06
ORD02488,2022-11-16,C0302,P008,3,0.2,Online,295.18,242.73,52.45
ORD02444,2022-11-16,C0202,P012,3,0.05,Online,614.49,371.82,242.67
ORD00337,2022-11-16,C0468,P006,1,0.15,Direct Sales,37.76,18.03,19.73
ORD02223,2022-11-16,C0122,P013,3,0.1,Retail,1137.35,563.61,573.74
ORD03731,2022-11-16,C0073,P017,3,0.0,Wholesale,258.78,106.11,152.67
ORD04842,2022-11-17,C0331,P014,1,0.2,Wholesale,134.76,87.87,46.89
ORD02154,2022-11-17,C0069,P020,1,0.1,Wholesale,455.52,276.85,178.67
ORD01633,2022-11-17,C0080,P014,1,0.0,Online,168.45,87.87,80.58
ORD03058,2022-11-17,C0032,P012,3,0.0,Wholesale,646.83,371.82,275.01
ORD04984,2022-11-17,C0092,P008,1,0.0,Online,122.99,80.91,42.08
ORD02188,2022-11-18,C0342,P014,1,0.0,Wholesale,168.45,87.87,80.58
ORD03288,2022-11-18,C0378,P019,3,0.0,Retail,547.62,386.4,161.22
ORD01060,2022-11-18,C0366,P007,3,0.0,Retail,1560.96,1003.95,557.01
ORD00629,2022-11-18,C0062,P007,2,0.0,Online,1040.64,669.3,371.34
ORD00183,2022-11-19,C0346,P012,1,0.05,Wholesale,204.83,123.94,80.89
ORD03878,2022-11-19,C0333,P009,1,0.0,Online,248.26,128.65,119.61
ORD02018,2022-11-19,C0424,P017,1,0.1,Retail,77.63,35.37,42.26
ORD04178,2022-11-19,C0129,P005,4,0.0,Retail,2101.8,977.72,1124.08
ORD00541,2022-11-19,C0296,P016,1,0.0,Online,371.55,246.94,124.61
ORD00540,2022-11-19,C0078,P016,1,0.05,Online,352.97,246.94,106.03
ORD04709,2022-11-19,C0124,P009,2,0.0,Online,496.52,257.3,239.22
ORD02777,2022-11-19,C0485,P013,2,0.0,Online,842.48,375.74,466.74
ORD00165,2022-11-19,C0130,P015,2,0.0,Retail,653.58,482.08,171.5
ORD03563,2022-11-19,C0329,P018,4,0.0,Wholesale,3510.44,1546.4,1964.04
ORD04886,2022-11-20,C0233,P002,1,0.05,Wholesale,566.57,295.48,271.09
ORD01766,2022-11-20,C0461,P008,1,0.2,Direct Sales,98.39,80.91,17.48
ORD02897,2022-11-20,C0388,P003,2,0.1,Online,189.67,141.7,47.97
ORD01971,2022-11-20,C0210,P015,1,0.0,Wholesale,326.79,241.04,85.75
ORD01363,2022-11-20,C0150,P018,2,0.1,Wholesale,1579.7,773.2,806.5
ORD02753,2022-11-20,C0187,P010,2,0.05,Online,559.3,356.92,202.38
ORD04022,2022-11-20,C0204,P020,1,0.0,Direct Sales,506.13,276.85,229.28
ORD03591,2022-11-20,C0391,P004,1,0.05,Wholesale,72.56,32.65,39.91
ORD02485,2022-11-21,C0257,P008,1,0.0,Online,122.99,80.91,42.08
ORD04752,2022-11-21,C0260,P011,1,0.05,Online,346.58,248.62,97.96
ORD02402,2022-11-22,C0298,P004,1,0.0,Retail,76.38,32.65,43.73
ORD00391,2022-11-22,C0485,P010,1,0.0,Online,294.37,178.46,115.91
ORD01254,2022-11-23,C0169,P012,2,0.0,Retail,431.22,247.88,183.34
ORD01479,2022-11-23,C0268,P019,1,0.0,Wholesale,182.54,128.8,53.74
ORD03530,2022-11-23,C0268,P016,2,0.15,Online,631.64,493.88,137.76
ORD00050,2022-11-23,C0349,P015,3,0.0,Retail,980.37,723.12,257.25
ORD04329,2022-11-23,C0429,P007,3,0.0,Direct Sales,1560.96,1003.95,557.01
ORD01794,2022-11-23,C0180,P007,1,0.05,Retail,494.3,334.65,159.65
ORD04281,2022-11-24,C0116,P016,5,0.05,Retail,1764.86,1234.7,530.16
ORD04031,2022-11-24,C0206,P006,1,0.0,Direct Sales,44.42,18.03,26.39
ORD01667,2022-11-25,C0042,P020,1,0.0,Wholesale,506.13,276.85,229.28
ORD01885,2022-11-25,C0350,P016,4,0.15,Online,1263.27,987.76,275.51
ORD00215,2022-11-25,C0293,P004,1,0.15,Retail,64.92,32.65,32.27
ORD00459,2022-11-25,C0301,P012,5,0.1,Wholesale,970.25,619.7,350.55
ORD03730,2022-11-25,C0276,P004,1,0.05,Online,72.56,32.65,39.91
ORD03381,2022-11-25,C0367,P020,1,0.1,Wholesale,455.52,276.85,178.67
ORD02421,2022-11-25,C0308,P005,1,0.0,Wholesale,525.45,244.43,281.02
ORD02281,2022-11-26,C0089,P011,2,0.2,Retail,583.71,497.24,86.47
ORD03680,2022-11-27,C0107,P017,1,0.05,Wholesale,81.95,35.37,46.58
ORD00696,2022-11-27,C0110,P020,5,0.05,Retail,2404.12,1384.25,1019.87
ORD02583,2022-11-27,C0383,P014,2,0.0,Retail,336.9,175.74,161.16
ORD02574,2022-11-27,C0133,P020,5,0.0,Online,2530.65,1384.25,1146.4
ORD01587,2022-11-28,C0396,P007,1,0.0,Retail,520.32,334.65,185.67
ORD03986,2022-11-29,C0070,P005,3,0.1,Retail,1418.72,733.29,685.43
ORD04243,2022-11-30,C0272,P015,1,0.0,Retail,326.79,241.04,85.75
ORD02023,2022-11-30,C0462,P007,5,0.2,Online,2081.28,1673.25,408.03
ORD02275,2022-11-30,C0495,P006,1,0.05,Online,42.2,18.03,24.17
ORD02807,2022-11-30,C0242,P016,2,0.05,Direct Sales,705.94,493.88,212.06
ORD01606,2022-11-30,C0432,P008,4,0.0,Online,491.96,323.64,168.32
ORD02825,2022-11-30,C0256,P004,2,0.1,Retail,137.48,65.3,72.18
ORD04823,2022-12-01,C0151,P007,3,0.1,Retail,1404.86,1003.95,400.91
ORD00840,2022-12-01,C0432,P006,1,0.0,Online,44.42,18.03,26.39
ORD01762,2022-12-01,C0359,P016,2,0.2,Online,594.48,493.88,100.6
ORD00497,2022-12-01,C0097,P013,1,0.1,Retail,379.12,187.87,191.25
ORD02733,2022-12-01,C0008,P009,3,0.2,Retail,595.82,385.95,209.87
ORD04714,2022-12-02,C0467,P008,4,0.2,Wholesale,393.57,323.64,69.93
ORD03351,2022-12-02,C0458,P016,1,0.15,Online,315.82,246.94,68.88
ORD02077,2022-12-02,C0011,P020,1,0.05,Retail,480.82,276.85,203.97
ORD02539,2022-12-03,C0279,P004,2,0.0,Retail,152.76,65.3,87.46
ORD01317,2022-12-03,C0021,P016,1,0.05,Wholesale,352.97,246.94,106.03
ORD03260,2022-12-03,C0430,P019,5,0.2,Online,730.16,644.0,86.16
ORD02455,2022-12-03,C0411,P008,2,0.0,Online,245.98,161.82,84.16
ORD03844,2022-12-03,C0009,P015,2,0.0,Wholesale,653.58,482.08,171.5
ORD00877,2022-12-03,C0455,P007,2,0.05,Online,988.61,669.3,319.31
ORD02678,2022-12-03,C0469,P005,2,0.1,Online,945.81,488.86,456.95
ORD03510,2022-12-04,C0441,P007,1,0.0,Direct Sales,520.32,334.65,185.67
ORD01925,2022-12-04,C0122,P015,3,0.0,Direct Sales,980.37,723.12,257.25
ORD01341,2022-12-04,C0256,P003,1,0.05,Wholesale,100.1,70.85,29.25
ORD02399,2022-12-04,C0318,P005,2,0.1,Wholesale,945.81,488.86,456.95
ORD03387,2022-12-05,C0241,P014,1,0.0,Retail,168.45,87.87,80.58
ORD04480,2022-12-05,C0147,P009,3,0.05,Online,707.54,385.95,321.59
ORD03110,2022-12-05,C0151,P012,2,0.1,Online,388.1,247.88,140.22
ORD04698,2022-12-05,C0064,P015,3,0.0,Wholesale,980.37,723.12,257.25
ORD03872,2022-12-05,C0334,P019,1,0.0,Wholesale,182.54,128.8,53.74
ORD01735,2022-12-05,C0402,P002,1,0.0,Retail,596.39,295.48,300.91
ORD02329,2022-12-05,C0440,P005,2,0.0,Retail,1050.9,488.86,562.04
ORD00494,2022-12-06,C0328,P011,5,0.0,Retail,1824.1,1243.1,581.0
ORD03499,2022-12-07,C0452,P013,1,0.0,Direct Sales,421.24,187.87,233.37
ORD01057,2022-12-07,C0185,P007,1,0.15,Online,442.27,334.65,107.62
ORD02039,2022-12-07,C0327,P018,2,0.05,Retail,1667.46,773.2,894.26
ORD01310,2022-12-07,C0004,P001,2,0.0,Wholesale,761.88,312.14,449.74
ORD04137,2022-12-08,C0200,P008,2,0.0,Online,245.98,161.82,84.16
ORD03160,2022-12-08,C0215,P020,1,0.05,Retail,480.82,276.85,203.97
ORD04964,2022-12-09,C0151,P016,2,0.0,Online,743.1,493.88,249.22
ORD04801,2022-12-09,C0483,P017,2,0.0,Retail,172.52,70.74,101.78
ORD02932,2022-12-09,C0298,P012,1,0.0,Online,215.61,123.94,91.67
ORD01289,2022-12-09,C0093,P007,2,0.1,Retail,936.58,669.3,267.28
ORD01953,2022-12-09,C0431,P017,3,0.0,Online,258.78,106.11,152.67
ORD03964,2022-12-10,C0453,P015,2,0.0,Online,653.58,482.08,171.5
ORD03199,2022-12-10,C0118,P002,2,0.15,Online,1013.86,590.96,422.9
ORD02096,2022-12-10,C0439,P011,3,0.0,Direct Sales,1094.46,745.86,348.6
ORD03711,2022-12-10,C0283,P019,1,0.2,Wholesale,146.03,128.8,17.23
ORD01742,2022-12-10,C0012,P008,2,0.05,Direct Sales,233.68,161.82,71.86
ORD01115,2022-12-10,C0425,P003,1,0.0,Retail,105.37,70.85,34.52
ORD01785,2022-12-10,C0280,P008,5,0.0,Online,614.95,404.55,210.4
ORD00274,2022-12-11,C0077,P002,1,0.0,Direct Sales,596.39,295.48,300.91
ORD00071,2022-12-11,C0082,P015,3,0.05,Online,931.35,723.12,208.23
ORD01843,2022-12-11,C0456,P008,4,0.05,Wholesale,467.36,323.64,143.72
ORD03461,2022-12-11,C0402,P015,3,0.0,Online,980.37,723.12,257.25
ORD00574,2022-12-11,C0413,P003,3,0.0,Wholesale,316.11,212.55,103.56
ORD02888,2022-12-12,C0037,P015,2,0.1,Direct Sales,588.22,482.08,106.14
ORD04919,2022-12-13,C0192,P001,1,0.2,Online,304.75,156.07,148.68
ORD02189,2022-12-13,C0182,P018,3,0.0,Retail,2632.83,1159.8,1473.03
ORD00257,2022-12-13,C0046,P017,3,0.0,Direct Sales,258.78,106.11,152.67
ORD01210,2022-12-13,C0264,P012,3,0.0,Retail,646.83,371.82,275.01
ORD01204,2022-12-13,C0030,P014,4,0.05,Retail,640.11,351.48,288.63
ORD04638,2022-12-14,C0193,P009,2,0.0,Online,496.52,257.3,239.22
ORD03469,2022-12-14,C0375,P017,2,0.05,Online,163.89,70.74,93.15
ORD02401,2022-12-14,C0282,P014,2,0.0,Retail,336.9,175.74,161.16
ORD00697,2022-12-14,C0160,P002,1,0.05,Online,566.57,295.48,271.09
ORD00891,2022-12-14,C0071,P014,1,0.0,Direct Sales,168.45,87.87,80.58
ORD01671,2022-12-15,C0037,P014,1,0.0,Direct Sales,168.45,87.87,80.58
ORD00171,2022-12-15,C0081,P011,1,0.0,Retail,364.82,248.62,116.2
ORD04360,2022-12-16,C0238,P016,5,0.0,Retail,1857.75,1234.7,623.05
ORD04536,2022-12-16,C0163,P003,3,0.2,Online,252.89,212.55,40.34
ORD02938,2022-12-16,C0113,P010,2,0.15,Wholesale,500.43,356.92,143.51
ORD01491,2022-12-16,C0018,P020,4,0.15,Wholesale,1720.84,1107.4,613.44
ORD03925,2022-12-16,C0273,P014,4,0.0,Retail,673.8,351.48,322.32
ORD02930,2022-12-16,C0163,P015,1,0.15,Retail,277.77,241.04,36.73
ORD00316,2022-12-16,C0120,P004,2,0.0,Retail,152.76,65.3,87.46
ORD01135,2022-12-17,C0274,P007,4,0.0,Online,2081.28,1338.6,742.68
ORD00414,2022-12-17,C0182,P002,3,0.15,Wholesale,1520.79,886.44,634.35
ORD02302,2022-12-17,C0412,P008,2,0.0,Retail,245.98,161.82,84.16
ORD04878,2022-12-17,C0055,P016,3,0.2,Wholesale,891.72,740.82,150.9
ORD02398,2022-12-17,C0100,P019,1,0.0,Wholesale,182.54,128.8,53.74
ORD03994,2022-12-18,C0341,P011,1,0.2,Online,291.86,248.62,43.24
ORD04753,2022-12-18,C0308,P004,4,0.0,Wholesale,305.52,130.6,174.92
ORD03705,2022-12-18,C0453,P013,1,0.0,Direct Sales,421.24,187.87,233.37
ORD01248,2022-12-18,C0439,P002,2,0.0,Online,1192.78,590.96,601.82
ORD00684,2022-12-19,C0151,P008,1,0.1,Wholesale,110.69,80.91,29.78
ORD03968,2022-12-19,C0113,P005,1,0.0,Wholesale,525.45,244.43,281.02
ORD02449,2022-12-19,C0025,P009,1,0.05,Wholesale,235.85,128.65,107.2
ORD03787,2022-12-19,C0320,P016,2,0.2,Retail,594.48,493.88,100.6
ORD03019,2022-12-20,C0016,P005,2,0.0,Online,1050.9,488.86,562.04
ORD03293,2022-12-20,C0248,P008,1,0.0,Retail,122.99,80.91,42.08
ORD02518,2022-12-20,C0041,P001,5,0.15,Online,1619.0,780.35,838.65
ORD00483,2022-12-20,C0167,P015,4,0.1,Wholesale,1176.44,964.16,212.28
ORD00361,2022-12-20,C0379,P002,3,0.05,Direct Sales,1699.71,886.44,813.27
ORD00271,2022-12-20,C0263,P011,4,0.0,Direct Sales,1459.28,994.48,464.8
ORD03420,2022-12-20,C0326,P017,1,0.1,Retail,77.63,35.37,42.26
ORD04301,2022-12-20,C0189,P010,1,0.1,Retail,264.93,178.46,86.47
ORD01320,2022-12-21,C0147,P014,4,0.0,Retail,673.8,351.48,322.32
ORD00515,2022-12-21,C0256,P017,1,0.0,Wholesale,86.26,35.37,50.89
ORD03215,2022-12-21,C0200,P019,1,0.0,Direct Sales,182.54,128.8,53.74
ORD04747,2022-12-21,C0154,P019,2,0.2,Direct Sales,292.06,257.6,34.46
ORD01465,2022-12-21,C0492,P007,1,0.1,Wholesale,468.29,334.65,133.64
ORD04668,2022-12-21,C0105,P011,1,0.0,Online,364.82,248.62,116.2
ORD04934,2022-12-22,C0160,P003,1,0.1,Online,94.83,70.85,23.98
ORD02158,2022-12-22,C0409,P005,1,0.0,Direct Sales,525.45,244.43,281.02
ORD02848,2022-12-23,C0158,P013,4,0.1,Online,1516.46,751.48,764.98
ORD01356,2022-12-23,C0059,P009,2,0.0,Retail,496.52,257.3,239.22
ORD03758,2022-12-23,C0157,P003,5,0.05,Retail,500.51,354.25,146.26
ORD02634,2022-12-23,C0094,P006,2,0.0,Retail,88.84,36.06,52.78
ORD01603,2022-12-23,C0315,P009,3,0.0,Retail,744.78,385.95,358.83
ORD02436,2022-12-23,C0235,P004,5,0.1,Retail,343.71,163.25,180.46
ORD03272,2022-12-23,C0480,P005,3,0.05,Online,1497.53,733.29,764.24
ORD02260,2022-12-23,C0441,P008,1,0.15,Online,104.54,80.91,23.63
ORD00326,2022-12-24,C0201,P014,2,0.15,Online,286.36,175.74,110.62
ORD03114,2022-12-24,C0230,P013,1,0.05,Wholesale,400.18,187.87,212.31
ORD04071,2022-12-24,C0418,P012,1,0.0,Online,215.61,123.94,91.67
ORD02321,2022-12-24,C0015,P003,1,0.0,Online,105.37,70.85,34.52
ORD04349,2022-12-24,C0272,P017,2,0.0,Online,172.52,70.74,101.78
ORD04199,2022-12-25,C0352,P017,1,0.05,Wholesale,81.95,35.37,46.58
ORD03938,2022-12-25,C0355,P014,3,0.0,Online,505.35,263.61,241.74
ORD00533,2022-12-25,C0390,P020,1,0.05,Online,480.82,276.85,203.97
ORD04794,2022-12-25,C0465,P004,3,0.0,Direct Sales,229.14,97.95,131.19
ORD01245,2022-12-25,C0469,P001,1,0.0,Retail,380.94,156.07,224.87
ORD02103,2022-12-25,C0073,P009,1,0.1,Online,223.43,128.65,94.78
ORD03313,2022-12-25,C0050,P017,2,0.1,Online,155.27,70.74,84.53
ORD00671,2022-12-25,C0146,P014,1,0.0,Retail,168.45,87.87,80.58
ORD02051,2022-12-26,C0372,P017,2,0.0,Online,172.52,70.74,101.78
ORD02206,2022-12-26,C0403,P019,1,0.0,Online,182.54,128.8,53.74
ORD03017,2022-12-27,C0129,P007,3,0.15,Retail,1326.82,1003.95,322.87
ORD04439,2022-12-27,C0060,P018,1,0.15,Retail,745.97,386.6,359.37
ORD03268,2022-12-27,C0303,P009,2,0.0,Retail,496.52,257.3,239.22
ORD04463,2022-12-28,C0111,P003,3,0.1,Wholesale,284.5,212.55,71.95
ORD02032,2022-12-28,C0126,P004,4,0.05,Retail,290.24,130.6,159.64
ORD02371,2022-12-29,C0441,P001,3,0.0,Direct Sales,1142.82,468.21,674.61
ORD01146,2022-12-29,C0052,P008,1,0.1,Retail,110.69,80.91,29.78
ORD01450,2022-12-29,C0397,P009,1,0.0,Direct Sales,248.26,128.65,119.61
ORD00445,2022-12-29,C0290,P011,3,0.05,Online,1039.74,745.86,293.88
ORD04212,2022-12-29,C0123,P007,4,0.0,Wholesale,2081.28,1338.6,742.68
ORD00691,2022-12-29,C0055,P011,4,0.05,Retail,1386.32,994.48,391.84
ORD02846,2022-12-29,C0429,P011,2,0.2,Retail,583.71,497.24,86.47
ORD01744,2022-12-29,C0376,P014,1,0.0,Wholesale,168.45,87.87,80.58
ORD00051,2022-12-30,C0378,P015,3,0.0,Online,980.37,723.12,257.25
ORD03173,2022-12-30,C0397,P015,1,0.0,Direct Sales,326.79,241.04,85.75
ORD01702,2022-12-30,C0334,P012,3,0.0,Wholesale,646.83,371.82,275.01
ORD01335,2022-12-30,C0040,P007,3,0.0,Retail,1560.96,1003.95,557.01
ORD03548,2022-12-30,C0457,P008,4,0.2,Online,393.57,323.64,69.93
ORD03093,2022-12-30,C0479,P006,4,0.1,Direct Sales,159.91,72.12,87.79
ORD00089,2022-12-31,C0143,P011,2,0.0,Wholesale,729.64,497.24,232.4
ORD04660,2022-12-31,C0294,P018,2,0.15,Wholesale,1491.94,773.2,718.74
ORD03382,2022-12-31,C0095,P020,2,0.0,Direct Sales,1012.26,553.7,458.56
ORD04225,2022-12-31,C0051,P006,1,0.05,Retail,42.2,18.03,24.17
ORD04924,2022-12-31,C0297,P002,1,0.05,Online,566.57,295.48,271.09
ORD02995,2023-01-01,C0076,P009,1,0.0,Online,248.26,128.65,119.61
ORD04465,2023-01-01,C0500,P001,1,0.15,Wholesale,323.8,156.07,167.73
ORD04035,2023-01-01,C0500,P015,1,0.05,Online,310.45,241.04,69.41
ORD01039,2023-01-02,C0284,P020,1,0.0,Online,506.13,276.85,229.28
ORD03388,2023-01-03,C0139,P003,3,0.1,Online,284.5,212.55,71.95
ORD00799,2023-01-03,C0160,P003,1,0.05,Wholesale,100.1,70.85,29.25
ORD03183,2023-01-03,C0102,P013,2,0.0,Wholesale,842.48,375.74,466.74
ORD00892,2023-01-03,C0199,P020,4,0.0,Retail,2024.52,1107.4,917.12
ORD01340,2023-01-03,C0486,P009,4,0.0,Retail,993.04,514.6,478.44
ORD01788,2023-01-03,C0006,P015,5,0.15,Direct Sales,1388.86,1205.2,183.66
ORD00199,2023-01-03,C0208,P005,5,0.1,Online,2364.52,1222.15,1142.37
ORD02850,2023-01-03,C0193,P008,4,0.0,Wholesale,491.96,323.64,168.32
ORD04597,2023-01-03,C0028,P019,2,0.0,Online,365.08,257.6,107.48
ORD01877,2023-01-04,C0474,P018,4,0.0,Retail,3510.44,1546.4,1964.04
ORD03148,2023-01-04,C0494,P014,1,0.0,Online,168.45,87.87,80.58
ORD03166,2023-01-04,C0295,P009,1,0.15,Direct Sales,211.02,128.65,82.37
ORD01107,2023-01-04,C0324,P018,4,0.15,Retail,2983.87,1546.4,1437.47
ORD00396,2023-01-04,C0030,P010,3,0.15,Direct Sales,750.64,535.38,215.26
ORD03251,2023-01-04,C0062,P004,4,0.05,Retail,290.24,130.6,159.64
ORD03809,2023-01-04,C0331,P007,3,0.05,Wholesale,1482.91,1003.95,478.96
ORD01983,2023-01-05,C0172,P009,2,0.05,Wholesale,471.69,257.3,214.39
ORD04195,2023-01-05,C0151,P008,3,0.05,Wholesale,350.52,242.73,107.79
ORD02760,2023-01-05,C0166,P017,1,0.0,Retail,86.26,35.37,50.89
ORD03317,2023-01-05,C0308,P009,3,0.0,Direct Sales,744.78,385.95,358.83
ORD01202,2023-01-05,C0277,P006,2,0.0,Online,88.84,36.06,52.78
ORD00200,2023-01-05,C0325,P020,1,0.0,Online,506.13,276.85,229.28
ORD00899,2023-01-05,C0392,P001,2,0.05,Retail,723.79,312.14,411.65
ORD00147,2023-01-05,C0089,P003,4,0.0,Direct Sales,421.48,283.4,138.08
ORD01265,2023-01-06,C0121,P010,3,0.05,Online,838.95,535.38,303.57
ORD04471,2023-01-06,C0332,P012,2,0.05,Retail,409.66,247.88,161.78
ORD03839,2023-01-06,C0109,P009,1,0.05,Wholesale,235.85,128.65,107.2
ORD03947,2023-01-06,C0370,P005,1,0.15,Online,446.63,244.43,202.2
ORD04001,2023-01-07,C0196,P004,1,0.15,Retail,64.92,32.65,32.27
ORD02273,2023-01-07,C0174,P020,1,0.05,Retail,480.82,276.85,203.97
ORD02823,2023-01-07,C0002,P014,1,0.1,Online,151.6,87.87,63.73
ORD04267,2023-01-07,C0399,P003,1,0.05,Retail,100.1,70.85,29.25
ORD00248,2023-01-07,C0297,P011,1,0.0,Online,364.82,248.62,116.2
ORD03491,2023-01-07,C0474,P003,2,0.0,Wholesale,210.74,141.7,69.04
ORD03941,2023-01-07,C0314,P015,5,0.05,Wholesale,1552.25,1205.2,347.05
ORD01656,2023-01-08,C0302,P017,2,0.1,Online,155.27,70.74,84.53
ORD01940,2023-01-08,C0123,P002,4,0.15,Retail,2027.73,1181.92,845.81
ORD00056,2023-01-08,C0048,P008,2,0.1,Wholesale,221.38,161.82,59.56
ORD04640,2023-01-08,C0069,P015,2,0.0,Online,653.58,482.08,171.5
ORD03502,2023-01-08,C0236,P002,1,0.05,Retail,566.57,295.48,271.09
ORD01211,2023-01-08,C0097,P010,1,0.1,Online,264.93,178.46,86.47
ORD03410,2023-01-08,C0181,P012,1,0.0,Retail,215.61,123.94,91.67
ORD03599,2023-01-08,C0391,P017,3,0.0,Online,258.78,106.11,152.67
ORD00902,2023-01-08,C0345,P013,3,0.15,Wholesale,1074.16,563.61,510.55
ORD04086,2023-01-08,C0011,P017,3,0.05,Retail,245.84,106.11,139.73
ORD01409,2023-01-09,C0150,P002,1,0.0,Wholesale,596.39,295.48,300.91
ORD03531,2023-01-09,C0460,P002,4,0.2,Online,1908.45,1181.92,726.53
ORD03320,2023-01-09,C0420,P012,2,0.0,Online,431.22,247.88,183.34
ORD01875,2023-01-09,C0200,P010,1,0.0,Retail,294.37,178.46,115.91
ORD02757,2023-01-09,C0453,P005,2,0.0,Retail,1050.9,488.86,562.04
ORD00446,2023-01-09,C0482,P019,3,0.0,Retail,547.62,386.4,161.22
ORD02224,2023-01-09,C0364,P001,5,0.05,Retail,1809.46,780.35,1029.11
ORD02535,2023-01-10,C0010,P004,4,0.15,Retail,259.69,130.6,129.09
ORD02584,2023-01-10,C0104,P003,1,0.0,Direct Sales,105.37,70.85,34.52
ORD02328,2023-01-10,C0241,P008,1,0.0,Online,122.99,80.91,42.08
ORD02313,2023-01-10,C0489,P008,1,0.05,Online,116.84,80.91,35.93
ORD04331,2023-01-10,C0431,P018,5,0.1,Direct Sales,3949.25,1933.0,2016.25
ORD02163,2023-01-10,C0293,P011,1,0.15,Online,310.1,248.62,61.48
ORD02020,2023-01-10,C0034,P014,1,0.0,Direct Sales,168.45,87.87,80.58
ORD00005,2023-01-10,C0353,P014,3,0.0,Online,505.35,263.61,241.74
ORD02030,2023-01-11,C0429,P017,1,0.0,Wholesale,86.26,35.37,50.89
ORD02923,2023-01-11,C0403,P015,1,0.05,Retail,310.45,241.04,69.41
ORD03999,2023-01-11,C0120,P017,1,0.0,Wholesale,86.26,35.37,50.89
ORD02410,2023-01-12,C0073,P019,2,0.0,Wholesale,365.08,257.6,107.48
ORD01889,2023-01-12,C0397,P002,4,0.0,Retail,2385.56,1181.92,1203.64
ORD02577,2023-01-12,C0373,P011,1,0.05,Direct Sales,346.58,248.62,97.96
ORD02996,2023-01-13,C0106,P010,2,0.2,Retail,470.99,356.92,114.07
ORD00479,2023-01-13,C0008,P014,3,0.15,Online,429.55,263.61,165.94
ORD04482,2023-01-13,C0163,P001,1,0.0,Retail,380.94,156.07,224.87
ORD01567,2023-01-14,C0267,P002,1,0.0,Direct Sales,596.39,295.48,300.91
ORD01106,2023-01-14,C0133,P007,2,0.05,Wholesale,988.61,669.3,319.31
ORD04541,2023-01-14,C0148,P015,1,0.0,Retail,326.79,241.04,85.75
ORD02838,2023-01-15,C0427,P018,4,0.0,Retail,3510.44,1546.4,1964.04
ORD00145,2023-01-15,C0335,P018,4,0.1,Online,3159.4,1546.4,1613.0
ORD03610,2023-01-15,C0367,P013,1,0.05,Wholesale,400.18,187.87,212.31
ORD03752,2023-01-15,C0161,P007,1,0.0,Online,520.32,334.65,185.67
ORD04975,2023-01-15,C0247,P011,3,0.1,Online,985.01,745.86,239.15
ORD04741,2023-01-16,C0337,P010,1,0.0,Retail,294.37,178.46,115.91
ORD00447,2023-01-16,C0372,P009,3,0.0,Online,744.78,385.95,358.83
ORD01421,2023-01-16,C0469,P003,1,0.15,Online,89.56,70.85,18.71
ORD04390,2023-01-17,C0223,P008,3,0.15,Online,313.62,242.73,70.89
ORD00178,2023-01-17,C0343,P009,1,0.1,Retail,223.43,128.65,94.78
ORD02044,2023-01-17,C0145,P008,1,0.0,Online,122.99,80.91,42.08
ORD02115,2023-01-17,C0338,P002,1,0.0,Direct Sales,596.39,295.48,300.91
ORD04263,2023-01-18,C0364,P007,2,0.0,Wholesale,1040.64,669.3,371.34
ORD03370,2023-01-18,C0276,P002,2,0.0,Online,1192.78,590.96,601.82
ORD01000,2023-01-18,C0076,P012,1,0.0,Wholesale,215.61,123.94,91.67
ORD00449,2023-01-18,C0242,P009,1,0.05,Online,235.85,128.65,107.2
ORD00942,2023-01-19,C0362,P008,1,0.05,Retail,116.84,80.91,35.93
ORD00801,2023-01-19,C0250,P010,2,0.1,Direct Sales,529.87,356.92,172.95
ORD04279,2023-01-19,C0179,P010,2,0.0,Online,588.74,356.92,231.82
ORD04779,2023-01-20,C0395,P002,1,0.1,Direct Sales,536.75,295.48,241.27
ORD04124,2023-01-20,C0042,P004,1,0.05,Online,72.56,32.65,39.91
ORD02955,2023-01-20,C0275,P019,3,0.0,Retail,547.62,386.4,161.22
ORD03224,2023-01-21,C0437,P011,1,0.0,Wholesale,364.82,248.62,116.2
ORD01703,2023-01-21,C0365,P013,3,0.0,Retail,1263.72,563.61,700.11
ORD03447,2023-01-21,C0407,P007,2,0.1,Wholesale,936.58,669.3,267.28
ORD03128,2023-01-21,C0168,P007,4,0.0,Online,2081.28,1338.6,742.68
ORD01859,2023-01-22,C0299,P017,1,0.0,Retail,86.26,35.37,50.89
ORD01516,2023-01-22,C0059,P007,1,0.05,Online,494.3,334.65,159.65
ORD03572,2023-01-22,C0052,P014,1,0.05,Online,160.03,87.87,72.16
ORD02610,2023-01-23,C0288,P001,3,0.05,Online,1085.68,468.21,617.47
ORD03157,2023-01-23,C0443,P010,3,0.0,Retail,883.11,535.38,347.73
ORD04435,2023-01-23,C0446,P012,1,0.0,Online,215.61,123.94,91.67
ORD01249,2023-01-23,C0370,P020,3,0.15,Retail,1290.63,830.55,460.08
ORD03827,2023-01-23,C0410,P020,2,0.0,Online,1012.26,553.7,458.56
ORD01453,2023-01-24,C0439,P008,1,0.05,Online,116.84,80.91,35.93
ORD02216,2023-01-24,C0204,P011,2,0.0,Online,729.64,497.24,232.4
ORD00252,2023-01-24,C0002,P005,1,0.1,Wholesale,472.9,244.43,228.47
ORD04029,2023-01-25,C0294,P005,3,0.05,Retail,1497.53,733.29,764.24
ORD03432,2023-01-25,C0298,P007,3,0.1,Retail,1404.86,1003.95,400.91
ORD04311,2023-01-25,C0067,P020,1,0.0,Online,506.13,276.85,229.28
ORD00210,2023-01-25,C0483,P006,1,0.15,Retail,37.76,18.03,19.73
ORD03721,2023-01-25,C0474,P004,2,0.05,Retail,145.12,65.3,79.82
ORD00245,2023-01-25,C0297,P013,2,0.0,Online,842.48,375.74,466.74
ORD02098,2023-01-25,C0335,P003,1,0.0,Direct Sales,105.37,70.85,34.52
ORD02195,2023-01-26,C0111,P002,1,0.1,Online,536.75,295.48,241.27
ORD02633,2023-01-26,C0087,P005,1,0.0,Retail,525.45,244.43,281.02
ORD02920,2023-01-26,C0274,P009,3,0.15,Online,633.06,385.95,247.11
ORD04872,2023-01-27,C0128,P018,4,0.05,Retail,3334.92,1546.4,1788.52
ORD03122,2023-01-27,C0447,P020,3,0.05,Online,1442.47,830.55,611.92
ORD04196,2023-01-27,C0282,P006,1,0.0,Online,44.42,18.03,26.39
ORD03322,2023-01-27,C0302,P002,1,0.0,Online,596.39,295.48,300.91
ORD02631,2023-01-27,C0342,P017,3,0.1,Online,232.9,106.11,126.79
ORD01518,2023-01-28,C0380,P015,1,0.0,Online,326.79,241.04,85.75
ORD02576,2023-01-28,C0318,P012,3,0.0,Online,646.83,371.82,275.01
ORD02891,2023-01-28,C0156,P002,3,0.1,Retail,1610.25,886.44,723.81
ORD00182,2023-01-28,C0257,P012,1,0.0,Retail,215.61,123.94,91.67
ORD01509,2023-01-29,C0142,P001,2,0.0,Online,761.88,312.14,449.74
ORD01330,2023-01-29,C0178,P005,1,0.1,Retail,472.9,244.43,228.47
ORD03825,2023-01-30,C0429,P013,2,0.0,Retail,842.48,375.74,466.74
ORD04692,2023-01-30,C0114,P001,4,0.0,Retail,1523.76,624.28,899.48
ORD01412,2023-01-30,C0490,P004,3,0.05,Online,217.68,97.95,119.73
ORD02651,2023-01-30,C0289,P014,1,0.1,Retail,151.6,87.87,63.73
ORD03311,2023-01-30,C0380,P016,3,0.0,Online,1114.65,740.82,373.83
ORD01483,2023-01-30,C0440,P019,1,0.05,Retail,173.41,128.8,44.61
ORD01318,2023-01-30,C0448,P011,1,0.1,Retail,328.34,248.62,79.72
ORD02129,2023-01-31,C0414,P004,4,0.05,Online,290.24,130.6,159.64
ORD04700,2023-01-31,C0483,P013,5,0.0,Direct Sales,2106.2,939.35,1166.85
ORD00917,2023-01-31,C0500,P010,2,0.1,Online,529.87,356.92,172.95
ORD02801,2023-01-31,C0245,P001,1,0.0,Online,380.94,156.07,224.87
ORD01473,2023-02-01,C0230,P006,1,0.0,Wholesale,44.42,18.03,26.39
ORD03480,2023-02-01,C0456,P010,2,0.1,Wholesale,529.87,356.92,172.95
ORD00024,2023-02-01,C0441,P009,3,0.0,Retail,744.78,385.95,358.83
ORD03062,2023-02-02,C0064,P013,1,0.2,Online,336.99,187.87,149.12
ORD04663,2023-02-02,C0332,P004,1,0.0,Wholesale,76.38,32.65,43.73
ORD01149,2023-02-02,C0334,P007,1,0.1,Wholesale,468.29,334.65,133.64
ORD04141,2023-02-02,C0215,P002,1,0.0,Online,596.39,295.48,300.91
ORD00250,2023-02-02,C0145,P008,3,0.0,Direct Sales,368.97,242.73,126.24
ORD02537,2023-02-02,C0206,P016,1,0.05,Online,352.97,246.94,106.03
ORD02301,2023-02-03,C0206,P019,1,0.1,Retail,164.29,128.8,35.49
ORD03494,2023-02-03,C0478,P016,1,0.0,Online,371.55,246.94,124.61
ORD04925,2023-02-03,C0108,P001,2,0.0,Retail,761.88,312.14,449.74
ORD00304,2023-02-03,C0413,P020,3,0.0,Online,1518.39,830.55,687.84
ORD03467,2023-02-03,C0378,P005,1,0.15,Wholesale,446.63,244.43,202.2
ORD00144,2023-02-04,C0092,P014,1,0.0,Online,168.45,87.87,80.58
ORD01841,2023-02-04,C0256,P001,2,0.0,Retail,761.88,312.14,449.74
ORD02540,2023-02-04,C0410,P018,3,0.15,Retail,2237.91,1159.8,1078.11
ORD04041,2023-02-04,C0247,P008,1,0.0,Online,122.99,80.91,42.08
ORD04949,2023-02-04,C0104,P005,4,0.2,Retail,1681.44,977.72,703.72
ORD01497,2023-02-04,C0145,P017,2,0.15,Direct Sales,146.64,70.74,75.9
ORD01362,2023-02-05,C0295,P003,1,0.15,Wholesale,89.56,70.85,18.71
ORD01206,2023-02-05,C0344,P017,1,0.15,Retail,73.32,35.37,37.95
ORD04908,2023-02-05,C0341,P003,4,0.15,Wholesale,358.26,283.4,74.86
ORD04628,2023-02-05,C0221,P017,1,0.05,Wholesale,81.95,35.37,46.58
ORD01617,2023-02-05,C0482,P010,1,0.05,Online,279.65,178.46,101.19
ORD02190,2023-02-05,C0325,P011,4,0.05,Online,1386.32,994.48,391.84
ORD04131,2023-02-05,C0332,P013,1,0.1,Online,379.12,187.87,191.25
ORD03417,2023-02-05,C0062,P002,1,0.05,Retail,566.57,295.48,271.09
ORD01574,2023-02-05,C0485,P017,3,0.0,Retail,258.78,106.11,152.67
ORD00070,2023-02-05,C0091,P011,1,0.0,Retail,364.82,248.62,116.2
ORD02357,2023-02-06,C0069,P017,3,0.0,Direct Sales,258.78,106.11,152.67
ORD01467,2023-02-06,C0101,P002,2,0.0,Wholesale,1192.78,590.96,601.82
ORD00185,2023-02-06,C0050,P013,3,0.05,Online,1200.53,563.61,636.92
ORD03460,2023-02-07,C0330,P020,1,0.05,Online,480.82,276.85,203.97
ORD00031,2023-02-07,C0129,P004,2,0.05,Direct Sales,145.12,65.3,79.82
ORD03597,2023-02-08,C0116,P005,1,0.05,Online,499.18,244.43,254.75
ORD03780,2023-02-08,C0076,P015,2,0.1,Retail,588.22,482.08,106.14
ORD03446,2023-02-08,C0272,P019,2,0.05,Online,346.83,257.6,89.23
ORD02017,2023-02-09,C0060,P019,1,0.0,Wholesale,182.54,128.8,53.74
ORD04720,2023-02-09,C0339,P019,2,0.0,Retail,365.08,257.6,107.48
ORD02769,2023-02-10,C0246,P007,1,0.0,Retail,520.32,334.65,185.67
ORD04721,2023-02-10,C0267,P019,4,0.2,Online,584.13,515.2,68.93
ORD01277,2023-02-10,C0442,P002,1,0.1,Wholesale,536.75,295.48,241.27
ORD01385,2023-02-10,C0411,P019,2,0.15,Direct Sales,310.32,257.6,52.72
ORD00738,2023-02-10,C0427,P003,3,0.0,Online,316.11,212.55,103.56
ORD02791,2023-02-11,C0339,P010,1,0.0,Direct Sales,294.37,178.46,115.91
ORD02265,2023-02-11,C0295,P011,1,0.1,Retail,328.34,248.62,79.72
ORD01962,2023-02-11,C0084,P010,3,0.1,Retail,794.8,535.38,259.42
ORD02125,2023-02-11,C0405,P012,2,0.0,Retail,431.22,247.88,183.34
ORD04710,2023-02-11,C0297,P019,5,0.2,Direct Sales,730.16,644.0,86.16
ORD01545,2023-02-11,C0418,P008,1,0.05,Online,116.84,80.91,35.93
ORD03742,2023-02-12,C0073,P013,3,0.0,Wholesale,1263.72,563.61,700.11
ORD02737,2023-02-12,C0040,P004,1,0.1,Wholesale,68.74,32.65,36.09
ORD02560,2023-02-12,C0186,P010,1,0.0,Retail,294.37,178.46,115.91
ORD02203,2023-02-13,C0111,P018,1,0.1,Online,789.85,386.6,403.25
ORD01253,2023-02-13,C0271,P001,3,0.0,Retail,1142.82,468.21,674.61
ORD01630,2023-02-13,C0481,P014,1,0.0,Wholesale,168.45,87.87,80.58
ORD04650,2023-02-14,C0354,P004,1,0.1,Online,68.74,32.65,36.09
ORD04961,2023-02-14,C0384,P019,1,0.05,Online,173.41,128.8,44.61
ORD01563,2023-02-14,C0067,P020,1,0.05,Wholesale,480.82,276.85,203.97
ORD00824,2023-02-14,C0325,P018,1,0.05,Online,833.73,386.6,447.13
ORD01487,2023-02-14,C0392,P014,2,0.2,Online,269.52,175.74,93.78
ORD03451,2023-02-14,C0086,P016,2,0.0,Wholesale,743.1,493.88,249.22
ORD00030,2023-02-15,C0148,P006,1,0.0,Retail,44.42,18.03,26.39
ORD00484,2023-02-15,C0020,P013,2,0.05,Wholesale,800.36,375.74,424.62
ORD00084,2023-02-15,C0082,P019,1,0.0,Retail,182.54,128.8,53.74
ORD02988,2023-02-16,C0337,P005,3,0.0,Online,1576.35,733.29,843.06
ORD01080,2023-02-16,C0369,P010,1,0.1,Wholesale,264.93,178.46,86.47
ORD01970,2023-02-16,C0454,P003,2,0.0,Online,210.74,141.7,69.04
ORD00465,2023-02-16,C0276,P010,1,0.1,Online,264.93,178.46,86.47
ORD01352,2023-02-16,C0034,P013,1,0.0,Wholesale,421.24,187.87,233.37
ORD03612,2023-02-17,C0443,P007,1,0.0,Online,520.32,334.65,185.67
ORD00618,2023-02-17,C0381,P020,2,0.05,Online,961.65,553.7,407.95
ORD01523,2023-02-17,C0455,P018,2,0.1,Retail,1579.7,773.2,806.5
ORD02728,2023-02-17,C0156,P019,4,0.0,Retail,730.16,515.2,214.96
ORD02445,2023-02-18,C0190,P004,3,0.05,Retail,217.68,97.95,119.73
ORD02175,2023-02-19,C0055,P018,1,0.05,Direct Sales,833.73,386.6,447.13
ORD04941,2023-02-19,C0187,P018,3,0.1,Online,2369.55,1159.8,1209.75
ORD03650,2023-02-19,C0082,P011,3,0.1,Online,985.01,745.86,239.15
ORD00076,2023-02-19,C0045,P010,2,0.0,Retail,588.74,356.92,231.82
ORD03408,2023-02-19,C0219,P013,4,0.0,Online,1684.96,751.48,933.48
ORD00678,2023-02-19,C0232,P009,1,0.05,Online,235.85,128.65,107.2
ORD03468,2023-02-19,C0082,P009,5,0.0,Online,1241.3,643.25,598.05
ORD03719,2023-02-19,C0393,P002,3,0.05,Online,1699.71,886.44,813.27
ORD00309,2023-02-20,C0482,P009,1,0.0,Online,248.26,128.65,119.61
ORD01153,2023-02-20,C0388,P016,1,0.05,Wholesale,352.97,246.94,106.03
ORD01999,2023-02-20,C0380,P008,4,0.15,Direct Sales,418.17,323.64,94.53
ORD00965,2023-02-21,C0160,P006,2,0.0,Retail,88.84,36.06,52.78
ORD01314,2023-02-21,C0121,P012,1,0.1,Direct Sales,194.05,123.94,70.11
ORD04793,2023-02-21,C0208,P019,1,0.05,Online,173.41,128.8,44.61
ORD03618,2023-02-21,C0338,P004,1,0.0,Online,76.38,32.65,43.73
ORD04069,2023-02-21,C0159,P014,2,0.0,Wholesale,336.9,175.74,161.16
ORD03057,2023-02-21,C0038,P018,1,0.0,Direct Sales,877.61,386.6,491.01
ORD02698,2023-02-22,C0361,P019,5,0.1,Direct Sales,821.43,644.0,177.43
ORD04448,2023-02-22,C0411,P005,1,0.0,Retail,525.45,244.43,281.02
ORD02212,2023-02-22,C0078,P019,1,0.0,Retail,182.54,128.8,53.74
ORD00561,2023-02-22,C0290,P001,1,0.0,Online,380.94,156.07,224.87
ORD00712,2023-02-22,C0341,P004,2,0.0,Retail,152.76,65.3,87.46
ORD03777,2023-02-22,C0159,P012,4,0.0,Retail,862.44,495.76,366.68
ORD03850,2023-02-23,C0482,P015,3,0.1,Wholesale,882.33,723.12,159.21
ORD04470,2023-02-23,C0325,P019,4,0.1,Online,657.14,515.2,141.94
ORD04560,2023-02-23,C0355,P020,2,0.05,Online,961.65,553.7,407.95
ORD04188,2023-02-23,C0442,P013,4,0.15,Direct Sales,1432.22,751.48,680.74
ORD01578,2023-02-24,C0051,P002,4,0.05,Retail,2266.28,1181.92,1084.36
ORD01230,2023-02-24,C0201,P001,1,0.2,Online,304.75,156.07,148.68
ORD04664,2023-02-24,C0239,P020,2,0.05,Online,961.65,553.7,407.95
ORD04637,2023-02-24,C0335,P002,1,0.15,Retail,506.93,295.48,211.45
ORD01572,2023-02-25,C0066,P016,1,0.15,Retail,315.82,246.94,68.88
ORD01367,2023-02-25,C0015,P005,1,0.2,Direct Sales,420.36,244.43,175.93
ORD01179,2023-02-25,C0054,P008,4,0.0,Wholesale,491.96,323.64,168.32
ORD02881,2023-02-26,C0055,P002,1,0.2,Retail,477.11,295.48,181.63
ORD04237,2023-02-26,C0174,P005,1,0.15,Online,446.63,244.43,202.2
ORD04015,2023-02-26,C0169,P014,2,0.05,Retail,320.05,175.74,144.31
ORD01830,2023-02-27,C0314,P001,4,0.0,Wholesale,1523.76,624.28,899.48
ORD02503,2023-02-27,C0132,P020,1,0.0,Wholesale,506.13,276.85,229.28
ORD03436,2023-02-27,C0498,P007,3,0.05,Wholesale,1482.91,1003.95,478.96
ORD04391,2023-02-27,C0452,P006,2,0.0,Direct Sales,88.84,36.06,52.78
ORD00952,2023-02-27,C0022,P012,2,0.1,Retail,388.1,247.88,140.22
ORD00388,2023-02-27,C0082,P016,4,0.0,Wholesale,1486.2,987.76,498.44
ORD00531,2023-02-27,C0026,P010,1,0.2,Wholesale,235.5,178.46,57.04
ORD02243,2023-02-28,C0197,P018,5,0.05,Online,4168.65,1933.0,2235.65
ORD01287,2023-02-28,C0412,P018,4,0.0,Wholesale,3510.44,1546.4,1964.04
ORD02672,2023-02-28,C0500,P013,2,0.0,Wholesale,842.48,375.74,466.74
ORD04156,2023-03-01,C0396,P014,4,0.1,Online,606.42,351.48,254.94
ORD04317,2023-03-01,C0068,P005,3,0.0,Retail,1576.35,733.29,843.06
ORD00636,2023-03-01,C0380,P020,2,0.0,Online,1012.26,553.7,458.56
ORD02697,2023-03-01,C0182,P003,1,0.2,Wholesale,84.3,70.85,13.45
ORD00789,2023-03-01,C0229,P018,1,0.0,Retail,877.61,386.6,491.01
ORD04063,2023-03-01,C0198,P012,1,0.0,Online,215.61,123.94,91.67
ORD04036,2023-03-01,C0129,P006,1,0.0,Wholesale,44.42,18.03,26.39
ORD02354,2023-03-02,C0285,P010,3,0.0,Wholesale,883.11,535.38,347.73
ORD03779,2023-03-02,C0492,P017,2,0.05,Direct Sales,163.89,70.74,93.15
ORD01051,2023-03-02,C0071,P009,2,0.0,Retail,496.52,257.3,239.22
ORD01936,2023-03-02,C0266,P004,1,0.05,Wholesale,72.56,32.65,39.91
ORD04092,2023-03-02,C0176,P017,1,0.0,Retail,86.26,35.37,50.89
ORD02854,2023-03-04,C0389,P011,1,0.0,Direct Sales,364.82,248.62,116.2
ORD02531,2023-03-04,C0228,P018,4,0.0,Retail,3510.44,1546.4,1964.04
ORD02779,2023-03-04,C0091,P007,3,0.05,Retail,1482.91,1003.95,478.96
ORD00560,2023-03-04,C0404,P016,1,0.05,Online,352.97,246.94,106.03
ORD03407,2023-03-04,C0152,P016,2,0.0,Online,743.1,493.88,249.22
ORD00335,2023-03-05,C0378,P012,1,0.0,Online,215.61,123.94,91.67
ORD00854,2023-03-05,C0082,P015,2,0.0,Online,653.58,482.08,171.5
ORD01896,2023-03-05,C0142,P013,1,0.0,Direct Sales,421.24,187.87,233.37
ORD00504,2023-03-05,C0269,P003,2,0.0,Online,210.74,141.7,69.04
ORD02939,2023-03-05,C0079,P011,1,0.05,Direct Sales,346.58,248.62,97.96
ORD03993,2023-03-06,C0378,P002,5,0.2,Retail,2385.56,1477.4,908.16
ORD02976,2023-03-06,C0415,P012,3,0.05,Online,614.49,371.82,242.67
ORD00660,2023-03-06,C0439,P020,1,0.15,Retail,430.21,276.85,153.36
ORD02762,2023-03-06,C0162,P019,1,0.0,Wholesale,182.54,128.8,53.74
ORD01960,2023-03-06,C0485,P020,2,0.05,Online,961.65,553.7,407.95
ORD02198,2023-03-06,C0404,P019,2,0.15,Online,310.32,257.6,52.72
ORD02000,2023-03-06,C0373,P015,1,0.0,Retail,326.79,241.04,85.75
ORD03926,2023-03-07,C0227,P004,3,0.1,Online,206.23,97.95,108.28
ORD01544,2023-03-07,C0067,P003,3,0.1,Retail,284.5,212.55,71.95
ORD04623,2023-03-07,C0306,P006,2,0.0,Retail,88.84,36.06,52.78
ORD00652,2023-03-07,C0056,P017,3,0.05,Online,245.84,106.11,139.73
ORD02623,2023-03-08,C0402,P001,5,0.1,Retail,1714.23,780.35,933.88
ORD00186,2023-03-08,C0196,P014,1,0.0,Retail,168.45,87.87,80.58
ORD01642,2023-03-08,C0372,P006,2,0.05,Retail,84.4,36.06,48.34
ORD00495,2023-03-08,C0138,P006,1,0.15,Wholesale,37.76,18.03,19.73
ORD03278,2023-03-10,C0019,P005,2,0.05,Wholesale,998.36,488.86,509.5
ORD00385,2023-03-10,C0308,P015,3,0.1,Online,882.33,723.12,159.21
ORD02182,2023-03-10,C0112,P004,1,0.0,Wholesale,76.38,32.65,43.73
ORD01778,2023-03-10,C0450,P009,2,0.0,Wholesale,496.52,257.3,239.22
ORD03550,2023-03-11,C0019,P019,2,0.0,Direct Sales,365.08,257.6,107.48
ORD00980,2023-03-11,C0043,P016,2,0.0,Online,743.1,493.88,249.22
ORD03829,2023-03-11,C0309,P017,3,0.05,Retail,245.84,106.11,139.73
ORD04563,2023-03-11,C0180,P005,3,0.05,Direct Sales,1497.53,733.29,764.24
ORD02575,2023-03-11,C0340,P002,1,0.0,Wholesale,596.39,295.48,300.91
ORD03586,2023-03-11,C0161,P020,1,0.0,Retail,506.13,276.85,229.28
ORD00937,2023-03-12,C0017,P005,2,0.0,Retail,1050.9,488.86,562.04
ORD04096,2023-03-12,C0382,P009,2,0.05,Direct Sales,471.69,257.3,214.39
ORD03553,2023-03-12,C0113,P001,2,0.0,Retail,761.88,312.14,449.74
ORD01010,2023-03-12,C0260,P020,1,0.05,Online,480.82,276.85,203.97
ORD03832,2023-03-12,C0291,P018,1,0.15,Online,745.97,386.6,359.37
ORD00781,2023-03-12,C0143,P004,1,0.15,Online,64.92,32.65,32.27
ORD03972,2023-03-13,C0144,P012,1,0.05,Direct Sales,204.83,123.94,80.89
ORD01424,2023-03-13,C0043,P011,2,0.0,Wholesale,729.64,497.24,232.4
ORD00939,2023-03-13,C0292,P008,3,0.0,Wholesale,368.97,242.73,126.24
ORD01573,2023-03-13,C0015,P020,1,0.15,Online,430.21,276.85,153.36
ORD03265,2023-03-13,C0168,P018,2,0.15,Direct Sales,1491.94,773.2,718.74
ORD03076,2023-03-13,C0237,P005,2,0.0,Direct Sales,1050.9,488.86,562.04
ORD01663,2023-03-13,C0420,P019,3,0.0,Online,547.62,386.4,161.22
ORD04315,2023-03-14,C0382,P011,4,0.05,Online,1386.32,994.48,391.84
ORD00830,2023-03-14,C0280,P003,2,0.1,Direct Sales,189.67,141.7,47.97
ORD04395,2023-03-14,C0403,P014,1,0.15,Wholesale,143.18,87.87,55.31
ORD00910,2023-03-14,C0489,P005,4,0.1,Direct Sales,1891.62,977.72,913.9
ORD01189,2023-03-14,C0108,P019,3,0.0,Online,547.62,386.4,161.22
ORD01376,2023-03-14,C0401,P006,1,0.0,Retail,44.42,18.03,26.39
ORD00498,2023-03-14,C0495,P016,2,0.2,Direct Sales,594.48,493.88,100.6
ORD00377,2023-03-15,C0429,P019,1,0.1,Wholesale,164.29,128.8,35.49
ORD03538,2023-03-15,C0267,P020,1,0.05,Wholesale,480.82,276.85,203.97
ORD04898,2023-03-15,C0009,P006,1,0.15,Wholesale,37.76,18.03,19.73
ORD03361,2023-03-15,C0418,P019,3,0.0,Online,547.62,386.4,161.22
ORD00972,2023-03-15,C0041,P018,3,0.05,Direct Sales,2501.19,1159.8,1341.39
ORD00118,2023-03-16,C0492,P013,4,0.15,Wholesale,1432.22,751.48,680.74
ORD03607,2023-03-16,C0295,P001,3,0.05,Online,1085.68,468.21,617.47
ORD02219,2023-03-16,C0483,P004,1,0.1,Direct Sales,68.74,32.65,36.09
ORD03014,2023-03-16,C0328,P018,2,0.0,Retail,1755.22,773.2,982.02
ORD04966,2023-03-17,C0307,P014,1,0.05,Direct Sales,160.03,87.87,72.16
ORD01825,2023-03-17,C0344,P009,2,0.05,Retail,471.69,257.3,214.39
ORD02370,2023-03-17,C0176,P018,1,0.0,Wholesale,877.61,386.6,491.01
ORD03117,2023-03-17,C0161,P011,2,0.0,Online,729.64,497.24,232.4
ORD02076,2023-03-17,C0427,P007,1,0.0,Online,520.32,334.65,185.67
ORD03097,2023-03-18,C0480,P004,5,0.05,Direct Sales,362.8,163.25,199.55
ORD01687,2023-03-18,C0196,P015,2,0.2,Retail,522.86,482.08,40.78
ORD00698,2023-03-18,C0486,P009,2,0.15,Wholesale,422.04,257.3,164.74
ORD01243,2023-03-19,C0434,P005,1,0.0,Direct Sales,525.45,244.43,281.02
ORD03303,2023-03-19,C0411,P016,3,0.2,Direct Sales,891.72,740.82,150.9
ORD02586,2023-03-19,C0028,P019,1,0.0,Wholesale,182.54,128.8,53.74
ORD03500,2023-03-19,C0497,P007,3,0.0,Retail,1560.96,1003.95,557.01
ORD00139,2023-03-19,C0038,P001,1,0.05,Retail,361.89,156.07,205.82
ORD02305,2023-03-19,C0061,P011,3,0.0,Direct Sales,1094.46,745.86,348.6
ORD00208,2023-03-20,C0407,P005,2,0.15,Online,893.27,488.86,404.41
ORD02742,2023-03-20,C0202,P014,4,0.15,Online,572.73,351.48,221.25
ORD00933,2023-03-20,C0455,P020,1,0.1,Retail,455.52,276.85,178.67
ORD00890,2023-03-20,C0498,P006,1,0.0,Retail,44.42,18.03,26.39
ORD00443,2023-03-20,C0165,P004,4,0.15,Wholesale,259.69,130.6,129.09
ORD04187,2023-03-20,C0260,P015,2,0.0,Online,653.58,482.08,171.5
ORD04046,2023-03-21,C0431,P006,1,0.15,Online,37.76,18.03,19.73
ORD04814,2023-03-21,C0144,P017,1,0.05,Direct Sales,81.95,35.37,46.58
ORD00073,2023-03-21,C0443,P017,2,0.0,Online,172.52,70.74,101.78
ORD01626,2023-03-21,C0175,P008,1,0.0,Retail,122.99,80.91,42.08
ORD00981,2023-03-21,C0231,P006,1,0.0,Retail,44.42,18.03,26.39
ORD01023,2023-03-21,C0348,P017,4,0.05,Retail,327.79,141.48,186.31
ORD04322,2023-03-21,C0420,P016,1,0.0,Retail,371.55,246.94,124.61
ORD04355,2023-03-22,C0178,P012,1,0.2,Direct Sales,172.49,123.94,48.55
ORD03708,2023-03-22,C0053,P006,2,0.0,Wholesale,88.84,36.06,52.78
ORD04770,2023-03-22,C0303,P008,3,0.15,Retail,313.62,242.73,70.89
ORD04408,2023-03-22,C0361,P019,3,0.15,Online,465.48,386.4,79.08
ORD03211,2023-03-22,C0290,P007,4,0.0,Wholesale,2081.28,1338.6,742.68
ORD04378,2023-03-24,C0345,P007,1,0.0,Wholesale,520.32,334.65,185.67
ORD02052,2023-03-24,C0396,P002,2,0.2,Online,954.22,590.96,363.26
ORD00728,2023-03-24,C0096,P018,1,0.15,Online,745.97,386.6,359.37
ORD02217,2023-03-25,C0133,P016,2,0.0,Retail,743.1,493.88,249.22
ORD01750,2023-03-25,C0408,P016,2,0.0,Online,743.1,493.88,249.22
ORD01100,2023-03-25,C0118,P008,4,0.0,Online,491.96,323.64,168.32
ORD03273,2023-03-25,C0138,P020,3,0.0,Direct Sales,1518.39,830.55,687.84
ORD04653,2023-03-25,C0142,P020,3,0.0,Retail,1518.39,830.55,687.84
ORD00630,2023-03-25,C0041,P005,1,0.1,Online,472.9,244.43,228.47
ORD04010,2023-03-26,C0321,P012,1,0.0,Online,215.61,123.94,91.67
ORD04455,2023-03-26,C0193,P001,4,0.05,Wholesale,1447.57,624.28,823.29
ORD03952,2023-03-26,C0436,P008,1,0.0,Retail,122.99,80.91,42.08
ORD00196,2023-03-26,C0103,P009,2,0.0,Wholesale,496.52,257.3,239.22
ORD01353,2023-03-26,C0127,P018,1,0.0,Retail,877.61,386.6,491.01
ORD02559,2023-03-26,C0212,P001,5,0.0,Direct Sales,1904.7,780.35,1124.35
ORD01866,2023-03-26,C0258,P001,2,0.0,Wholesale,761.88,312.14,449.74
ORD01102,2023-03-26,C0162,P003,2,0.0,Online,210.74,141.7,69.04
ORD04744,2023-03-27,C0276,P012,1,0.05,Online,204.83,123.94,80.89
ORD00905,2023-03-27,C0069,P013,2,0.0,Online,842.48,375.74,466.74
ORD00866,2023-03-28,C0064,P014,1,0.0,Wholesale,168.45,87.87,80.58
ORD04691,2023-03-28,C0138,P014,2,0.1,Direct Sales,303.21,175.74,127.47
ORD01548,2023-03-28,C0195,P009,1,0.0,Online,248.26,128.65,119.61
ORD02251,2023-03-28,C0050,P014,1,0.0,Online,168.45,87.87,80.58
ORD00693,2023-03-28,C0420,P014,1,0.0,Wholesale,168.45,87.87,80.58
ORD02409,2023-03-28,C0428,P004,1,0.0,Direct Sales,76.38,32.65,43.73
ORD02552,2023-03-28,C0010,P020,4,0.1,Retail,1822.07,1107.4,714.67
ORD00457,2023-03-28,C0118,P009,4,0.0,Retail,993.04,514.6,478.44
ORD00109,2023-03-28,C0418,P016,2,0.0,Direct Sales,743.1,493.88,249.22
ORD00622,2023-03-28,C0062,P017,2,0.05,Direct Sales,163.89,70.74,93.15
ORD02746,2023-03-28,C0136,P005,1,0.0,Direct Sales,525.45,244.43,281.02
ORD04291,2023-03-29,C0496,P001,1,0.05,Direct Sales,361.89,156.07,205.82
ORD01028,2023-03-29,C0005,P016,3,0.0,Wholesale,1114.65,740.82,373.83
ORD03683,2023-03-29,C0089,P001,1,0.05,Online,361.89,156.07,205.82
ORD03549,2023-03-29,C0119,P004,1,0.0,Direct Sales,76.38,32.65,43.73
ORD04503,2023-03-30,C0136,P003,3,0.0,Wholesale,316.11,212.55,103.56
ORD02161,2023-03-30,C0163,P006,1,0.0,Online,44.42,18.03,26.39
ORD01083,2023-03-30,C0454,P011,3,0.05,Online,1039.74,745.86,293.88
ORD04302,2023-03-31,C0470,P015,1,0.0,Wholesale,326.79,241.04,85.75
ORD04517,2023-03-31,C0055,P002,1,0.05,Online,566.57,295.48,271.09
ORD03781,2023-03-31,C0105,P007,2,0.0,Online,1040.64,669.3,371.34
ORD00224,2023-03-31,C0361,P006,2,0.0,Online,88.84,36.06,52.78
ORD01260,2023-03-31,C0036,P013,4,0.2,Wholesale,1347.97,751.48,596.49
ORD02790,2023-04-01,C0306,P005,3,0.0,Online,1576.35,733.29,843.06
ORD03617,2023-04-01,C0144,P017,5,0.0,Online,431.3,176.85,254.45
ORD00624,2023-04-01,C0328,P017,5,0.0,Wholesale,431.3,176.85,254.45
ORD02841,2023-04-02,C0059,P004,1,0.0,Online,76.38,32.65,43.73
ORD01611,2023-04-02,C0438,P001,1,0.1,Direct Sales,342.85,156.07,186.78
ORD02771,2023-04-02,C0062,P019,2,0.2,Retail,292.06,257.6,34.46
ORD01749,2023-04-03,C0231,P007,1,0.0,Direct Sales,520.32,334.65,185.67
ORD02043,2023-04-03,C0284,P010,1,0.15,Wholesale,250.21,178.46,71.75
ORD03881,2023-04-03,C0498,P015,4,0.05,Retail,1241.8,964.16,277.64
ORD00300,2023-04-03,C0034,P006,2,0.0,Retail,88.84,36.06,52.78
ORD01748,2023-04-03,C0447,P018,1,0.05,Direct Sales,833.73,386.6,447.13
ORD00288,2023-04-03,C0018,P009,1,0.05,Online,235.85,128.65,107.2
ORD03534,2023-04-04,C0422,P012,1,0.0,Online,215.61,123.94,91.67
ORD04892,2023-04-04,C0368,P002,2,0.0,Retail,1192.78,590.96,601.82
ORD02117,2023-04-04,C0397,P002,1,0.05,Wholesale,566.57,295.48,271.09
ORD00825,2023-04-05,C0498,P007,4,0.0,Direct Sales,2081.28,1338.6,742.68
ORD02750,2023-04-05,C0256,P008,1,0.1,Online,110.69,80.91,29.78
ORD00654,2023-04-05,C0100,P009,4,0.15,Wholesale,844.08,514.6,329.48
ORD01899,2023-04-05,C0296,P014,3,0.05,Online,480.08,263.61,216.47
ORD03352,2023-04-05,C0056,P016,2,0.0,Retail,743.1,493.88,249.22
ORD00035,2023-04-05,C0482,P008,3,0.1,Retail,332.07,242.73,89.34
ORD04993,2023-04-05,C0001,P012,3,0.0,Online,646.83,371.82,275.01
ORD00535,2023-04-05,C0283,P009,1,0.05,Online,235.85,128.65,107.2
ORD01094,2023-04-05,C0249,P003,2,0.0,Retail,210.74,141.7,69.04
ORD00010,2023-04-06,C0128,P003,1,0.0,Retail,105.37,70.85,34.52
ORD00104,2023-04-07,C0362,P008,1,0.1,Retail,110.69,80.91,29.78
ORD02473,2023-04-07,C0065,P015,3,0.0,Online,980.37,723.12,257.25
ORD01241,2023-04-07,C0405,P009,4,0.1,Direct Sales,893.74,514.6,379.14
ORD02130,2023-04-07,C0407,P014,1,0.05,Online,160.03,87.87,72.16
ORD00255,2023-04-07,C0319,P008,4,0.1,Wholesale,442.76,323.64,119.12
ORD02390,2023-04-07,C0221,P015,2,0.2,Wholesale,522.86,482.08,40.78
ORD04631,2023-04-07,C0363,P012,1,0.05,Online,204.83,123.94,80.89
ORD01274,2023-04-08,C0413,P009,5,0.1,Online,1117.17,643.25,473.92
ORD04797,2023-04-08,C0327,P014,5,0.0,Online,842.25,439.35,402.9
ORD04625,2023-04-08,C0394,P007,3,0.0,Retail,1560.96,1003.95,557.01
ORD03625,2023-04-08,C0315,P016,4,0.1,Direct Sales,1337.58,987.76,349.82
ORD01451,2023-04-08,C0335,P005,1,0.0,Online,525.45,244.43,281.02
ORD00770,2023-04-09,C0334,P008,2,0.2,Direct Sales,196.78,161.82,34.96
ORD04897,2023-04-09,C0198,P015,2,0.15,Retail,555.54,482.08,73.46
ORD00007,2023-04-09,C0067,P001,4,0.0,Online,1523.76,624.28,899.48
ORD03240,2023-04-09,C0463,P017,2,0.0,Wholesale,172.52,70.74,101.78
ORD00153,2023-04-09,C0304,P019,1,0.0,Online,182.54,128.8,53.74
ORD00214,2023-04-10,C0401,P020,5,0.0,Direct Sales,2530.65,1384.25,1146.4
ORD03445,2023-04-10,C0234,P010,4,0.1,Wholesale,1059.73,713.84,345.89
ORD04680,2023-04-11,C0476,P007,3,0.0,Online,1560.96,1003.95,557.01
ORD04213,2023-04-11,C0033,P012,5,0.0,Wholesale,1078.05,619.7,458.35
ORD00817,2023-04-11,C0447,P015,2,0.0,Online,653.58,482.08,171.5
ORD00230,2023-04-12,C0203,P004,1,0.05,Wholesale,72.56,32.65,39.91
ORD01592,2023-04-12,C0428,P018,1,0.0,Online,877.61,386.6,491.01
ORD03543,2023-04-12,C0286,P001,1,0.1,Online,342.85,156.07,186.78
ORD00120,2023-04-12,C0054,P012,1,0.1,Online,194.05,123.94,70.11
ORD03088,2023-04-12,C0303,P016,1,0.0,Retail,371.55,246.94,124.61
ORD04880,2023-04-12,C0008,P005,1,0.05,Online,499.18,244.43,254.75
ORD03409,2023-04-12,C0253,P012,4,0.1,Direct Sales,776.2,495.76,280.44
ORD03185,2023-04-12,C0308,P018,5,0.0,Online,4388.05,1933.0,2455.05
ORD01300,2023-04-13,C0024,P009,1,0.05,Direct Sales,235.85,128.65,107.2
ORD00341,2023-04-13,C0462,P016,3,0.0,Online,1114.65,740.82,373.83
ORD01197,2023-04-13,C0181,P012,1,0.1,Direct Sales,194.05,123.94,70.11
ORD03158,2023-04-13,C0128,P015,4,0.0,Retail,1307.16,964.16,343.0
ORD04927,2023-04-13,C0475,P017,2,0.0,Online,172.52,70.74,101.78
ORD02861,2023-04-13,C0191,P002,1,0.1,Online,536.75,295.48,241.27
ORD01659,2023-04-14,C0060,P019,5,0.0,Online,912.7,644.0,268.7
ORD03109,2023-04-14,C0169,P001,2,0.0,Retail,761.88,312.14,449.74
ORD03073,2023-04-14,C0192,P018,5,0.0,Online,4388.05,1933.0,2455.05
ORD03624,2023-04-14,C0113,P015,2,0.0,Wholesale,653.58,482.08,171.5
ORD02643,2023-04-14,C0190,P013,4,0.2,Wholesale,1347.97,751.48,596.49
ORD00589,2023-04-14,C0004,P004,2,0.0,Online,152.76,65.3,87.46
ORD01058,2023-04-14,C0285,P015,1,0.1,Retail,294.11,241.04,53.07
ORD04155,2023-04-14,C0400,P011,2,0.05,Retail,693.16,497.24,195.92
ORD02710,2023-04-14,C0197,P013,1,0.2,Retail,336.99,187.87,149.12
ORD01332,2023-04-14,C0483,P002,1,0.0,Direct Sales,596.39,295.48,300.91
ORD04125,2023-04-15,C0124,P001,1,0.1,Online,342.85,156.07,186.78
ORD01790,2023-04-15,C0180,P003,2,0.0,Online,210.74,141.7,69.04
ORD04328,2023-04-15,C0303,P019,4,0.1,Retail,657.14,515.2,141.94
ORD00641,2023-04-15,C0321,P004,2,0.1,Online,137.48,65.3,72.18
ORD02650,2023-04-15,C0116,P005,1,0.05,Direct Sales,499.18,244.43,254.75
ORD02169,2023-04-16,C0296,P020,1,0.15,Direct Sales,430.21,276.85,153.36
ORD03406,2023-04-16,C0388,P002,1,0.1,Online,536.75,295.48,241.27
ORD04064,2023-04-16,C0454,P017,1,0.0,Retail,86.26,35.37,50.89
ORD01319,2023-04-16,C0183,P008,4,0.0,Retail,491.96,323.64,168.32
ORD04483,2023-04-17,C0273,P004,2,0.0,Online,152.76,65.3,87.46
ORD04865,2023-04-17,C0172,P001,4,0.0,Direct Sales,1523.76,624.28,899.48
ORD02727,2023-04-17,C0273,P019,3,0.0,Online,547.62,386.4,161.22
ORD01231,2023-04-18,C0484,P010,1,0.15,Retail,250.21,178.46,71.75
ORD02983,2023-04-18,C0090,P014,1,0.0,Retail,168.45,87.87,80.58
ORD01373,2023-04-19,C0078,P006,4,0.1,Online,159.91,72.12,87.79
ORD00724,2023-04-19,C0055,P009,3,0.2,Online,595.82,385.95,209.87
ORD00572,2023-04-19,C0063,P014,1,0.15,Wholesale,143.18,87.87,55.31
ORD01897,2023-04-19,C0265,P011,5,0.05,Retail,1732.89,1243.1,489.79
ORD03000,2023-04-20,C0178,P002,1,0.0,Wholesale,596.39,295.48,300.91
ORD00797,2023-04-20,C0262,P016,1,0.0,Online,371.55,246.94,124.61
ORD02058,2023-04-20,C0156,P003,5,0.0,Online,526.85,354.25,172.6
ORD01025,2023-04-21,C0188,P008,1,0.15,Online,104.54,80.91,23.63
ORD02974,2023-04-21,C0086,P002,1,0.0,Direct Sales,596.39,295.48,300.91
ORD00526,2023-04-21,C0461,P003,2,0.1,Retail,189.67,141.7,47.97
ORD00163,2023-04-22,C0195,P004,1,0.0,Retail,76.38,32.65,43.73
ORD01232,2023-04-22,C0200,P006,1,0.0,Wholesale,44.42,18.03,26.39
ORD01894,2023-04-22,C0195,P013,4,0.0,Retail,1684.96,751.48,933.48
ORD03405,2023-04-22,C0386,P018,2,0.0,Retail,1755.22,773.2,982.02
ORD00246,2023-04-22,C0455,P005,1,0.05,Online,499.18,244.43,254.75
ORD01379,2023-04-23,C0470,P016,1,0.1,Online,334.4,246.94,87.46
ORD00586,2023-04-23,C0013,P017,1,0.1,Retail,77.63,35.37,42.26
ORD02708,2023-04-23,C0446,P009,1,0.0,Retail,248.26,128.65,119.61
ORD02767,2023-04-23,C0260,P007,3,0.0,Retail,1560.96,1003.95,557.01
ORD02072,2023-04-23,C0226,P011,3,0.0,Online,1094.46,745.86,348.6
ORD01402,2023-04-23,C0480,P001,1,0.0,Direct Sales,380.94,156.07,224.87
ORD01399,2023-04-23,C0348,P013,2,0.0,Online,842.48,375.74,466.74
ORD01263,2023-04-24,C0331,P014,2,0.05,Online,320.05,175.74,144.31
ORD04450,2023-04-24,C0090,P020,1,0.0,Online,506.13,276.85,229.28
ORD00677,2023-04-24,C0465,P011,3,0.0,Wholesale,1094.46,745.86,348.6
ORD01857,2023-04-24,C0128,P015,1,0.0,Online,326.79,241.04,85.75
ORD03261,2023-04-24,C0390,P010,3,0.0,Online,883.11,535.38,347.73
ORD01814,2023-04-25,C0360,P003,1,0.0,Retail,105.37,70.85,34.52
ORD02716,2023-04-25,C0439,P004,1,0.0,Wholesale,76.38,32.65,43.73
ORD03325,2023-04-25,C0186,P007,1,0.1,Online,468.29,334.65,133.64
ORD00715,2023-04-25,C0312,P016,4,0.15,Wholesale,1263.27,987.76,275.51
ORD01322,2023-04-26,C0358,P011,3,0.0,Retail,1094.46,745.86,348.6
ORD01515,2023-04-26,C0261,P004,3,0.05,Retail,217.68,97.95,119.73
ORD01075,2023-04-26,C0457,P019,2,0.2,Online,292.06,257.6,34.46
ORD01309,2023-04-26,C0411,P008,1,0.1,Retail,110.69,80.91,29.78
ORD01088,2023-04-27,C0343,P015,2,0.0,Online,653.58,482.08,171.5
ORD04679,2023-04-27,C0375,P014,1,0.0,Online,168.45,87.87,80.58
ORD02781,2023-04-27,C0167,P016,1,0.0,Retail,371.55,246.94,124.61
ORD01126,2023-04-27,C0341,P008,5,0.0,Online,614.95,404.55,210.4
ORD00898,2023-04-27,C0208,P007,2,0.1,Retail,936.58,669.3,267.28
ORD00746,2023-04-28,C0341,P017,4,0.2,Online,276.03,141.48,134.55
ORD02060,2023-04-28,C0359,P018,5,0.05,Wholesale,4168.65,1933.0,2235.65
ORD03748,2023-04-28,C0304,P004,2,0.2,Direct Sales,122.21,65.3,56.91
ORD01605,2023-04-28,C0184,P001,2,0.15,Wholesale,647.6,312.14,335.46
ORD03179,2023-04-29,C0243,P011,2,0.05,Retail,693.16,497.24,195.92
ORD02526,2023-04-29,C0328,P010,3,0.15,Retail,750.64,535.38,215.26
ORD04838,2023-04-30,C0224,P002,1,0.1,Retail,536.75,295.48,241.27
ORD01396,2023-04-30,C0271,P014,2,0.0,Retail,336.9,175.74,161.16
ORD01723,2023-04-30,C0166,P019,3,0.0,Retail,547.62,386.4,161.22
ORD04796,2023-05-01,C0291,P007,2,0.05,Wholesale,988.61,669.3,319.31
ORD01219,2023-05-01,C0393,P016,1,0.0,Retail,371.55,246.94,124.61
ORD02434,2023-05-01,C0023,P009,1,0.0,Online,248.26,128.65,119.61
ORD00277,2023-05-01,C0374,P011,2,0.0,Online,729.64,497.24,232.4
ORD03575,2023-05-02,C0011,P017,2,0.0,Online,172.52,70.74,101.78
ORD00511,2023-05-02,C0027,P019,2,0.05,Retail,346.83,257.6,89.23
ORD04866,2023-05-02,C0045,P014,1,0.15,Direct Sales,143.18,87.87,55.31
ORD02341,2023-05-03,C0324,P012,1,0.0,Online,215.61,123.94,91.67
ORD04420,2023-05-03,C0376,P001,1,0.1,Direct Sales,342.85,156.07,186.78
ORD01182,2023-05-03,C0081,P010,1,0.05,Wholesale,279.65,178.46,101.19
ORD04532,2023-05-03,C0393,P020,2,0.0,Wholesale,1012.26,553.7,458.56
ORD02549,2023-05-03,C0262,P004,1,0.0,Retail,76.38,32.65,43.73
ORD01792,2023-05-03,C0226,P019,2,0.05,Online,346.83,257.6,89.23
ORD00077,2023-05-03,C0293,P006,2,0.0,Direct Sales,88.84,36.06,52.78
ORD01377,2023-05-03,C0332,P002,1,0.0,Online,596.39,295.48,300.91
ORD02542,2023-05-03,C0045,P010,1,0.05,Retail,279.65,178.46,101.19
ORD00935,2023-05-03,C0252,P008,2,0.0,Retail,245.98,161.82,84.16
ORD02297,2023-05-04,C0193,P015,2,0.1,Direct Sales,588.22,482.08,106.14
ORD02588,2023-05-04,C0078,P015,1,0.0,Retail,326.79,241.04,85.75
ORD04630,2023-05-04,C0067,P016,2,0.1,Wholesale,668.79,493.88,174.91
ORD00867,2023-05-04,C0489,P007,1,0.05,Online,494.3,334.65,159.65
ORD01244,2023-05-04,C0309,P007,2,0.0,Direct Sales,1040.64,669.3,371.34
ORD03716,2023-05-05,C0106,P014,2,0.0,Retail,336.9,175.74,161.16
ORD00912,2023-05-05,C0095,P009,1,0.0,Retail,248.26,128.65,119.61
ORD02041,2023-05-05,C0402,P010,2,0.0,Wholesale,588.74,356.92,231.82
ORD01816,2023-05-06,C0142,P009,1,0.1,Online,223.43,128.65,94.78
ORD04971,2023-05-06,C0223,P004,1,0.0,Retail,76.38,32.65,43.73
ORD04462,2023-05-06,C0441,P015,2,0.0,Retail,653.58,482.08,171.5
ORD02095,2023-05-06,C0417,P002,1,0.0,Online,596.39,295.48,300.91
ORD00720,2023-05-06,C0245,P014,1,0.0,Retail,168.45,87.87,80.58
ORD02040,2023-05-06,C0093,P010,1,0.0,Retail,294.37,178.46,115.91
ORD00934,2023-05-07,C0062,P006,2,0.0,Wholesale,88.84,36.06,52.78
ORD02918,2023-05-07,C0473,P006,1,0.15,Retail,37.76,18.03,19.73
ORD03102,2023-05-07,C0358,P008,1,0.05,Online,116.84,80.91,35.93
ORD03009,2023-05-07,C0214,P001,1,0.0,Retail,380.94,156.07,224.87
ORD00565,2023-05-07,C0061,P012,2,0.05,Wholesale,409.66,247.88,161.78
ORD03880,2023-05-08,C0490,P018,1,0.0,Online,877.61,386.6,491.01
ORD00012,2023-05-08,C0306,P012,1,0.15,Online,183.27,123.94,59.33
ORD01031,2023-05-08,C0371,P006,2,0.0,Wholesale,88.84,36.06,52.78
ORD00558,2023-05-08,C0292,P017,1,0.0,Wholesale,86.26,35.37,50.89
ORD04868,2023-05-09,C0247,P020,1,0.1,Direct Sales,455.52,276.85,178.67
ORD00188,2023-05-09,C0029,P014,5,0.0,Retail,842.25,439.35,402.9
ORD00978,2023-05-09,C0285,P010,4,0.0,Wholesale,1177.48,713.84,463.64
ORD02187,2023-05-09,C0243,P003,1,0.0,Wholesale,105.37,70.85,34.52
ORD02208,2023-05-09,C0389,P018,4,0.0,Wholesale,3510.44,1546.4,1964.04
ORD03111,2023-05-09,C0092,P016,2,0.05,Retail,705.94,493.88,212.06
ORD03343,2023-05-10,C0217,P013,1,0.0,Wholesale,421.24,187.87,233.37
ORD03858,2023-05-10,C0180,P014,4,0.05,Online,640.11,351.48,288.63
ORD02902,2023-05-10,C0088,P009,3,0.0,Wholesale,744.78,385.95,358.83
ORD03622,2023-05-10,C0485,P003,4,0.0,Retail,421.48,283.4,138.08
ORD01675,2023-05-10,C0342,P010,1,0.0,Direct Sales,294.37,178.46,115.91
ORD00975,2023-05-10,C0233,P011,1,0.1,Retail,328.34,248.62,79.72
ORD04177,2023-05-10,C0183,P015,5,0.2,Wholesale,1307.16,1205.2,101.96
ORD00921,2023-05-11,C0474,P015,1,0.0,Online,326.79,241.04,85.75
ORD00408,2023-05-11,C0313,P013,1,0.15,Retail,358.05,187.87,170.18
ORD04935,2023-05-12,C0139,P011,1,0.1,Wholesale,328.34,248.62,79.72
ORD02324,2023-05-12,C0348,P020,1,0.15,Retail,430.21,276.85,153.36
ORD02834,2023-05-12,C0082,P012,1,0.2,Wholesale,172.49,123.94,48.55
ORD00793,2023-05-12,C0088,P002,3,0.1,Wholesale,1610.25,886.44,723.81
ORD04401,2023-05-13,C0423,P012,2,0.0,Online,431.22,247.88,183.34
ORD04368,2023-05-13,C0500,P002,3,0.05,Online,1699.71,886.44,813.27
ORD04050,2023-05-14,C0389,P018,1,0.0,Direct Sales,877.61,386.6,491.01
ORD02725,2023-05-14,C0331,P005,1,0.1,Online,472.9,244.43,228.47
ORD03150,2023-05-14,C0126,P011,3,0.1,Online,985.01,745.86,239.15
ORD00129,2023-05-14,C0343,P001,3,0.15,Direct Sales,971.4,468.21,503.19
ORD03427,2023-05-14,C0318,P009,3,0.0,Online,744.78,385.95,358.83
ORD03119,2023-05-14,C0142,P009,1,0.15,Online,211.02,128.65,82.37
ORD02835,2023-05-15,C0346,P006,2,0.1,Direct Sales,79.96,36.06,43.9
ORD03983,2023-05-15,C0028,P008,2,0.05,Online,233.68,161.82,71.86
ORD01683,2023-05-16,C0177,P018,1,0.05,Retail,833.73,386.6,447.13
ORD01004,2023-05-16,C0018,P003,2,0.15,Direct Sales,179.13,141.7,37.43
ORD04956,2023-05-16,C0343,P013,1,0.15,Online,358.05,187.87,170.18
ORD03115,2023-05-16,C0384,P009,2,0.05,Online,471.69,257.3,214.39
ORD02061,2023-05-16,C0119,P008,4,0.2,Retail,393.57,323.64,69.93
ORD03804,2023-05-16,C0042,P007,2,0.0,Direct Sales,1040.64,669.3,371.34
ORD02340,2023-05-16,C0346,P010,1,0.0,Direct Sales,294.37,178.46,115.91
ORD03056,2023-05-17,C0336,P002,2,0.0,Online,1192.78,590.96,601.82
ORD03605,2023-05-17,C0455,P001,5,0.0,Retail,1904.7,780.35,1124.35
ORD03347,2023-05-17,C0018,P012,1,0.0,Retail,215.61,123.94,91.67
ORD01297,2023-05-17,C0157,P011,1,0.05,Retail,346.58,248.62,97.96
ORD03141,2023-05-17,C0273,P006,1,0.1,Direct Sales,39.98,18.03,21.95
ORD02601,2023-05-17,C0238,P019,1,0.0,Wholesale,182.54,128.8,53.74
ORD04990,2023-05-17,C0396,P002,1,0.2,Online,477.11,295.48,181.63
ORD02722,2023-05-18,C0008,P012,1,0.05,Wholesale,204.83,123.94,80.89
ORD03188,2023-05-18,C0269,P016,4,0.0,Direct Sales,1486.2,987.76,498.44
ORD02450,2023-05-18,C0046,P017,3,0.0,Online,258.78,106.11,152.67
ORD01482,2023-05-18,C0293,P017,1,0.05,Online,81.95,35.37,46.58
ORD02555,2023-05-19,C0047,P008,1,0.2,Retail,98.39,80.91,17.48
ORD04139,2023-05-19,C0407,P014,4,0.05,Wholesale,640.11,351.48,288.63
ORD02677,2023-05-21,C0214,P011,1,0.05,Online,346.58,248.62,97.96
ORD01428,2023-05-21,C0453,P016,4,0.0,Retail,1486.2,987.76,498.44
ORD04500,2023-05-21,C0430,P020,5,0.1,Online,2277.58,1384.25,893.33
ORD03639,2023-05-21,C0335,P013,3,0.0,Retail,1263.72,563.61,700.11
ORD00508,2023-05-22,C0476,P020,3,0.0,Online,1518.39,830.55,687.84
ORD02649,2023-05-22,C0126,P008,1,0.05,Direct Sales,116.84,80.91,35.93
ORD00828,2023-05-22,C0186,P006,1,0.0,Retail,44.42,18.03,26.39
ORD00370,2023-05-22,C0308,P002,1,0.0,Wholesale,596.39,295.48,300.91
ORD04489,2023-05-22,C0346,P013,2,0.1,Retail,758.23,375.74,382.49
ORD03470,2023-05-22,C0317,P016,3,0.15,Direct Sales,947.45,740.82,206.63
ORD01426,2023-05-23,C0031,P007,1,0.0,Direct Sales,520.32,334.65,185.67
ORD03223,2023-05-24,C0330,P010,1,0.2,Wholesale,235.5,178.46,57.04
ORD00685,2023-05-24,C0145,P017,3,0.1,Retail,232.9,106.11,126.79
ORD04699,2023-05-24,C0272,P015,1,0.0,Wholesale,326.79,241.04,85.75
ORD02382,2023-05-24,C0434,P020,2,0.15,Retail,860.42,553.7,306.72
ORD03749,2023-05-24,C0283,P019,1,0.05,Online,173.41,128.8,44.61
ORD04300,2023-05-24,C0092,P015,1,0.15,Retail,277.77,241.04,36.73
ORD01797,2023-05-25,C0221,P001,3,0.05,Online,1085.68,468.21,617.47
ORD03233,2023-05-25,C0077,P014,3,0.05,Online,480.08,263.61,216.47
ORD00811,2023-05-25,C0013,P012,2,0.15,Retail,366.54,247.88,118.66
ORD02951,2023-05-25,C0062,P008,2,0.0,Wholesale,245.98,161.82,84.16
ORD04764,2023-05-26,C0401,P003,3,0.0,Direct Sales,316.11,212.55,103.56
ORD00085,2023-05-26,C0441,P010,2,0.15,Wholesale,500.43,356.92,143.51
ORD04129,2023-05-26,C0274,P016,2,0.0,Online,743.1,493.88,249.22
ORD03773,2023-05-26,C0310,P009,1,0.15,Online,211.02,128.65,82.37
ORD03908,2023-05-27,C0166,P014,1,0.05,Online,160.03,87.87,72.16
ORD03049,2023-05-27,C0072,P005,1,0.0,Retail,525.45,244.43,281.02
ORD02233,2023-05-27,C0296,P010,1,0.0,Wholesale,294.37,178.46,115.91
ORD04822,2023-05-27,C0354,P002,2,0.0,Retail,1192.78,590.96,601.82
ORD00951,2023-05-27,C0017,P009,1,0.0,Retail,248.26,128.65,119.61
ORD00987,2023-05-27,C0452,P011,5,0.1,Direct Sales,1641.69,1243.1,398.59
ORD00926,2023-05-27,C0034,P003,3,0.05,Direct Sales,300.3,212.55,87.75
ORD03170,2023-05-27,C0153,P006,2,0.0,Retail,88.84,36.06,52.78
ORD04567,2023-05-28,C0112,P010,3,0.05,Retail,838.95,535.38,303.57
ORD03606,2023-05-28,C0148,P003,3,0.05,Wholesale,300.3,212.55,87.75
ORD00590,2023-05-28,C0412,P020,1,0.05,Online,480.82,276.85,203.97
ORD01190,2023-05-29,C0119,P019,1,0.15,Direct Sales,155.16,128.8,26.36
ORD02510,2023-05-29,C0431,P001,5,0.1,Retail,1714.23,780.35,933.88
ORD00260,2023-05-29,C0066,P005,2,0.0,Retail,1050.9,488.86,562.04
ORD01886,2023-05-29,C0458,P010,3,0.0,Retail,883.11,535.38,347.73
ORD00823,2023-05-30,C0498,P014,2,0.05,Retail,320.05,175.74,144.31
ORD02639,2023-05-30,C0417,P004,1,0.0,Online,76.38,32.65,43.73
ORD00513,2023-05-30,C0436,P002,5,0.0,Online,2981.95,1477.4,1504.55
ORD02869,2023-05-30,C0300,P009,2,0.0,Online,496.52,257.3,239.22
ORD04231,2023-05-30,C0126,P015,1,0.0,Retail,326.79,241.04,85.75
ORD04705,2023-05-30,C0374,P019,2,0.05,Online,346.83,257.6,89.23
ORD03729,2023-05-31,C0438,P005,1,0.0,Retail,525.45,244.43,281.02
ORD04645,2023-05-31,C0320,P010,3,0.0,Online,883.11,535.38,347.73
ORD00809,2023-05-31,C0440,P004,1,0.2,Online,61.1,32.65,28.45
ORD00473,2023-05-31,C0462,P001,3,0.05,Wholesale,1085.68,468.21,617.47
ORD02999,2023-06-01,C0461,P003,3,0.15,Online,268.69,212.55,56.14
ORD04903,2023-06-01,C0445,P020,1,0.0,Retail,506.13,276.85,229.28
ORD04443,2023-06-01,C0154,P002,1,0.15,Retail,506.93,295.48,211.45
ORD03065,2023-06-01,C0361,P015,1,0.0,Retail,326.79,241.04,85.75
ORD05000,2023-06-01,C0380,P014,2,0.0,Wholesale,336.9,175.74,161.16
ORD01345,2023-06-01,C0116,P003,1,0.0,Online,105.37,70.85,34.52
ORD04194,2023-06-02,C0199,P019,2,0.15,Online,310.32,257.6,52.72
ORD01868,2023-06-02,C0238,P017,2,0.0,Online,172.52,70.74,101.78
ORD00330,2023-06-02,C0023,P004,2,0.0,Retail,152.76,65.3,87.46
ORD04117,2023-06-02,C0185,P018,1,0.0,Online,877.61,386.6,491.01
ORD03052,2023-06-03,C0457,P009,1,0.05,Wholesale,235.85,128.65,107.2
ORD00674,2023-06-03,C0352,P006,3,0.0,Online,133.26,54.09,79.17
ORD04067,2023-06-03,C0412,P006,3,0.05,Direct Sales,126.6,54.09,72.51
ORD01775,2023-06-03,C0240,P007,2,0.0,Retail,1040.64,669.3,371.34
ORD03874,2023-06-03,C0401,P011,1,0.05,Retail,346.58,248.62,97.96
ORD00878,2023-06-04,C0100,P016,3,0.0,Retail,1114.65,740.82,373.83
ORD02646,2023-06-06,C0276,P011,1,0.2,Online,291.86,248.62,43.24
ORD01236,2023-06-06,C0274,P011,1,0.0,Retail,364.82,248.62,116.2
ORD02090,2023-06-07,C0210,P009,5,0.0,Retail,1241.3,643.25,598.05
ORD00557,2023-06-07,C0484,P002,1,0.05,Online,566.57,295.48,271.09
ORD04602,2023-06-08,C0151,P004,5,0.05,Retail,362.8,163.25,199.55
ORD04757,2023-06-08,C0045,P019,1,0.05,Direct Sales,173.41,128.8,44.61
ORD02457,2023-06-08,C0299,P013,2,0.1,Direct Sales,758.23,375.74,382.49
ORD02386,2023-06-09,C0157,P011,2,0.0,Direct Sales,729.64,497.24,232.4
ORD01454,2023-06-09,C0092,P018,5,0.05,Direct Sales,4168.65,1933.0,2235.65
ORD01188,2023-06-09,C0105,P014,3,0.0,Online,505.35,263.61,241.74
ORD03753,2023-06-09,C0461,P018,3,0.2,Online,2106.26,1159.8,946.46
ORD02261,2023-06-09,C0378,P004,1,0.2,Online,61.1,32.65,28.45
ORD02724,2023-06-10,C0050,P015,3,0.0,Direct Sales,980.37,723.12,257.25
ORD04775,2023-06-10,C0120,P002,4,0.05,Retail,2266.28,1181.92,1084.36
ORD00441,2023-06-10,C0397,P008,5,0.05,Direct Sales,584.2,404.55,179.65
ORD00741,2023-06-10,C0006,P005,1,0.2,Online,420.36,244.43,175.93
ORD04321,2023-06-10,C0404,P011,1,0.0,Direct Sales,364.82,248.62,116.2
ORD00117,2023-06-10,C0427,P001,1,0.15,Online,323.8,156.07,167.73
ORD03391,2023-06-10,C0165,P011,1,0.0,Wholesale,364.82,248.62,116.2
ORD04055,2023-06-10,C0121,P017,3,0.0,Online,258.78,106.11,152.67
ORD00135,2023-06-11,C0124,P013,1,0.0,Online,421.24,187.87,233.37
ORD02266,2023-06-11,C0466,P013,4,0.0,Wholesale,1684.96,751.48,933.48
ORD03679,2023-06-11,C0495,P014,3,0.1,Wholesale,454.82,263.61,191.21
ORD01969,2023-06-12,C0225,P002,2,0.1,Wholesale,1073.5,590.96,482.54
ORD03632,2023-06-12,C0351,P009,4,0.05,Online,943.39,514.6,428.79
ORD01065,2023-06-12,C0151,P010,2,0.15,Retail,500.43,356.92,143.51
ORD04048,2023-06-12,C0259,P008,1,0.0,Wholesale,122.99,80.91,42.08
ORD04273,2023-06-12,C0224,P016,4,0.0,Wholesale,1486.2,987.76,498.44
ORD04706,2023-06-12,C0210,P007,1,0.1,Online,468.29,334.65,133.64
ORD01177,2023-06-13,C0395,P006,2,0.1,Wholesale,79.96,36.06,43.9
ORD01870,2023-06-13,C0121,P017,2,0.0,Online,172.52,70.74,101.78
ORD01905,2023-06-13,C0462,P010,1,0.0,Online,294.37,178.46,115.91
ORD01625,2023-06-13,C0255,P010,1,0.0,Retail,294.37,178.46,115.91
ORD02113,2023-06-14,C0422,P013,1,0.0,Retail,421.24,187.87,233.37
ORD04138,2023-06-14,C0031,P004,1,0.0,Direct Sales,76.38,32.65,43.73
ORD01720,2023-06-14,C0333,P004,1,0.1,Retail,68.74,32.65,36.09
ORD01835,2023-06-14,C0298,P017,1,0.05,Online,81.95,35.37,46.58
ORD02226,2023-06-15,C0407,P007,3,0.0,Online,1560.96,1003.95,557.01
ORD01893,2023-06-16,C0300,P003,1,0.05,Retail,100.1,70.85,29.25
ORD02099,2023-06-16,C0389,P006,2,0.0,Retail,88.84,36.06,52.78
ORD04583,2023-06-16,C0100,P009,3,0.0,Retail,744.78,385.95,358.83
ORD01844,2023-06-16,C0209,P008,2,0.0,Online,245.98,161.82,84.16
ORD01355,2023-06-16,C0063,P013,5,0.15,Retail,1790.27,939.35,850.92
ORD03738,2023-06-17,C0064,P020,2,0.05,Wholesale,961.65,553.7,407.95
ORD01958,2023-06-17,C0459,P006,1,0.0,Retail,44.42,18.03,26.39
ORD03027,2023-06-17,C0485,P017,2,0.1,Wholesale,155.27,70.74,84.53
ORD03375,2023-06-17,C0259,P013,1,0.05,Online,400.18,187.87,212.31
ORD02534,2023-06-17,C0040,P020,1,0.0,Online,506.13,276.85,229.28
ORD01599,2023-06-17,C0439,P020,2,0.15,Online,860.42,553.7,306.72
ORD04636,2023-06-18,C0148,P017,3,0.0,Retail,258.78,106.11,152.67
ORD03200,2023-06-18,C0281,P016,3,0.1,Direct Sales,1003.18,740.82,262.36
ORD00759,2023-06-19,C0332,P020,2,0.0,Retail,1012.26,553.7,458.56
ORD03421,2023-06-19,C0350,P011,4,0.0,Online,1459.28,994.48,464.8
ORD04913,2023-06-19,C0112,P001,1,0.05,Wholesale,361.89,156.07,205.82
ORD02211,2023-06-19,C0371,P020,1,0.0,Online,506.13,276.85,229.28
ORD02166,2023-06-19,C0298,P009,1,0.1,Direct Sales,223.43,128.65,94.78
ORD03923,2023-06-20,C0265,P015,2,0.0,Wholesale,653.58,482.08,171.5
ORD03175,2023-06-20,C0234,P010,4,0.05,Online,1118.61,713.84,404.77
ORD01267,2023-06-20,C0462,P005,3,0.05,Online,1497.53,733.29,764.24
ORD04227,2023-06-20,C0103,P020,1,0.15,Direct Sales,430.21,276.85,153.36
ORD02181,2023-06-21,C0461,P019,1,0.0,Online,182.54,128.8,53.74
ORD00193,2023-06-21,C0413,P020,3,0.0,Online,1518.39,830.55,687.84
ORD02237,2023-06-21,C0370,P016,1,0.15,Online,315.82,246.94,68.88
ORD03151,2023-06-21,C0122,P004,1,0.0,Direct Sales,76.38,32.65,43.73
ORD00176,2023-06-21,C0407,P007,1,0.05,Wholesale,494.3,334.65,159.65
ORD01416,2023-06-21,C0409,P017,1,0.0,Online,86.26,35.37,50.89
ORD01374,2023-06-21,C0124,P006,2,0.0,Retail,88.84,36.06,52.78
ORD04293,2023-06-21,C0316,P016,1,0.1,Retail,334.4,246.94,87.46
ORD01303,2023-06-21,C0305,P007,4,0.05,Retail,1977.22,1338.6,638.62
ORD04479,2023-06-21,C0107,P006,1,0.0,Online,44.42,18.03,26.39
ORD03464,2023-06-21,C0441,P004,4,0.0,Online,305.52,130.6,174.92
ORD01140,2023-06-22,C0353,P003,1,0.0,Direct Sales,105.37,70.85,34.52
ORD04882,2023-06-22,C0322,P014,3,0.0,Online,505.35,263.61,241.74
ORD04578,2023-06-22,C0207,P004,3,0.0,Wholesale,229.14,97.95,131.19
ORD03041,2023-06-22,C0158,P004,1,0.0,Wholesale,76.38,32.65,43.73
ORD00815,2023-06-22,C0139,P002,1,0.0,Online,596.39,295.48,300.91
ORD03564,2023-06-22,C0237,P016,1,0.0,Wholesale,371.55,246.94,124.61
ORD00221,2023-06-22,C0402,P018,3,0.05,Online,2501.19,1159.8,1341.39
ORD02218,2023-06-22,C0387,P006,1,0.05,Retail,42.2,18.03,24.17
ORD01655,2023-06-23,C0305,P004,3,0.0,Online,229.14,97.95,131.19
ORD03094,2023-06-23,C0454,P018,2,0.0,Retail,1755.22,773.2,982.02
ORD03960,2023-06-23,C0233,P003,1,0.0,Wholesale,105.37,70.85,34.52
ORD02543,2023-06-23,C0189,P001,1,0.1,Online,342.85,156.07,186.78
ORD03043,2023-06-23,C0426,P013,3,0.0,Wholesale,1263.72,563.61,700.11
ORD01437,2023-06-23,C0288,P005,1,0.15,Online,446.63,244.43,202.2
ORD02448,2023-06-24,C0403,P017,1,0.0,Online,86.26,35.37,50.89
ORD02278,2023-06-24,C0182,P005,1,0.0,Wholesale,525.45,244.43,281.02
ORD00478,2023-06-24,C0364,P002,4,0.0,Wholesale,2385.56,1181.92,1203.64
ORD03633,2023-06-24,C0276,P013,1,0.0,Retail,421.24,187.87,233.37
ORD02086,2023-06-24,C0459,P020,4,0.05,Online,1923.29,1107.4,815.89
ORD01831,2023-06-24,C0069,P017,1,0.2,Wholesale,69.01,35.37,33.64
ORD04318,2023-06-24,C0019,P007,2,0.1,Retail,936.58,669.3,267.28
ORD01559,2023-06-25,C0047,P001,1,0.0,Retail,380.94,156.07,224.87
ORD04057,2023-06-25,C0140,P003,1,0.0,Retail,105.37,70.85,34.52
ORD01635,2023-06-25,C0146,P011,1,0.15,Retail,310.1,248.62,61.48
ORD01360,2023-06-25,C0249,P020,1,0.0,Retail,506.13,276.85,229.28
ORD02690,2023-06-26,C0291,P005,1,0.0,Retail,525.45,244.43,281.02
ORD01761,2023-06-26,C0432,P006,1,0.0,Retail,44.42,18.03,26.39
ORD00514,2023-06-26,C0132,P007,1,0.05,Retail,494.3,334.65,159.65
ORD00054,2023-06-27,C0250,P012,4,0.05,Online,819.32,495.76,323.56
ORD01372,2023-06-27,C0430,P009,4,0.0,Wholesale,993.04,514.6,478.44
ORD01624,2023-06-27,C0034,P009,2,0.1,Retail,446.87,257.3,189.57
ORD03857,2023-06-29,C0106,P014,2,0.05,Online,320.05,175.74,144.31
ORD04123,2023-06-29,C0254,P004,1,0.05,Online,72.56,32.65,39.91
ORD04098,2023-06-29,C0185,P020,1,0.1,Wholesale,455.52,276.85,178.67
ORD00383,2023-06-29,C0381,P005,2,0.1,Retail,945.81,488.86,456.95
ORD00994,2023-06-29,C0454,P010,1,0.2,Wholesale,235.5,178.46,57.04
ORD01247,2023-06-29,C0444,P014,1,0.0,Direct Sales,168.45,87.87,80.58
ORD01398,2023-06-29,C0150,P010,3,0.0,Wholesale,883.11,535.38,347.73
ORD04760,2023-06-30,C0060,P015,1,0.15,Wholesale,277.77,241.04,36.73
ORD03948,2023-06-30,C0212,P001,1,0.1,Online,342.85,156.07,186.78
ORD02587,2023-06-30,C0481,P017,5,0.1,Retail,388.17,176.85,211.32
ORD02155,2023-06-30,C0389,P008,3,0.0,Online,368.97,242.73,126.24
ORD03689,2023-06-30,C0452,P018,1,0.1,Retail,789.85,386.6,403.25
ORD01301,2023-06-30,C0392,P004,1,0.0,Wholesale,76.38,32.65,43.73
ORD02088,2023-07-01,C0458,P004,3,0.1,Wholesale,206.23,97.95,108.28
ORD02141,2023-07-01,C0073,P007,5,0.0,Online,2601.6,1673.25,928.35
ORD01784,2023-07-01,C0414,P017,1,0.05,Retail,81.95,35.37,46.58
ORD04269,2023-07-01,C0373,P010,2,0.0,Online,588.74,356.92,231.82
ORD00990,2023-07-01,C0035,P008,2,0.15,Retail,209.08,161.82,47.26
ORD02642,2023-07-01,C0022,P008,3,0.0,Wholesale,368.97,242.73,126.24
ORD03533,2023-07-01,C0033,P002,2,0.05,Online,1133.14,590.96,542.18
ORD02645,2023-07-02,C0478,P009,2,0.15,Wholesale,422.04,257.3,164.74
ORD04038,2023-07-02,C0378,P010,4,0.0,Retail,1177.48,713.84,463.64
ORD00800,2023-07-02,C0261,P018,2,0.1,Wholesale,1579.7,773.2,806.5
ORD04667,2023-07-02,C0318,P004,4,0.1,Retail,274.97,130.6,144.37
ORD04088,2023-07-02,C0433,P016,5,0.15,Online,1579.09,1234.7,344.39
ORD04987,2023-07-02,C0026,P020,4,0.0,Wholesale,2024.52,1107.4,917.12
ORD04320,2023-07-02,C0425,P002,4,0.0,Online,2385.56,1181.92,1203.64
ORD02718,2023-07-02,C0009,P015,3,0.2,Online,784.3,723.12,61.18
ORD04153,2023-07-03,C0440,P020,2,0.2,Online,809.81,553.7,256.11
ORD00029,2023-07-03,C0292,P020,1,0.0,Online,506.13,276.85,229.28
ORD03155,2023-07-03,C0111,P013,1,0.0,Retail,421.24,187.87,233.37
ORD03302,2023-07-04,C0083,P002,4,0.0,Direct Sales,2385.56,1181.92,1203.64
ORD04789,2023-07-04,C0124,P011,1,0.15,Online,310.1,248.62,61.48
ORD03634,2023-07-04,C0174,P003,3,0.15,Retail,268.69,212.55,56.14
ORD04190,2023-07-04,C0465,P010,1,0.15,Retail,250.21,178.46,71.75
ORD01934,2023-07-04,C0492,P012,2,0.15,Retail,366.54,247.88,118.66
ORD02381,2023-07-05,C0449,P001,2,0.1,Wholesale,685.69,312.14,373.55
ORD02489,2023-07-05,C0341,P014,2,0.05,Direct Sales,320.05,175.74,144.31
ORD01879,2023-07-05,C0154,P012,1,0.0,Online,215.61,123.94,91.67
ORD00405,2023-07-05,C0429,P016,1,0.05,Online,352.97,246.94,106.03
ORD00792,2023-07-06,C0052,P007,3,0.0,Retail,1560.96,1003.95,557.01
ORD02622,2023-07-06,C0487,P006,1,0.05,Wholesale,42.2,18.03,24.17
ORD02696,2023-07-07,C0144,P014,5,0.15,Retail,715.91,439.35,276.56
ORD03504,2023-07-07,C0236,P010,1,0.0,Wholesale,294.37,178.46,115.91
ORD03270,2023-07-07,C0383,P019,1,0.1,Retail,164.29,128.8,35.49
ORD00938,2023-07-07,C0349,P002,1,0.1,Online,536.75,295.48,241.27
ORD03682,2023-07-08,C0081,P008,1,0.15,Online,104.54,80.91,23.63
ORD04346,2023-07-08,C0294,P005,1,0.05,Retail,499.18,244.43,254.75
ORD01156,2023-07-08,C0447,P004,1,0.0,Retail,76.38,32.65,43.73
ORD04825,2023-07-08,C0027,P002,1,0.0,Online,596.39,295.48,300.91
ORD00525,2023-07-09,C0173,P011,1,0.0,Retail,364.82,248.62,116.2
ORD03848,2023-07-09,C0355,P011,1,0.1,Online,328.34,248.62,79.72
ORD01549,2023-07-09,C0385,P008,5,0.0,Online,614.95,404.55,210.4
ORD00159,2023-07-09,C0313,P018,1,0.0,Wholesale,877.61,386.6,491.01
ORD02600,2023-07-10,C0160,P006,5,0.0,Wholesale,222.1,90.15,131.95
ORD01237,2023-07-10,C0316,P012,5,0.0,Wholesale,1078.05,619.7,458.35
ORD03046,2023-07-10,C0191,P015,1,0.0,Retail,326.79,241.04,85.75
ORD01414,2023-07-10,C0318,P017,1,0.15,Retail,73.32,35.37,37.95
ORD04323,2023-07-11,C0464,P003,4,0.05,Direct Sales,400.41,283.4,117.01
ORD02093,2023-07-11,C0477,P016,2,0.0,Wholesale,743.1,493.88,249.22
ORD02026,2023-07-12,C0002,P005,1,0.0,Wholesale,525.45,244.43,281.02
ORD01178,2023-07-12,C0151,P007,3,0.0,Online,1560.96,1003.95,557.01
ORD01680,2023-07-12,C0332,P007,1,0.1,Direct Sales,468.29,334.65,133.64
ORD01034,2023-07-12,C0456,P001,1,0.0,Online,380.94,156.07,224.87
ORD04756,2023-07-12,C0414,P001,1,0.15,Wholesale,323.8,156.07,167.73
ORD04136,2023-07-12,C0400,P002,2,0.0,Online,1192.78,590.96,601.82
ORD03982,2023-07-12,C0378,P012,1,0.1,Retail,194.05,123.94,70.11
ORD01728,2023-07-12,C0011,P007,4,0.05,Direct Sales,1977.22,1338.6,638.62
ORD00099,2023-07-12,C0488,P003,1,0.05,Wholesale,100.1,70.85,29.25
ORD03971,2023-07-12,C0182,P013,2,0.2,Online,673.98,375.74,298.24
ORD01499,2023-07-12,C0083,P018,2,0.0,Retail,1755.22,773.2,982.02
ORD00043,2023-07-13,C0306,P001,4,0.05,Retail,1447.57,624.28,823.29
ORD04202,2023-07-13,C0423,P017,1,0.0,Online,86.26,35.37,50.89
ORD04953,2023-07-13,C0226,P001,2,0.0,Online,761.88,312.14,449.74
ORD02508,2023-07-13,C0442,P004,1,0.05,Online,72.56,32.65,39.91
ORD01003,2023-07-13,C0157,P018,3,0.0,Direct Sales,2632.83,1159.8,1473.03
ORD00539,2023-07-13,C0394,P006,3,0.15,Online,113.27,54.09,59.18
ORD01477,2023-07-14,C0222,P003,3,0.0,Retail,316.11,212.55,103.56
ORD03537,2023-07-14,C0020,P019,1,0.0,Online,182.54,128.8,53.74
ORD00999,2023-07-14,C0372,P001,3,0.15,Online,971.4,468.21,503.19
ORD04271,2023-07-15,C0124,P016,1,0.1,Direct Sales,334.4,246.94,87.46
ORD02112,2023-07-15,C0258,P020,5,0.2,Wholesale,2024.52,1384.25,640.27
ORD00148,2023-07-15,C0017,P010,2,0.0,Wholesale,588.74,356.92,231.82
ORD01799,2023-07-15,C0277,P017,5,0.0,Retail,431.3,176.85,254.45
ORD02496,2023-07-15,C0058,P008,2,0.1,Direct Sales,221.38,161.82,59.56
ORD04969,2023-07-15,C0134,P009,1,0.0,Online,248.26,128.65,119.61
ORD02006,2023-07-15,C0160,P019,1,0.0,Retail,182.54,128.8,53.74
ORD00401,2023-07-15,C0177,P009,3,0.05,Wholesale,707.54,385.95,321.59
ORD04441,2023-07-15,C0229,P019,1,0.0,Online,182.54,128.8,53.74
ORD01947,2023-07-15,C0311,P009,1,0.1,Direct Sales,223.43,128.65,94.78
ORD03817,2023-07-16,C0039,P003,1,0.0,Online,105.37,70.85,34.52
ORD02615,2023-07-16,C0288,P018,2,0.0,Wholesale,1755.22,773.2,982.02
ORD04518,2023-07-16,C0468,P019,2,0.2,Direct Sales,292.06,257.6,34.46
ORD03865,2023-07-17,C0151,P010,1,0.0,Online,294.37,178.46,115.91
ORD04788,2023-07-17,C0272,P008,5,0.15,Online,522.71,404.55,118.16
ORD01284,2023-07-17,C0216,P004,2,0.0,Wholesale,152.76,65.3,87.46
ORD04737,2023-07-17,C0156,P008,1,0.0,Retail,122.99,80.91,42.08
ORD04968,2023-07-17,C0160,P005,2,0.0,Online,1050.9,488.86,562.04
ORD00627,2023-07-17,C0267,P003,4,0.05,Retail,400.41,283.4,117.01
ORD02782,2023-07-17,C0055,P001,1,0.05,Online,361.89,156.07,205.82
ORD02133,2023-07-18,C0343,P017,3,0.0,Direct Sales,258.78,106.11,152.67
ORD00985,2023-07-18,C0462,P014,1,0.0,Online,168.45,87.87,80.58
ORD00419,2023-07-18,C0365,P020,1,0.0,Direct Sales,506.13,276.85,229.28
ORD02364,2023-07-18,C0347,P010,3,0.0,Wholesale,883.11,535.38,347.73
ORD01705,2023-07-18,C0267,P012,2,0.0,Wholesale,431.22,247.88,183.34
ORD02264,2023-07-18,C0365,P009,1,0.0,Wholesale,248.26,128.65,119.61
ORD04768,2023-07-18,C0267,P005,1,0.0,Wholesale,525.45,244.43,281.02
ORD03483,2023-07-18,C0069,P010,5,0.15,Retail,1251.07,892.3,358.77
ORD01357,2023-07-18,C0081,P014,5,0.0,Online,842.25,439.35,402.9
ORD02063,2023-07-18,C0410,P005,2,0.05,Direct Sales,998.36,488.86,509.5
ORD01463,2023-07-19,C0098,P020,4,0.0,Online,2024.52,1107.4,917.12
ORD03961,2023-07-19,C0167,P006,4,0.15,Online,151.03,72.12,78.91
ORD01652,2023-07-19,C0352,P020,5,0.15,Online,2151.05,1384.25,766.8
ORD00399,2023-07-20,C0458,P016,4,0.0,Online,1486.2,987.76,498.44
ORD00116,2023-07-20,C0084,P016,1,0.0,Retail,371.55,246.94,124.61
ORD03203,2023-07-20,C0280,P012,1,0.0,Online,215.61,123.94,91.67
ORD03565,2023-07-20,C0086,P014,2,0.0,Retail,336.9,175.74,161.16
ORD03920,2023-07-21,C0005,P014,1,0.1,Wholesale,151.6,87.87,63.73
ORD03871,2023-07-21,C0182,P020,1,0.0,Wholesale,506.13,276.85,229.28
ORD00507,2023-07-21,C0068,P019,2,0.05,Online,346.83,257.6,89.23
ORD04607,2023-07-21,C0019,P012,1,0.0,Online,215.61,123.94,91.67
ORD01351,2023-07-21,C0330,P006,1,0.1,Online,39.98,18.03,21.95
ORD01256,2023-07-21,C0249,P002,3,0.1,Direct Sales,1610.25,886.44,723.81
ORD01698,2023-07-22,C0150,P008,2,0.0,Online,245.98,161.82,84.16
ORD01328,2023-07-22,C0054,P010,3,0.0,Direct Sales,883.11,535.38,347.73
ORD02270,2023-07-22,C0217,P001,3,0.05,Direct Sales,1085.68,468.21,617.47
ORD04369,2023-07-22,C0211,P010,4,0.05,Wholesale,1118.61,713.84,404.77
ORD02438,2023-07-22,C0499,P017,1,0.1,Retail,77.63,35.37,42.26
ORD01781,2023-07-23,C0329,P006,2,0.1,Online,79.96,36.06,43.9
ORD03210,2023-07-23,C0251,P006,5,0.0,Online,222.1,90.15,131.95
ORD02607,2023-07-23,C0346,P018,1,0.05,Direct Sales,833.73,386.6,447.13
ORD02804,2023-07-23,C0377,P009,3,0.0,Wholesale,744.78,385.95,358.83
ORD00620,2023-07-23,C0476,P020,1,0.1,Direct Sales,455.52,276.85,178.67
ORD01891,2023-07-24,C0419,P014,1,0.15,Direct Sales,143.18,87.87,55.31
ORD00822,2023-07-24,C0239,P016,2,0.1,Direct Sales,668.79,493.88,174.91
ORD04247,2023-07-24,C0391,P007,3,0.2,Wholesale,1248.77,1003.95,244.82
ORD03326,2023-07-25,C0369,P014,1,0.0,Wholesale,168.45,87.87,80.58
ORD00273,2023-07-25,C0248,P013,2,0.0,Online,842.48,375.74,466.74
ORD00991,2023-07-27,C0008,P010,1,0.0,Wholesale,294.37,178.46,115.91
ORD01364,2023-07-27,C0474,P012,3,0.0,Direct Sales,646.83,371.82,275.01
ORD02312,2023-07-28,C0154,P008,1,0.15,Online,104.54,80.91,23.63
ORD02800,2023-07-28,C0400,P004,1,0.0,Online,76.38,32.65,43.73
ORD04831,2023-07-28,C0246,P018,5,0.0,Retail,4388.05,1933.0,2455.05
ORD03182,2023-07-28,C0190,P009,3,0.15,Wholesale,633.06,385.95,247.11
ORD03389,2023-07-28,C0442,P002,1,0.0,Wholesale,596.39,295.48,300.91
ORD01585,2023-07-29,C0427,P002,1,0.0,Retail,596.39,295.48,300.91
ORD04230,2023-07-29,C0323,P018,3,0.05,Retail,2501.19,1159.8,1341.39
ORD04915,2023-07-29,C0395,P006,4,0.0,Online,177.68,72.12,105.56
ORD01752,2023-07-29,C0283,P013,1,0.05,Direct Sales,400.18,187.87,212.31
ORD02287,2023-07-30,C0333,P009,2,0.0,Direct Sales,496.52,257.3,239.22
ORD04511,2023-07-31,C0260,P020,1,0.05,Wholesale,480.82,276.85,203.97
ORD03761,2023-07-31,C0042,P019,3,0.0,Online,547.62,386.4,161.22
ORD03897,2023-07-31,C0169,P017,2,0.0,Wholesale,172.52,70.74,101.78
ORD00609,2023-07-31,C0111,P020,1,0.0,Wholesale,506.13,276.85,229.28
ORD00041,2023-08-01,C0326,P007,1,0.0,Online,520.32,334.65,185.67
ORD03821,2023-08-01,C0038,P002,4,0.0,Wholesale,2385.56,1181.92,1203.64
ORD02706,2023-08-01,C0164,P006,1,0.1,Online,39.98,18.03,21.95
ORD01041,2023-08-01,C0125,P015,1,0.1,Wholesale,294.11,241.04,53.07
ORD01207,2023-08-01,C0131,P009,1,0.05,Wholesale,235.85,128.65,107.2
ORD00959,2023-08-01,C0311,P003,2,0.0,Wholesale,210.74,141.7,69.04
ORD03156,2023-08-02,C0066,P004,1,0.0,Wholesale,76.38,32.65,43.73
ORD00970,2023-08-03,C0009,P006,2,0.15,Retail,75.51,36.06,39.45
ORD01154,2023-08-03,C0318,P016,1,0.05,Online,352.97,246.94,106.03
ORD03220,2023-08-03,C0301,P002,3,0.0,Online,1789.17,886.44,902.73
ORD00036,2023-08-03,C0294,P011,1,0.2,Direct Sales,291.86,248.62,43.24
ORD02254,2023-08-03,C0371,P016,1,0.0,Direct Sales,371.55,246.94,124.61
ORD02244,2023-08-04,C0002,P016,1,0.0,Online,371.55,246.94,124.61
ORD01914,2023-08-04,C0160,P003,4,0.0,Retail,421.48,283.4,138.08
ORD03383,2023-08-04,C0484,P010,1,0.0,Retail,294.37,178.46,115.91
ORD02527,2023-08-04,C0219,P019,2,0.05,Retail,346.83,257.6,89.23
ORD00398,2023-08-04,C0362,P005,1,0.0,Online,525.45,244.43,281.02
ORD02992,2023-08-05,C0429,P004,5,0.0,Online,381.9,163.25,218.65
ORD00603,2023-08-05,C0105,P003,1,0.0,Online,105.37,70.85,34.52
ORD04930,2023-08-05,C0328,P010,1,0.05,Online,279.65,178.46,101.19
ORD00379,2023-08-06,C0376,P008,5,0.0,Retail,614.95,404.55,210.4
ORD02890,2023-08-06,C0342,P009,4,0.05,Direct Sales,943.39,514.6,428.79
ORD01415,2023-08-06,C0312,P009,2,0.15,Wholesale,422.04,257.3,164.74
ORD04496,2023-08-06,C0279,P005,2,0.0,Online,1050.9,488.86,562.04
ORD03539,2023-08-06,C0181,P007,3,0.2,Online,1248.77,1003.95,244.82
ORD03969,2023-08-07,C0012,P015,3,0.0,Retail,980.37,723.12,257.25
ORD00849,2023-08-07,C0357,P003,1,0.15,Retail,89.56,70.85,18.71
ORD03664,2023-08-07,C0225,P004,1,0.0,Retail,76.38,32.65,43.73
ORD03063,2023-08-07,C0434,P013,2,0.0,Wholesale,842.48,375.74,466.74
ORD03774,2023-08-07,C0261,P014,2,0.0,Wholesale,336.9,175.74,161.16
ORD04040,2023-08-07,C0010,P018,2,0.0,Retail,1755.22,773.2,982.02
ORD04826,2023-08-07,C0101,P003,3,0.2,Wholesale,252.89,212.55,40.34
ORD04951,2023-08-08,C0394,P012,1,0.0,Retail,215.61,123.94,91.67
ORD02003,2023-08-08,C0186,P010,2,0.0,Online,588.74,356.92,231.82
ORD02566,2023-08-08,C0216,P016,2,0.0,Online,743.1,493.88,249.22
ORD00101,2023-08-08,C0351,P017,5,0.0,Direct Sales,431.3,176.85,254.45
ORD03853,2023-08-09,C0305,P020,1,0.0,Retail,506.13,276.85,229.28
ORD01594,2023-08-09,C0089,P003,1,0.15,Direct Sales,89.56,70.85,18.71
ORD03811,2023-08-09,C0261,P009,4,0.0,Online,993.04,514.6,478.44
ORD00932,2023-08-09,C0157,P005,1,0.05,Retail,499.18,244.43,254.75
ORD02057,2023-08-10,C0436,P019,4,0.0,Direct Sales,730.16,515.2,214.96
ORD04790,2023-08-10,C0069,P012,1,0.0,Online,215.61,123.94,91.67
ORD01533,2023-08-10,C0291,P016,2,0.0,Online,743.1,493.88,249.22
ORD02232,2023-08-10,C0461,P015,1,0.05,Online,310.45,241.04,69.41
ORD00164,2023-08-11,C0050,P007,2,0.0,Online,1040.64,669.3,371.34
ORD04994,2023-08-12,C0117,P006,1,0.2,Wholesale,35.54,18.03,17.51
ORD04829,2023-08-12,C0004,P015,1,0.0,Retail,326.79,241.04,85.75
ORD02517,2023-08-12,C0184,P006,1,0.0,Retail,44.42,18.03,26.39
ORD02658,2023-08-12,C0247,P016,1,0.0,Retail,371.55,246.94,124.61
ORD04688,2023-08-12,C0195,P006,3,0.0,Retail,133.26,54.09,79.17
ORD03357,2023-08-13,C0240,P009,1,0.05,Wholesale,235.85,128.65,107.2
ORD04140,2023-08-13,C0280,P005,1,0.0,Retail,525.45,244.43,281.02
ORD03411,2023-08-13,C0374,P009,2,0.05,Online,471.69,257.3,214.39
ORD02684,2023-08-13,C0026,P004,1,0.05,Retail,72.56,32.65,39.91
ORD04404,2023-08-14,C0175,P004,4,0.2,Direct Sales,244.42,130.6,113.82
ORD00604,2023-08-14,C0039,P008,2,0.15,Retail,209.08,161.82,47.26
ORD04359,2023-08-14,C0336,P007,4,0.2,Direct Sales,1665.02,1338.6,326.42
ORD03394,2023-08-14,C0028,P017,4,0.0,Wholesale,345.04,141.48,203.56
ORD00212,2023-08-15,C0261,P015,4,0.0,Wholesale,1307.16,964.16,343.0
ORD03212,2023-08-16,C0092,P008,3,0.05,Online,350.52,242.73,107.79
ORD04673,2023-08-16,C0013,P008,1,0.0,Online,122.99,80.91,42.08
ORD01806,2023-08-16,C0287,P004,1,0.0,Online,76.38,32.65,43.73
ORD04429,2023-08-16,C0293,P005,3,0.0,Retail,1576.35,733.29,843.06
ORD02853,2023-08-16,C0339,P020,2,0.0,Wholesale,1012.26,553.7,458.56
ORD00608,2023-08-16,C0256,P010,4,0.0,Retail,1177.48,713.84,463.64
ORD04895,2023-08-17,C0023,P020,2,0.05,Retail,961.65,553.7,407.95
ORD00884,2023-08-17,C0156,P012,2,0.05,Retail,409.66,247.88,161.78
ORD00169,2023-08-17,C0094,P019,5,0.0,Wholesale,912.7,644.0,268.7
ORD02756,2023-08-17,C0322,P005,1,0.05,Online,499.18,244.43,254.75
ORD04412,2023-08-17,C0010,P016,2,0.1,Retail,668.79,493.88,174.91
ORD02663,2023-08-17,C0238,P019,2,0.0,Wholesale,365.08,257.6,107.48
ORD00444,2023-08-17,C0253,P006,2,0.05,Wholesale,84.4,36.06,48.34
ORD03891,2023-08-18,C0441,P006,4,0.2,Online,142.14,72.12,70.02
ORD04856,2023-08-18,C0200,P011,3,0.1,Wholesale,985.01,745.86,239.15
ORD02476,2023-08-18,C0493,P007,1,0.0,Retail,520.32,334.65,185.67
ORD02731,2023-08-19,C0030,P013,3,0.05,Online,1200.53,563.61,636.92
ORD03059,2023-08-19,C0172,P015,1,0.0,Online,326.79,241.04,85.75
ORD01550,2023-08-19,C0226,P015,1,0.15,Online,277.77,241.04,36.73
ORD01846,2023-08-20,C0484,P008,2,0.1,Retail,221.38,161.82,59.56
ORD02959,2023-08-20,C0026,P019,2,0.05,Retail,346.83,257.6,89.23
ORD03647,2023-08-20,C0303,P014,1,0.0,Online,168.45,87.87,80.58
ORD04859,2023-08-20,C0284,P006,1,0.1,Wholesale,39.98,18.03,21.95
ORD03685,2023-08-21,C0101,P002,5,0.05,Online,2832.85,1477.4,1355.45
ORD01608,2023-08-21,C0377,P020,2,0.1,Online,911.03,553.7,357.33
ORD01344,2023-08-21,C0046,P015,1,0.1,Wholesale,294.11,241.04,53.07
ORD00848,2023-08-21,C0212,P010,2,0.05,Direct Sales,559.3,356.92,202.38
ORD00549,2023-08-21,C0389,P015,1,0.0,Retail,326.79,241.04,85.75
ORD04883,2023-08-22,C0245,P012,1,0.0,Wholesale,215.61,123.94,91.67
ORD01913,2023-08-22,C0372,P019,3,0.15,Retail,465.48,386.4,79.08
ORD01258,2023-08-22,C0428,P014,3,0.1,Retail,454.82,263.61,191.21
ORD00499,2023-08-22,C0012,P010,1,0.1,Online,264.93,178.46,86.47
ORD04079,2023-08-22,C0346,P018,1,0.0,Wholesale,877.61,386.6,491.01
ORD01486,2023-08-23,C0259,P001,1,0.05,Online,361.89,156.07,205.82
ORD03377,2023-08-23,C0011,P003,3,0.1,Retail,284.5,212.55,71.95
ORD02674,2023-08-24,C0215,P009,1,0.1,Online,223.43,128.65,94.78
ORD01133,2023-08-24,C0463,P009,1,0.0,Online,248.26,128.65,119.61
ORD02686,2023-08-24,C0221,P008,1,0.05,Retail,116.84,80.91,35.93
ORD03154,2023-08-24,C0331,P017,2,0.0,Retail,172.52,70.74,101.78
ORD02137,2023-08-24,C0313,P011,1,0.0,Online,364.82,248.62,116.2
ORD00037,2023-08-24,C0244,P003,2,0.0,Online,210.74,141.7,69.04
ORD03350,2023-08-25,C0128,P003,4,0.05,Online,400.41,283.4,117.01
ORD04576,2023-08-25,C0117,P004,3,0.0,Retail,229.14,97.95,131.19
ORD01651,2023-08-25,C0226,P010,3,0.0,Wholesale,883.11,535.38,347.73
ORD03177,2023-08-25,C0050,P017,2,0.0,Direct Sales,172.52,70.74,101.78
ORD03642,2023-08-26,C0341,P018,5,0.0,Retail,4388.05,1933.0,2455.05
ORD02655,2023-08-26,C0369,P001,4,0.1,Wholesale,1371.38,624.28,747.1
ORD02948,2023-08-26,C0302,P013,3,0.1,Online,1137.35,563.61,573.74
ORD03403,2023-08-26,C0249,P002,3,0.0,Retail,1789.17,886.44,902.73
ORD00430,2023-08-26,C0211,P013,2,0.1,Online,758.23,375.74,382.49
ORD03876,2023-08-26,C0054,P013,3,0.1,Online,1137.35,563.61,573.74
ORD04103,2023-08-26,C0305,P003,1,0.0,Direct Sales,105.37,70.85,34.52
ORD02962,2023-08-26,C0323,P004,4,0.05,Direct Sales,290.24,130.6,159.64
ORD01640,2023-08-27,C0133,P003,1,0.05,Online,100.1,70.85,29.25
ORD00045,2023-08-27,C0157,P001,2,0.05,Direct Sales,723.79,312.14,411.65
ORD00922,2023-08-27,C0367,P002,1,0.0,Wholesale,596.39,295.48,300.91
ORD00318,2023-08-27,C0494,P012,1,0.0,Direct Sales,215.61,123.94,91.67
ORD03204,2023-08-27,C0457,P013,1,0.0,Wholesale,421.24,187.87,233.37
ORD04561,2023-08-27,C0125,P001,4,0.05,Retail,1447.57,624.28,823.29
ORD01382,2023-08-27,C0028,P002,1,0.0,Wholesale,596.39,295.48,300.91
ORD04889,2023-08-28,C0201,P018,1,0.0,Wholesale,877.61,386.6,491.01
ORD00265,2023-08-28,C0352,P015,3,0.0,Wholesale,980.37,723.12,257.25
ORD03559,2023-08-28,C0040,P013,3,0.0,Retail,1263.72,563.61,700.11
ORD02078,2023-08-28,C0499,P020,1,0.0,Retail,506.13,276.85,229.28
ORD03484,2023-08-28,C0015,P014,1,0.05,Wholesale,160.03,87.87,72.16
ORD00375,2023-08-29,C0309,P018,2,0.0,Retail,1755.22,773.2,982.02
ORD00044,2023-08-29,C0125,P001,2,0.0,Online,761.88,312.14,449.74
ORD02743,2023-08-29,C0484,P014,1,0.0,Retail,168.45,87.87,80.58
ORD02523,2023-08-29,C0180,P002,1,0.0,Online,596.39,295.48,300.91
ORD03931,2023-08-29,C0078,P018,3,0.1,Direct Sales,2369.55,1159.8,1209.75
ORD01452,2023-08-29,C0384,P010,1,0.0,Retail,294.37,178.46,115.91
ORD01215,2023-08-30,C0369,P002,1,0.15,Retail,506.93,295.48,211.45
ORD00506,2023-08-30,C0191,P004,1,0.15,Retail,64.92,32.65,32.27
ORD03987,2023-08-31,C0047,P014,1,0.0,Retail,168.45,87.87,80.58
ORD04473,2023-08-31,C0062,P009,1,0.0,Wholesale,248.26,128.65,119.61
ORD02870,2023-08-31,C0390,P018,1,0.05,Retail,833.73,386.6,447.13
ORD04286,2023-08-31,C0152,P001,1,0.0,Wholesale,380.94,156.07,224.87
ORD01439,2023-08-31,C0425,P007,1,0.1,Online,468.29,334.65,133.64
ORD03443,2023-08-31,C0062,P002,2,0.0,Online,1192.78,590.96,601.82
ORD02863,2023-08-31,C0449,P004,1,0.0,Online,76.38,32.65,43.73
ORD00406,2023-08-31,C0182,P016,1,0.0,Retail,371.55,246.94,124.61
ORD02242,2023-09-01,C0425,P005,1,0.05,Online,499.18,244.43,254.75
ORD03577,2023-09-01,C0497,P002,1,0.0,Retail,596.39,295.48,300.91
ORD04819,2023-09-01,C0203,P013,4,0.0,Online,1684.96,751.48,933.48
ORD03392,2023-09-01,C0172,P001,4,0.1,Online,1371.38,624.28,747.1
ORD03086,2023-09-02,C0337,P005,2,0.1,Wholesale,945.81,488.86,456.95
ORD03262,2023-09-02,C0304,P009,1,0.1,Online,223.43,128.65,94.78
ORD04350,2023-09-02,C0157,P007,3,0.0,Retail,1560.96,1003.95,557.01
ORD02432,2023-09-02,C0286,P015,2,0.05,Retail,620.9,482.08,138.82
ORD03523,2023-09-02,C0180,P009,3,0.05,Direct Sales,707.54,385.95,321.59
ORD00683,2023-09-03,C0021,P001,1,0.15,Retail,323.8,156.07,167.73
ORD00929,2023-09-03,C0038,P011,1,0.0,Wholesale,364.82,248.62,116.2
ORD00428,2023-09-03,C0356,P020,4,0.05,Wholesale,1923.29,1107.4,815.89
ORD01581,2023-09-04,C0428,P002,4,0.0,Online,2385.56,1181.92,1203.64
ORD04918,2023-09-04,C0325,P012,1,0.1,Online,194.05,123.94,70.11
ORD02146,2023-09-04,C0054,P014,1,0.0,Wholesale,168.45,87.87,80.58
ORD00646,2023-09-04,C0214,P006,1,0.05,Wholesale,42.2,18.03,24.17
ORD04539,2023-09-04,C0402,P005,1,0.0,Wholesale,525.45,244.43,281.02
ORD02749,2023-09-04,C0105,P011,5,0.0,Online,1824.1,1243.1,581.0
ORD02062,2023-09-05,C0142,P020,1,0.05,Wholesale,480.82,276.85,203.97
ORD00130,2023-09-05,C0111,P013,2,0.05,Retail,800.36,375.74,424.62
ORD03416,2023-09-06,C0421,P017,1,0.1,Online,77.63,35.37,42.26
ORD00461,2023-09-06,C0151,P013,2,0.0,Retail,842.48,375.74,466.74
ORD01719,2023-09-06,C0096,P006,2,0.0,Wholesale,88.84,36.06,52.78
ORD00779,2023-09-06,C0390,P014,4,0.0,Online,673.8,351.48,322.32
ORD00081,2023-09-07,C0102,P005,3,0.0,Wholesale,1576.35,733.29,843.06
ORD02160,2023-09-07,C0432,P017,1,0.2,Direct Sales,69.01,35.37,33.64
ORD00907,2023-09-08,C0264,P007,3,0.1,Direct Sales,1404.86,1003.95,400.91
ORD03310,2023-09-08,C0099,P008,4,0.15,Online,418.17,323.64,94.53
ORD01361,2023-09-08,C0398,P001,1,0.0,Wholesale,380.94,156.07,224.87
ORD02333,2023-09-09,C0246,P006,1,0.15,Direct Sales,37.76,18.03,19.73
ORD00047,2023-09-09,C0322,P012,5,0.0,Direct Sales,1078.05,619.7,458.35
ORD00943,2023-09-09,C0378,P020,1,0.0,Wholesale,506.13,276.85,229.28
ORD00062,2023-09-09,C0083,P013,1,0.0,Wholesale,421.24,187.87,233.37
ORD04476,2023-09-09,C0317,P004,1,0.05,Wholesale,72.56,32.65,39.91
ORD04151,2023-09-10,C0136,P010,1,0.0,Wholesale,294.37,178.46,115.91
ORD02821,2023-09-10,C0143,P005,2,0.0,Online,1050.9,488.86,562.04
ORD00201,2023-09-10,C0414,P016,1,0.15,Direct Sales,315.82,246.94,68.88
ORD00767,2023-09-10,C0234,P008,3,0.0,Direct Sales,368.97,242.73,126.24
ORD04411,2023-09-10,C0329,P008,4,0.0,Direct Sales,491.96,323.64,168.32
ORD02412,2023-09-10,C0174,P010,3,0.0,Wholesale,883.11,535.38,347.73
ORD00112,2023-09-10,C0404,P016,3,0.05,Wholesale,1058.92,740.82,318.1
ORD00021,2023-09-10,C0421,P009,2,0.05,Online,471.69,257.3,214.39
ORD03196,2023-09-10,C0319,P012,1,0.05,Online,204.83,123.94,80.89
ORD04262,2023-09-11,C0126,P001,2,0.1,Retail,685.69,312.14,373.55
ORD02176,2023-09-11,C0461,P017,4,0.1,Online,310.54,141.48,169.06
ORD00481,2023-09-11,C0102,P005,2,0.0,Online,1050.9,488.86,562.04
ORD03125,2023-09-11,C0351,P005,2,0.05,Online,998.36,488.86,509.5
ORD03861,2023-09-12,C0093,P003,1,0.1,Online,94.83,70.85,23.98
ORD03286,2023-09-12,C0098,P013,3,0.0,Direct Sales,1263.72,563.61,700.11
ORD01173,2023-09-12,C0279,P001,1,0.05,Retail,361.89,156.07,205.82
ORD01425,2023-09-13,C0057,P009,1,0.0,Online,248.26,128.65,119.61
ORD02879,2023-09-13,C0296,P011,2,0.1,Retail,656.68,497.24,159.44
ORD02228,2023-09-13,C0033,P018,2,0.0,Retail,1755.22,773.2,982.02
ORD00198,2023-09-13,C0390,P006,2,0.1,Online,79.96,36.06,43.9
ORD03837,2023-09-13,C0294,P005,3,0.1,Wholesale,1418.72,733.29,685.43
ORD02899,2023-09-13,C0089,P019,1,0.0,Online,182.54,128.8,53.74
ORD01166,2023-09-13,C0473,P008,1,0.0,Retail,122.99,80.91,42.08
ORD00175,2023-09-14,C0067,P015,4,0.0,Online,1307.16,964.16,343.0
ORD04007,2023-09-14,C0110,P001,4,0.0,Retail,1523.76,624.28,899.48
ORD04165,2023-09-14,C0064,P005,2,0.15,Online,893.27,488.86,404.41
ORD04373,2023-09-14,C0250,P001,4,0.1,Online,1371.38,624.28,747.1
ORD00140,2023-09-14,C0021,P010,1,0.0,Online,294.37,178.46,115.91
ORD04444,2023-09-15,C0220,P012,2,0.15,Online,366.54,247.88,118.66
ORD01973,2023-09-15,C0381,P007,1,0.15,Online,442.27,334.65,107.62
ORD02812,2023-09-15,C0179,P016,2,0.1,Direct Sales,668.79,493.88,174.91
ORD04487,2023-09-15,C0308,P016,1,0.0,Direct Sales,371.55,246.94,124.61
ORD03958,2023-09-15,C0093,P009,1,0.05,Retail,235.85,128.65,107.2
ORD04922,2023-09-15,C0265,P018,2,0.0,Direct Sales,1755.22,773.2,982.02
ORD03532,2023-09-15,C0368,P009,1,0.05,Online,235.85,128.65,107.2
ORD00301,2023-09-16,C0185,P002,2,0.1,Online,1073.5,590.96,482.54
ORD03349,2023-09-17,C0300,P016,1,0.0,Wholesale,371.55,246.94,124.61
ORD02895,2023-09-17,C0005,P008,2,0.0,Online,245.98,161.82,84.16
ORD01519,2023-09-17,C0215,P016,5,0.1,Online,1671.98,1234.7,437.28
ORD03439,2023-09-17,C0071,P005,1,0.0,Online,525.45,244.43,281.02
ORD02901,2023-09-18,C0381,P020,1,0.0,Wholesale,506.13,276.85,229.28
ORD04853,2023-09-18,C0166,P006,2,0.0,Retail,88.84,36.06,52.78
ORD02487,2023-09-18,C0378,P013,3,0.05,Retail,1200.53,563.61,636.92
ORD00532,2023-09-18,C0475,P006,4,0.2,Retail,142.14,72.12,70.02
ORD03580,2023-09-18,C0364,P010,1,0.0,Wholesale,294.37,178.46,115.91
ORD00915,2023-09-18,C0092,P015,3,0.0,Retail,980.37,723.12,257.25
ORD00078,2023-09-19,C0474,P002,5,0.1,Wholesale,2683.76,1477.4,1206.36
ORD03646,2023-09-19,C0492,P012,2,0.0,Retail,431.22,247.88,183.34
ORD03928,2023-09-19,C0465,P017,1,0.0,Direct Sales,86.26,35.37,50.89
ORD03930,2023-09-19,C0491,P017,5,0.05,Direct Sales,409.74,176.85,232.89
ORD04608,2023-09-19,C0484,P011,2,0.2,Retail,583.71,497.24,86.47
ORD02830,2023-09-20,C0201,P011,5,0.0,Online,1824.1,1243.1,581.0
ORD04861,2023-09-20,C0043,P009,1,0.0,Online,248.26,128.65,119.61
ORD02796,2023-09-20,C0031,P016,2,0.0,Wholesale,743.1,493.88,249.22
ORD01395,2023-09-20,C0240,P010,5,0.1,Wholesale,1324.66,892.3,432.36
ORD01536,2023-09-20,C0038,P005,4,0.0,Online,2101.8,977.72,1124.08
ORD02772,2023-09-21,C0126,P005,1,0.1,Online,472.9,244.43,228.47
ORD04928,2023-09-21,C0247,P013,1,0.0,Online,421.24,187.87,233.37
ORD01696,2023-09-21,C0286,P013,2,0.0,Online,842.48,375.74,466.74
ORD03080,2023-09-22,C0220,P018,2,0.0,Online,1755.22,773.2,982.02
ORD03473,2023-09-22,C0255,P010,1,0.05,Retail,279.65,178.46,101.19
ORD02985,2023-09-22,C0225,P001,1,0.15,Online,323.8,156.07,167.73
ORD01016,2023-09-22,C0443,P008,2,0.05,Retail,233.68,161.82,71.86
ORD01595,2023-09-22,C0137,P014,3,0.1,Retail,454.82,263.61,191.21
ORD00079,2023-09-23,C0061,P020,2,0.0,Online,1012.26,553.7,458.56
ORD03234,2023-09-23,C0129,P020,1,0.1,Online,455.52,276.85,178.67
ORD00353,2023-09-23,C0443,P008,2,0.0,Online,245.98,161.82,84.16
ORD01631,2023-09-23,C0226,P016,1,0.05,Direct Sales,352.97,246.94,106.03
ORD01194,2023-09-23,C0410,P014,1,0.05,Direct Sales,160.03,87.87,72.16
ORD02659,2023-09-24,C0327,P004,1,0.0,Direct Sales,76.38,32.65,43.73
ORD02256,2023-09-24,C0436,P017,1,0.0,Online,86.26,35.37,50.89
ORD04605,2023-09-24,C0402,P009,3,0.0,Online,744.78,385.95,358.83
ORD01285,2023-09-24,C0158,P016,5,0.0,Direct Sales,1857.75,1234.7,623.05
ORD00285,2023-09-24,C0299,P012,2,0.0,Wholesale,431.22,247.88,183.34
ORD04992,2023-09-25,C0209,P003,1,0.05,Direct Sales,100.1,70.85,29.25
ORD03688,2023-09-25,C0085,P015,1,0.15,Online,277.77,241.04,36.73
ORD00072,2023-09-25,C0230,P005,2,0.05,Retail,998.36,488.86,509.5
ORD03735,2023-09-25,C0324,P013,5,0.05,Retail,2000.89,939.35,1061.54
ORD03136,2023-09-26,C0190,P013,1,0.0,Direct Sales,421.24,187.87,233.37
ORD04485,2023-09-26,C0319,P015,5,0.2,Direct Sales,1307.16,1205.2,101.96
ORD04979,2023-09-27,C0454,P005,1,0.0,Online,525.45,244.43,281.02
ORD04777,2023-09-27,C0205,P004,2,0.0,Wholesale,152.76,65.3,87.46
ORD00448,2023-09-28,C0301,P005,1,0.0,Online,525.45,244.43,281.02
ORD03916,2023-09-28,C0429,P018,2,0.05,Retail,1667.46,773.2,894.26
ORD01221,2023-09-28,C0267,P004,1,0.0,Online,76.38,32.65,43.73
ORD00063,2023-09-28,C0452,P010,1,0.15,Retail,250.21,178.46,71.75
ORD02653,2023-09-29,C0371,P020,3,0.0,Direct Sales,1518.39,830.55,687.84
ORD02922,2023-09-29,C0487,P012,2,0.0,Online,431.22,247.88,183.34
ORD04641,2023-09-29,C0342,P009,1,0.0,Retail,248.26,128.65,119.61
ORD00505,2023-09-29,C0483,P005,1,0.0,Online,525.45,244.43,281.02
ORD01575,2023-09-29,C0395,P003,1,0.0,Retail,105.37,70.85,34.52
ORD04068,2023-09-29,C0066,P019,2,0.15,Wholesale,310.32,257.6,52.72
ORD02553,2023-09-29,C0254,P012,1,0.0,Wholesale,215.61,123.94,91.67
ORD02108,2023-09-30,C0127,P010,3,0.0,Wholesale,883.11,535.38,347.73
ORD04449,2023-09-30,C0031,P006,2,0.0,Direct Sales,88.84,36.06,52.78
ORD00920,2023-09-30,C0314,P010,2,0.1,Wholesale,529.87,356.92,172.95
ORD01507,2023-09-30,C0330,P015,3,0.0,Online,980.37,723.12,257.25
ORD03024,2023-09-30,C0184,P011,2,0.0,Online,729.64,497.24,232.4
ORD00293,2023-09-30,C0177,P012,3,0.0,Retail,646.83,371.82,275.01
ORD02403,2023-10-01,C0340,P004,1,0.0,Wholesale,76.38,32.65,43.73
ORD02070,2023-10-01,C0155,P014,1,0.15,Retail,143.18,87.87,55.31
ORD02379,2023-10-01,C0203,P010,1,0.0,Online,294.37,178.46,115.91
ORD01811,2023-10-01,C0295,P005,3,0.1,Online,1418.72,733.29,685.43
ORD02334,2023-10-01,C0197,P017,1,0.0,Direct Sales,86.26,35.37,50.89
ORD01525,2023-10-01,C0237,P015,2,0.1,Retail,588.22,482.08,106.14
ORD04474,2023-10-01,C0152,P016,3,0.0,Wholesale,1114.65,740.82,373.83
ORD02933,2023-10-02,C0274,P003,1,0.0,Online,105.37,70.85,34.52
ORD02013,2023-10-02,C0483,P015,1,0.1,Retail,294.11,241.04,53.07
ORD04316,2023-10-02,C0444,P005,2,0.0,Direct Sales,1050.9,488.86,562.04
ORD03918,2023-10-02,C0307,P003,2,0.15,Retail,179.13,141.7,37.43
ORD02620,2023-10-02,C0021,P012,3,0.15,Direct Sales,549.81,371.82,177.99
ORD01903,2023-10-03,C0254,P010,2,0.0,Online,588.74,356.92,231.82
ORD00665,2023-10-03,C0081,P005,1,0.0,Online,525.45,244.43,281.02
ORD00940,2023-10-03,C0042,P006,5,0.05,Direct Sales,211.0,90.15,120.85
ORD03415,2023-10-03,C0460,P003,1,0.0,Retail,105.37,70.85,34.52
ORD01072,2023-10-03,C0389,P014,5,0.0,Online,842.25,439.35,402.9
ORD01228,2023-10-03,C0488,P005,1,0.0,Online,525.45,244.43,281.02
ORD02971,2023-10-04,C0284,P013,2,0.1,Wholesale,758.23,375.74,382.49
ORD02640,2023-10-04,C0184,P009,1,0.05,Retail,235.85,128.65,107.2
ORD04100,2023-10-04,C0251,P006,1,0.05,Online,42.2,18.03,24.17
ORD03551,2023-10-04,C0442,P011,1,0.05,Direct Sales,346.58,248.62,97.96
ORD00203,2023-10-04,C0012,P007,2,0.0,Wholesale,1040.64,669.3,371.34
ORD00960,2023-10-04,C0258,P015,2,0.0,Online,653.58,482.08,171.5
ORD00924,2023-10-04,C0450,P007,1,0.05,Online,494.3,334.65,159.65
ORD04108,2023-10-04,C0346,P013,2,0.15,Online,716.11,375.74,340.37
ORD00722,2023-10-05,C0111,P008,1,0.1,Retail,110.69,80.91,29.78
ORD01067,2023-10-05,C0116,P016,1,0.0,Retail,371.55,246.94,124.61
ORD03194,2023-10-05,C0008,P015,1,0.0,Wholesale,326.79,241.04,85.75
ORD02446,2023-10-05,C0429,P011,1,0.0,Direct Sales,364.82,248.62,116.2
ORD04997,2023-10-06,C0208,P005,2,0.05,Online,998.36,488.86,509.5
ORD03146,2023-10-06,C0458,P018,4,0.0,Online,3510.44,1546.4,1964.04
ORD01420,2023-10-07,C0371,P011,1,0.0,Online,364.82,248.62,116.2
ORD02194,2023-10-07,C0241,P001,3,0.2,Wholesale,914.26,468.21,446.05
ORD01354,2023-10-07,C0313,P006,2,0.1,Retail,79.96,36.06,43.9
ORD00542,2023-10-07,C0133,P009,1,0.05,Online,235.85,128.65,107.2
ORD01697,2023-10-07,C0018,P012,1,0.2,Online,172.49,123.94,48.55
ORD04520,2023-10-08,C0074,P013,2,0.0,Retail,842.48,375.74,466.74
ORD02599,2023-10-08,C0322,P020,2,0.2,Online,809.81,553.7,256.11
ORD01438,2023-10-08,C0470,P015,3,0.0,Wholesale,980.37,723.12,257.25
ORD02931,2023-10-08,C0381,P013,4,0.0,Retail,1684.96,751.48,933.48
ORD02958,2023-10-09,C0157,P011,3,0.0,Online,1094.46,745.86,348.6
ORD01257,2023-10-09,C0264,P001,1,0.0,Online,380.94,156.07,224.87
ORD01717,2023-10-09,C0416,P014,1,0.2,Retail,134.76,87.87,46.89
ORD04598,2023-10-09,C0450,P014,1,0.05,Retail,160.03,87.87,72.16
ORD03227,2023-10-09,C0124,P006,1,0.0,Wholesale,44.42,18.03,26.39
ORD04988,2023-10-09,C0348,P013,3,0.1,Retail,1137.35,563.61,573.74
ORD03717,2023-10-10,C0332,P012,3,0.15,Online,549.81,371.82,177.99
ORD04495,2023-10-10,C0422,P018,1,0.0,Retail,877.61,386.6,491.01
ORD01570,2023-10-10,C0426,P015,1,0.1,Direct Sales,294.11,241.04,53.07
ORD03722,2023-10-10,C0131,P004,1,0.0,Online,76.38,32.65,43.73
ORD02911,2023-10-10,C0126,P003,3,0.0,Direct Sales,316.11,212.55,103.56
ORD03083,2023-10-11,C0051,P004,2,0.0,Direct Sales,152.76,65.3,87.46
ORD04146,2023-10-11,C0099,P017,1,0.0,Retail,86.26,35.37,50.89
ORD00190,2023-10-11,C0360,P007,1,0.2,Direct Sales,416.26,334.65,81.61
ORD01369,2023-10-11,C0463,P013,3,0.05,Online,1200.53,563.61,636.92
ORD00491,2023-10-11,C0225,P016,3,0.2,Retail,891.72,740.82,150.9
ORD04862,2023-10-11,C0280,P012,1,0.15,Direct Sales,183.27,123.94,59.33
ORD00597,2023-10-11,C0337,P008,1,0.0,Retail,122.99,80.91,42.08
ORD00094,2023-10-11,C0156,P019,2,0.0,Online,365.08,257.6,107.48
ORD00547,2023-10-12,C0044,P004,1,0.0,Online,76.38,32.65,43.73
ORD00559,2023-10-12,C0297,P005,3,0.05,Wholesale,1497.53,733.29,764.24
ORD00694,2023-10-13,C0057,P002,4,0.0,Online,2385.56,1181.92,1203.64
ORD01760,2023-10-13,C0460,P003,1,0.05,Retail,100.1,70.85,29.25
ORD04039,2023-10-13,C0447,P001,2,0.1,Online,685.69,312.14,373.55
ORD04963,2023-10-13,C0053,P008,2,0.0,Wholesale,245.98,161.82,84.16
ORD02680,2023-10-14,C0063,P017,2,0.0,Retail,172.52,70.74,101.78
ORD03012,2023-10-14,C0261,P015,1,0.15,Online,277.77,241.04,36.73
ORD02258,2023-10-14,C0080,P002,2,0.1,Direct Sales,1073.5,590.96,482.54
ORD01500,2023-10-14,C0135,P001,1,0.15,Direct Sales,323.8,156.07,167.73
ORD01943,2023-10-14,C0381,P012,3,0.0,Direct Sales,646.83,371.82,275.01
ORD04749,2023-10-14,C0193,P008,1,0.0,Online,122.99,80.91,42.08
ORD04218,2023-10-15,C0062,P011,2,0.0,Online,729.64,497.24,232.4
ORD04157,2023-10-15,C0326,P008,4,0.15,Retail,418.17,323.64,94.53
ORD00219,2023-10-15,C0018,P015,1,0.05,Direct Sales,310.45,241.04,69.41
ORD01038,2023-10-15,C0037,P017,1,0.0,Online,86.26,35.37,50.89
ORD04554,2023-10-15,C0232,P009,2,0.05,Retail,471.69,257.3,214.39
ORD01059,2023-10-15,C0011,P014,3,0.0,Online,505.35,263.61,241.74
ORD01359,2023-10-15,C0245,P019,1,0.0,Retail,182.54,128.8,53.74
ORD00968,2023-10-15,C0036,P016,1,0.1,Retail,334.4,246.94,87.46
ORD01582,2023-10-15,C0455,P009,1,0.05,Online,235.85,128.65,107.2
ORD02927,2023-10-15,C0291,P005,3,0.05,Retail,1497.53,733.29,764.24
ORD04191,2023-10-15,C0367,P001,1,0.0,Online,380.94,156.07,224.87
ORD02428,2023-10-16,C0281,P009,1,0.0,Online,248.26,128.65,119.61
ORD04128,2023-10-16,C0081,P006,3,0.0,Direct Sales,133.26,54.09,79.17
ORD03723,2023-10-16,C0418,P015,2,0.0,Online,653.58,482.08,171.5
ORD01490,2023-10-17,C0040,P019,1,0.15,Online,155.16,128.8,26.36
ORD04416,2023-10-17,C0462,P007,1,0.0,Retail,520.32,334.65,185.67
ORD01968,2023-10-17,C0435,P011,1,0.05,Retail,346.58,248.62,97.96
ORD04711,2023-10-17,C0188,P002,4,0.2,Online,1908.45,1181.92,726.53
ORD00785,2023-10-17,C0041,P017,1,0.05,Online,81.95,35.37,46.58
ORD00150,2023-10-17,C0131,P018,2,0.05,Online,1667.46,773.2,894.26
ORD00468,2023-10-17,C0357,P005,4,0.0,Direct Sales,2101.8,977.72,1124.08
ORD00048,2023-10-18,C0070,P004,1,0.05,Retail,72.56,32.65,39.91
ORD03249,2023-10-19,C0390,P009,1,0.0,Wholesale,248.26,128.65,119.61
ORD02551,2023-10-20,C0410,P012,2,0.15,Direct Sales,366.54,247.88,118.66
ORD02191,2023-10-20,C0008,P007,2,0.0,Wholesale,1040.64,669.3,371.34
ORD01620,2023-10-20,C0111,P017,3,0.0,Online,258.78,106.11,152.67
ORD03187,2023-10-20,C0158,P004,1,0.05,Retail,72.56,32.65,39.91
ORD01839,2023-10-20,C0317,P011,4,0.0,Online,1459.28,994.48,464.8
ORD04492,2023-10-20,C0061,P014,3,0.0,Retail,505.35,263.61,241.74
ORD02898,2023-10-21,C0177,P009,1,0.0,Online,248.26,128.65,119.61
ORD04179,2023-10-21,C0081,P001,2,0.1,Online,685.69,312.14,373.55
ORD02856,2023-10-22,C0474,P004,1,0.15,Wholesale,64.92,32.65,32.27
ORD03707,2023-10-22,C0454,P001,3,0.0,Online,1142.82,468.21,674.61
ORD01751,2023-10-22,C0186,P016,3,0.0,Direct Sales,1114.65,740.82,373.83
ORD02928,2023-10-22,C0356,P009,1,0.0,Retail,248.26,128.65,119.61
ORD02627,2023-10-22,C0136,P008,2,0.0,Retail,245.98,161.82,84.16
ORD03866,2023-10-22,C0488,P003,2,0.0,Wholesale,210.74,141.7,69.04
ORD03050,2023-10-23,C0340,P002,2,0.0,Retail,1192.78,590.96,601.82
ORD04244,2023-10-23,C0414,P006,1,0.0,Direct Sales,44.42,18.03,26.39
ORD02248,2023-10-24,C0125,P011,3,0.0,Online,1094.46,745.86,348.6
ORD04780,2023-10-24,C0305,P016,1,0.2,Direct Sales,297.24,246.94,50.3
ORD03379,2023-10-24,C0074,P002,1,0.0,Direct Sales,596.39,295.48,300.91
ORD01932,2023-10-24,C0367,P005,1,0.0,Wholesale,525.45,244.43,281.02
ORD03873,2023-10-25,C0379,P006,1,0.15,Online,37.76,18.03,19.73
ORD01381,2023-10-25,C0243,P014,3,0.0,Retail,505.35,263.61,241.74
ORD02136,2023-10-25,C0013,P008,1,0.0,Wholesale,122.99,80.91,42.08
ORD04996,2023-10-25,C0445,P006,1,0.0,Online,44.42,18.03,26.39
ORD04142,2023-10-25,C0107,P002,1,0.05,Wholesale,566.57,295.48,271.09
ORD04620,2023-10-25,C0106,P003,2,0.05,Wholesale,200.2,141.7,58.5
ORD00969,2023-10-26,C0220,P011,4,0.0,Retail,1459.28,994.48,464.8
ORD04252,2023-10-26,C0459,P012,4,0.0,Online,862.44,495.76,366.68
ORD03253,2023-10-26,C0168,P020,1,0.0,Retail,506.13,276.85,229.28
ORD01064,2023-10-26,C0217,P013,1,0.1,Retail,379.12,187.87,191.25
ORD00827,2023-10-26,C0249,P017,3,0.0,Direct Sales,258.78,106.11,152.67
ORD01731,2023-10-26,C0441,P012,3,0.05,Online,614.49,371.82,242.67
ORD00092,2023-10-26,C0488,P009,2,0.0,Direct Sales,496.52,257.3,239.22
ORD01143,2023-10-26,C0394,P004,1,0.0,Retail,76.38,32.65,43.73
ORD03521,2023-10-26,C0221,P010,3,0.0,Retail,883.11,535.38,347.73
ORD04043,2023-10-26,C0073,P009,4,0.2,Direct Sales,794.43,514.6,279.83
ORD01700,2023-10-27,C0487,P009,1,0.1,Direct Sales,223.43,128.65,94.78
ORD01661,2023-10-27,C0326,P001,2,0.2,Retail,609.5,312.14,297.36
ORD04954,2023-10-28,C0122,P003,1,0.0,Online,105.37,70.85,34.52
ORD03277,2023-10-28,C0030,P005,2,0.05,Retail,998.36,488.86,509.5
ORD03245,2023-10-28,C0004,P014,2,0.2,Retail,269.52,175.74,93.78
ORD04066,2023-10-28,C0342,P001,1,0.05,Wholesale,361.89,156.07,205.82
ORD00327,2023-10-28,C0395,P020,3,0.0,Direct Sales,1518.39,830.55,687.84
ORD00429,2023-10-28,C0328,P016,1,0.05,Wholesale,352.97,246.94,106.03
ORD04983,2023-10-29,C0439,P016,1,0.05,Direct Sales,352.97,246.94,106.03
ORD02082,2023-10-31,C0199,P012,2,0.1,Retail,388.1,247.88,140.22
ORD04855,2023-11-01,C0001,P014,4,0.0,Direct Sales,673.8,351.48,322.32
ORD01950,2023-11-02,C0184,P007,3,0.0,Direct Sales,1560.96,1003.95,557.01
ORD03096,2023-11-02,C0262,P003,2,0.2,Wholesale,168.59,141.7,26.89
ORD02385,2023-11-02,C0488,P007,4,0.1,Wholesale,1873.15,1338.6,534.55
ORD01508,2023-11-03,C0269,P005,1,0.2,Online,420.36,244.43,175.93
ORD00052,2023-11-03,C0435,P001,1,0.0,Wholesale,380.94,156.07,224.87
ORD03337,2023-11-03,C0484,P016,3,0.0,Direct Sales,1114.65,740.82,373.83
ORD04682,2023-11-03,C0374,P017,1,0.0,Online,86.26,35.37,50.89
ORD02274,2023-11-03,C0119,P014,1,0.15,Online,143.18,87.87,55.31
ORD02758,2023-11-03,C0158,P007,2,0.15,Retail,884.54,669.3,215.24
ORD01682,2023-11-04,C0362,P020,1,0.1,Online,455.52,276.85,178.67
ORD03789,2023-11-04,C0382,P002,1,0.1,Online,536.75,295.48,241.27
ORD02541,2023-11-04,C0282,P018,2,0.0,Retail,1755.22,773.2,982.02
ORD00776,2023-11-04,C0272,P004,4,0.0,Online,305.52,130.6,174.92
ORD03737,2023-11-05,C0397,P015,1,0.15,Wholesale,277.77,241.04,36.73
ORD04902,2023-11-05,C0179,P015,2,0.2,Retail,522.86,482.08,40.78
ORD00869,2023-11-05,C0055,P007,1,0.0,Retail,520.32,334.65,185.67
ORD01131,2023-11-05,C0267,P006,2,0.15,Retail,75.51,36.06,39.45
ORD02617,2023-11-05,C0012,P010,2,0.0,Retail,588.74,356.92,231.82
ORD04149,2023-11-06,C0012,P013,2,0.0,Direct Sales,842.48,375.74,466.74
ORD03726,2023-11-06,C0364,P019,3,0.0,Retail,547.62,386.4,161.22
ORD01406,2023-11-07,C0123,P019,1,0.1,Retail,164.29,128.8,35.49
ORD01618,2023-11-07,C0317,P001,2,0.0,Wholesale,761.88,312.14,449.74
ORD03342,2023-11-07,C0488,P016,4,0.05,Online,1411.89,987.76,424.13
ORD01119,2023-11-07,C0416,P009,2,0.05,Wholesale,471.69,257.3,214.39
ORD02802,2023-11-08,C0189,P009,1,0.05,Retail,235.85,128.65,107.2
ORD01342,2023-11-08,C0247,P007,1,0.1,Online,468.29,334.65,133.64
ORD04657,2023-11-08,C0049,P002,1,0.0,Retail,596.39,295.48,300.91
ORD01988,2023-11-09,C0007,P001,1,0.0,Online,380.94,156.07,224.87
ORD04651,2023-11-09,C0140,P003,1,0.0,Wholesale,105.37,70.85,34.52
ORD04163,2023-11-09,C0381,P009,3,0.0,Retail,744.78,385.95,358.83
ORD00466,2023-11-09,C0087,P016,4,0.0,Direct Sales,1486.2,987.76,498.44
ORD02064,2023-11-10,C0023,P016,1,0.05,Wholesale,352.97,246.94,106.03
ORD01430,2023-11-11,C0175,P011,1,0.15,Direct Sales,310.1,248.62,61.48
ORD00302,2023-11-11,C0110,P016,2,0.0,Retail,743.1,493.88,249.22
ORD04696,2023-11-11,C0352,P006,4,0.05,Retail,168.8,72.12,96.68
ORD02396,2023-11-11,C0003,P009,4,0.0,Retail,993.04,514.6,478.44
ORD00782,2023-11-11,C0411,P001,1,0.2,Direct Sales,304.75,156.07,148.68
ORD00936,2023-11-11,C0431,P009,1,0.0,Wholesale,248.26,128.65,119.61
ORD01007,2023-11-12,C0221,P003,5,0.15,Retail,447.82,354.25,93.57
ORD00509,2023-11-12,C0060,P011,1,0.15,Online,310.1,248.62,61.48
ORD03300,2023-11-12,C0224,P004,1,0.15,Online,64.92,32.65,32.27
ORD03784,2023-11-12,C0313,P016,3,0.0,Wholesale,1114.65,740.82,373.83
ORD03459,2023-11-12,C0481,P006,2,0.15,Wholesale,75.51,36.06,39.45
ORD03856,2023-11-12,C0418,P012,4,0.0,Online,862.44,495.76,366.68
ORD01730,2023-11-12,C0339,P018,1,0.1,Online,789.85,386.6,403.25
ORD02210,2023-11-13,C0235,P017,2,0.0,Online,172.52,70.74,101.78
ORD02937,2023-11-13,C0498,P017,1,0.1,Online,77.63,35.37,42.26
ORD04888,2023-11-13,C0311,P013,1,0.0,Direct Sales,421.24,187.87,233.37
ORD04689,2023-11-13,C0293,P012,4,0.1,Direct Sales,776.2,495.76,280.44
ORD01015,2023-11-13,C0398,P012,4,0.05,Retail,819.32,495.76,323.56
ORD02720,2023-11-13,C0007,P011,3,0.0,Wholesale,1094.46,745.86,348.6
ORD00204,2023-11-14,C0480,P014,5,0.1,Wholesale,758.02,439.35,318.67
ORD01011,2023-11-15,C0005,P006,3,0.1,Retail,119.93,54.09,65.84
ORD04365,2023-11-15,C0369,P012,3,0.0,Online,646.83,371.82,275.01
ORD01171,2023-11-15,C0247,P009,1,0.0,Retail,248.26,128.65,119.61
ORD01475,2023-11-15,C0109,P011,3,0.05,Direct Sales,1039.74,745.86,293.88
ORD02366,2023-11-15,C0314,P003,5,0.05,Online,500.51,354.25,146.26
ORD04034,2023-11-16,C0366,P007,2,0.0,Retail,1040.64,669.3,371.34
ORD01820,2023-11-16,C0142,P003,2,0.05,Online,200.2,141.7,58.5
ORD01732,2023-11-17,C0216,P003,1,0.0,Retail,105.37,70.85,34.52
ORD01854,2023-11-17,C0104,P020,4,0.05,Direct Sales,1923.29,1107.4,815.89
ORD04295,2023-11-17,C0369,P002,2,0.05,Retail,1133.14,590.96,542.18
ORD04027,2023-11-17,C0294,P019,5,0.0,Wholesale,912.7,644.0,268.7
ORD03583,2023-11-17,C0316,P008,1,0.0,Wholesale,122.99,80.91,42.08
ORD04334,2023-11-17,C0060,P006,1,0.0,Retail,44.42,18.03,26.39
ORD01292,2023-11-18,C0171,P014,1,0.15,Retail,143.18,87.87,55.31
ORD02067,2023-11-18,C0077,P002,2,0.0,Retail,1192.78,590.96,601.82
ORD01754,2023-11-19,C0226,P012,1,0.05,Online,204.83,123.94,80.89
ORD01339,2023-11-19,C0054,P019,1,0.0,Online,182.54,128.8,53.74
ORD03132,2023-11-19,C0143,P001,2,0.1,Retail,685.69,312.14,373.55
ORD01139,2023-11-19,C0226,P010,1,0.05,Retail,279.65,178.46,101.19
ORD00692,2023-11-20,C0127,P001,1,0.0,Wholesale,380.94,156.07,224.87
ORD03806,2023-11-20,C0058,P006,1,0.0,Wholesale,44.42,18.03,26.39
ORD03892,2023-11-20,C0243,P016,1,0.0,Wholesale,371.55,246.94,124.61
ORD01272,2023-11-20,C0043,P002,2,0.1,Wholesale,1073.5,590.96,482.54
ORD01117,2023-11-20,C0465,P009,2,0.2,Direct Sales,397.22,257.3,139.92
ORD01714,2023-11-20,C0021,P016,1,0.2,Online,297.24,246.94,50.3
ORD04730,2023-11-20,C0046,P010,1,0.1,Online,264.93,178.46,86.47
ORD04319,2023-11-20,C0178,P013,1,0.0,Online,421.24,187.87,233.37
ORD04072,2023-11-21,C0498,P013,1,0.0,Wholesale,421.24,187.87,233.37
ORD04658,2023-11-21,C0167,P002,3,0.0,Online,1789.17,886.44,902.73
ORD02383,2023-11-21,C0321,P020,1,0.1,Direct Sales,455.52,276.85,178.67
ORD01709,2023-11-21,C0212,P010,1,0.0,Online,294.37,178.46,115.91
ORD03355,2023-11-21,C0057,P018,1,0.0,Retail,877.61,386.6,491.01
ORD02327,2023-11-21,C0162,P015,1,0.2,Online,261.43,241.04,20.39
ORD00883,2023-11-21,C0373,P009,1,0.15,Wholesale,211.02,128.65,82.37
ORD00066,2023-11-22,C0194,P020,1,0.0,Online,506.13,276.85,229.28
ORD02637,2023-11-22,C0445,P017,1,0.0,Wholesale,86.26,35.37,50.89
ORD03933,2023-11-22,C0451,P004,1,0.15,Wholesale,64.92,32.65,32.27
ORD03412,2023-11-23,C0201,P013,1,0.0,Wholesale,421.24,187.87,233.37
ORD04837,2023-11-23,C0154,P018,1,0.0,Online,877.61,386.6,491.01
ORD03765,2023-11-23,C0153,P020,1,0.1,Direct Sales,455.52,276.85,178.67
ORD04326,2023-11-23,C0060,P017,1,0.15,Direct Sales,73.32,35.37,37.95
ORD02391,2023-11-23,C0256,P016,2,0.0,Online,743.1,493.88,249.22
ORD04580,2023-11-23,C0490,P018,1,0.0,Retail,877.61,386.6,491.01
ORD00775,2023-11-23,C0069,P006,1,0.0,Retail,44.42,18.03,26.39
ORD00346,2023-11-23,C0315,P002,1,0.0,Retail,596.39,295.48,300.91
ORD04817,2023-11-24,C0004,P009,1,0.0,Retail,248.26,128.65,119.61
ORD02349,2023-11-24,C0307,P016,3,0.0,Direct Sales,1114.65,740.82,373.83
ORD03778,2023-11-24,C0141,P015,2,0.15,Online,555.54,482.08,73.46
ORD00976,2023-11-25,C0228,P018,3,0.0,Online,2632.83,1159.8,1473.03
ORD00904,2023-11-25,C0034,P012,4,0.0,Wholesale,862.44,495.76,366.68
ORD02608,2023-11-25,C0419,P010,1,0.1,Online,264.93,178.46,86.47
ORD01641,2023-11-25,C0448,P013,3,0.05,Retail,1200.53,563.61,636.92
ORD04276,2023-11-25,C0164,P011,1,0.1,Retail,328.34,248.62,79.72
ORD00125,2023-11-25,C0009,P002,4,0.2,Retail,1908.45,1181.92,726.53
ORD04207,2023-11-25,C0139,P001,3,0.0,Online,1142.82,468.21,674.61
ORD04724,2023-11-25,C0418,P007,2,0.0,Retail,1040.64,669.3,371.34
ORD01084,2023-11-26,C0041,P019,3,0.05,Retail,520.24,386.4,133.84
ORD01032,2023-11-27,C0440,P017,3,0.0,Online,258.78,106.11,152.67
ORD00681,2023-11-27,C0171,P001,2,0.05,Direct Sales,723.79,312.14,411.65
ORD02837,2023-11-27,C0157,P005,1,0.1,Direct Sales,472.9,244.43,228.47
ORD01069,2023-11-27,C0230,P012,5,0.05,Online,1024.15,619.7,404.45
ORD03054,2023-11-28,C0136,P007,4,0.05,Online,1977.22,1338.6,638.62
ORD00137,2023-11-28,C0395,P002,1,0.0,Direct Sales,596.39,295.48,300.91
ORD01902,2023-11-28,C0107,P013,1,0.1,Wholesale,379.12,187.87,191.25
ORD04618,2023-11-28,C0094,P014,4,0.0,Online,673.8,351.48,322.32
ORD03785,2023-11-28,C0298,P018,2,0.05,Retail,1667.46,773.2,894.26
ORD00893,2023-11-29,C0479,P012,1,0.0,Retail,215.61,123.94,91.67
ORD02641,2023-11-29,C0423,P015,1,0.0,Wholesale,326.79,241.04,85.75
ORD04754,2023-11-29,C0146,P005,1,0.1,Retail,472.9,244.43,228.47
ORD02225,2023-11-29,C0223,P004,1,0.0,Retail,76.38,32.65,43.73
ORD02498,2023-11-29,C0278,P004,3,0.05,Online,217.68,97.95,119.73
ORD03314,2023-11-29,C0287,P006,4,0.0,Retail,177.68,72.12,105.56
ORD01756,2023-11-29,C0006,P020,2,0.1,Direct Sales,911.03,553.7,357.33
ORD00019,2023-11-29,C0096,P010,4,0.0,Online,1177.48,713.84,463.64
ORD02900,2023-11-30,C0076,P020,3,0.0,Wholesale,1518.39,830.55,687.84
ORD00529,2023-11-30,C0150,P014,3,0.05,Wholesale,480.08,263.61,216.47
ORD03250,2023-11-30,C0365,P012,2,0.0,Online,431.22,247.88,183.34
ORD00563,2023-12-01,C0467,P005,1,0.0,Wholesale,525.45,244.43,281.02
ORD01386,2023-12-01,C0122,P019,4,0.0,Online,730.16,515.2,214.96
ORD01324,2023-12-01,C0444,P010,2,0.05,Online,559.3,356.92,202.38
ORD01093,2023-12-02,C0224,P005,3,0.1,Retail,1418.72,733.29,685.43
ORD04494,2023-12-02,C0079,P006,2,0.1,Direct Sales,79.96,36.06,43.9
ORD04702,2023-12-03,C0416,P016,1,0.05,Wholesale,352.97,246.94,106.03
ORD00614,2023-12-03,C0194,P011,3,0.05,Wholesale,1039.74,745.86,293.88
ORD00100,2023-12-03,C0078,P009,1,0.15,Retail,211.02,128.65,82.37
ORD03298,2023-12-03,C0165,P003,2,0.05,Online,200.2,141.7,58.5
ORD03465,2023-12-03,C0133,P002,2,0.0,Online,1192.78,590.96,601.82
ORD01105,2023-12-04,C0395,P015,1,0.0,Wholesale,326.79,241.04,85.75
ORD00592,2023-12-04,C0165,P008,1,0.0,Wholesale,122.99,80.91,42.08
ORD04833,2023-12-04,C0425,P007,2,0.0,Retail,1040.64,669.3,371.34
ORD02625,2023-12-04,C0032,P003,3,0.0,Online,316.11,212.55,103.56
ORD03810,2023-12-05,C0006,P014,1,0.0,Wholesale,168.45,87.87,80.58
ORD02770,2023-12-05,C0362,P008,1,0.1,Online,110.69,80.91,29.78
ORD03487,2023-12-05,C0134,P004,1,0.05,Retail,72.56,32.65,39.91
ORD02388,2023-12-06,C0093,P003,1,0.15,Online,89.56,70.85,18.71
ORD01954,2023-12-06,C0287,P007,4,0.05,Direct Sales,1977.22,1338.6,638.62
ORD03574,2023-12-06,C0416,P018,4,0.05,Online,3334.92,1546.4,1788.52
ORD02081,2023-12-07,C0005,P002,4,0.1,Online,2147.0,1181.92,965.08
ORD01368,2023-12-07,C0139,P008,1,0.1,Wholesale,110.69,80.91,29.78
ORD00805,2023-12-07,C0170,P011,2,0.0,Online,729.64,497.24,232.4
ORD02492,2023-12-07,C0170,P002,1,0.0,Direct Sales,596.39,295.48,300.91
ORD00380,2023-12-07,C0396,P002,5,0.05,Retail,2832.85,1477.4,1355.45
ORD02008,2023-12-08,C0295,P008,1,0.05,Online,116.84,80.91,35.93
ORD03893,2023-12-08,C0298,P004,1,0.1,Online,68.74,32.65,36.09
ORD00299,2023-12-08,C0358,P010,3,0.0,Online,883.11,535.38,347.73
ORD03842,2023-12-08,C0027,P004,2,0.0,Online,152.76,65.3,87.46
ORD02847,2023-12-09,C0362,P019,1,0.0,Online,182.54,128.8,53.74
ORD03542,2023-12-09,C0032,P003,1,0.1,Wholesale,94.83,70.85,23.98
ORD01216,2023-12-09,C0125,P018,1,0.0,Online,877.61,386.6,491.01
ORD04486,2023-12-09,C0117,P016,3,0.05,Retail,1058.92,740.82,318.1
ORD02613,2023-12-09,C0183,P013,1,0.0,Wholesale,421.24,187.87,233.37
ORD00032,2023-12-09,C0420,P013,3,0.0,Wholesale,1263.72,563.61,700.11
ORD02145,2023-12-09,C0158,P016,4,0.1,Direct Sales,1337.58,987.76,349.82
ORD04686,2023-12-10,C0191,P009,1,0.0,Direct Sales,248.26,128.65,119.61
ORD00452,2023-12-10,C0173,P010,1,0.1,Online,264.93,178.46,86.47
ORD01881,2023-12-10,C0471,P003,2,0.0,Wholesale,210.74,141.7,69.04
ORD00655,2023-12-10,C0436,P005,3,0.0,Wholesale,1576.35,733.29,843.06
ORD04629,2023-12-10,C0201,P018,3,0.1,Retail,2369.55,1159.8,1209.75
ORD03766,2023-12-11,C0043,P012,1,0.0,Retail,215.61,123.94,91.67
ORD00794,2023-12-11,C0331,P016,1,0.05,Retail,352.97,246.94,106.03
ORD02268,2023-12-11,C0400,P018,1,0.0,Online,877.61,386.6,491.01
ORD02435,2023-12-11,C0330,P009,1,0.1,Direct Sales,223.43,128.65,94.78
ORD00411,2023-12-12,C0437,P014,1,0.0,Retail,168.45,87.87,80.58
ORD03937,2023-12-12,C0036,P001,1,0.05,Online,361.89,156.07,205.82
ORD02134,2023-12-12,C0043,P009,1,0.0,Wholesale,248.26,128.65,119.61
ORD03359,2023-12-12,C0272,P012,3,0.0,Online,646.83,371.82,275.01
ORD04849,2023-12-13,C0212,P002,1,0.0,Wholesale,596.39,295.48,300.91
ORD01136,2023-12-13,C0029,P014,2,0.0,Online,336.9,175.74,161.16
ORD00232,2023-12-14,C0221,P009,1,0.0,Online,248.26,128.65,119.61
ORD02817,2023-12-14,C0470,P005,3,0.15,Retail,1339.9,733.29,606.61
ORD00616,2023-12-15,C0323,P002,1,0.1,Wholesale,536.75,295.48,241.27
ORD00231,2023-12-15,C0265,P013,3,0.05,Wholesale,1200.53,563.61,636.92
ORD04461,2023-12-15,C0289,P011,4,0.15,Direct Sales,1240.39,994.48,245.91
ORD02431,2023-12-15,C0057,P005,2,0.05,Online,998.36,488.86,509.5
ORD01612,2023-12-15,C0092,P011,1,0.0,Retail,364.82,248.62,116.2
ORD01214,2023-12-15,C0173,P009,3,0.0,Retail,744.78,385.95,358.83
ORD01096,2023-12-15,C0341,P012,1,0.0,Wholesale,215.61,123.94,91.67
ORD01273,2023-12-15,C0358,P002,1,0.15,Wholesale,506.93,295.48,211.45
ORD03602,2023-12-15,C0084,P006,3,0.1,Online,119.93,54.09,65.84
ORD02374,2023-12-16,C0112,P017,1,0.1,Online,77.63,35.37,42.26
ORD04917,2023-12-16,C0373,P001,1,0.1,Direct Sales,342.85,156.07,186.78
ORD01528,2023-12-16,C0348,P002,3,0.2,Online,1431.34,886.44,544.9
ORD00829,2023-12-16,C0089,P017,2,0.0,Retail,172.52,70.74,101.78
ORD01073,2023-12-17,C0089,P008,1,0.15,Direct Sales,104.54,80.91,23.63
ORD03364,2023-12-17,C0111,P017,2,0.0,Retail,172.52,70.74,101.78
ORD00470,2023-12-17,C0441,P008,2,0.15,Wholesale,209.08,161.82,47.26
ORD02494,2023-12-17,C0426,P006,3,0.1,Online,119.93,54.09,65.84
ORD00995,2023-12-17,C0312,P019,1,0.2,Online,146.03,128.8,17.23
ORD01390,2023-12-17,C0088,P017,3,0.05,Retail,245.84,106.11,139.73
ORD04959,2023-12-18,C0297,P008,1,0.0,Online,122.99,80.91,42.08
ORD02097,2023-12-18,C0046,P015,2,0.0,Online,653.58,482.08,171.5
ORD03713,2023-12-18,C0414,P005,3,0.0,Direct Sales,1576.35,733.29,843.06
ORD03528,2023-12-18,C0244,P015,5,0.05,Online,1552.25,1205.2,347.05
ORD04014,2023-12-18,C0492,P002,1,0.0,Retail,596.39,295.48,300.91
ORD01956,2023-12-18,C0397,P002,1,0.0,Retail,596.39,295.48,300.91
ORD03992,2023-12-18,C0457,P007,1,0.0,Wholesale,520.32,334.65,185.67
ORD04599,2023-12-18,C0496,P017,2,0.05,Direct Sales,163.89,70.74,93.15
ORD02525,2023-12-19,C0053,P010,3,0.05,Retail,838.95,535.38,303.57
ORD04876,2023-12-19,C0329,P015,1,0.05,Retail,310.45,241.04,69.41
ORD04344,2023-12-19,C0072,P007,1,0.0,Online,520.32,334.65,185.67
ORD02362,2023-12-20,C0343,P008,1,0.0,Online,122.99,80.91,42.08
ORD04542,2023-12-20,C0338,P010,1,0.1,Direct Sales,264.93,178.46,86.47
ORD03862,2023-12-20,C0470,P001,2,0.0,Retail,761.88,312.14,449.74
ORD00436,2023-12-20,C0082,P012,1,0.0,Online,215.61,123.94,91.67
ORD04874,2023-12-20,C0277,P014,4,0.05,Retail,640.11,351.48,288.63
ORD00205,2023-12-21,C0026,P019,4,0.05,Wholesale,693.65,515.2,178.45
ORD00925,2023-12-21,C0280,P009,4,0.05,Online,943.39,514.6,428.79
ORD03751,2023-12-22,C0141,P017,2,0.0,Wholesale,172.52,70.74,101.78
ORD00102,2023-12-22,C0114,P013,4,0.0,Wholesale,1684.96,751.48,933.48
ORD01329,2023-12-22,C0276,P006,1,0.0,Online,44.42,18.03,26.39
ORD03699,2023-12-22,C0091,P018,2,0.1,Online,1579.7,773.2,806.5
ORD00090,2023-12-23,C0344,P017,2,0.1,Retail,155.27,70.74,84.53
ORD04512,2023-12-23,C0244,P020,3,0.0,Online,1518.39,830.55,687.84
ORD00748,2023-12-23,C0343,P005,1,0.2,Online,420.36,244.43,175.93
ORD04529,2023-12-23,C0085,P003,1,0.05,Retail,100.1,70.85,29.25
ORD01312,2023-12-23,C0494,P017,2,0.0,Online,172.52,70.74,101.78
ORD00177,2023-12-24,C0454,P017,3,0.05,Online,245.84,106.11,139.73
ORD04147,2023-12-24,C0328,P020,1,0.1,Online,455.52,276.85,178.67
ORD02011,2023-12-25,C0052,P017,1,0.05,Online,81.95,35.37,46.58
ORD04986,2023-12-25,C0325,P019,1,0.0,Online,182.54,128.8,53.74
ORD02953,2023-12-26,C0164,P010,2,0.0,Direct Sales,588.74,356.92,231.82
ORD00569,2023-12-26,C0373,P008,2,0.1,Retail,221.38,161.82,59.56
ORD02873,2023-12-26,C0021,P003,1,0.2,Retail,84.3,70.85,13.45
ORD01290,2023-12-26,C0092,P006,1,0.0,Retail,44.42,18.03,26.39
ORD01740,2023-12-26,C0290,P014,3,0.0,Wholesale,505.35,263.61,241.74
ORD00026,2023-12-27,C0468,P009,5,0.15,Direct Sales,1055.1,643.25,411.85
ORD02342,2023-12-27,C0153,P001,2,0.1,Retail,685.69,312.14,373.55
ORD01662,2023-12-29,C0353,P013,1,0.1,Retail,379.12,187.87,191.25
ORD03508,2023-12-29,C0129,P020,4,0.1,Online,1822.07,1107.4,714.67
ORD04028,2023-12-29,C0059,P014,3,0.0,Wholesale,505.35,263.61,241.74
ORD03771,2023-12-29,C0165,P013,2,0.05,Online,800.36,375.74,424.62
ORD04464,2023-12-29,C0469,P017,1,0.05,Online,81.95,35.37,46.58
ORD02128,2023-12-29,C0002,P007,2,0.0,Online,1040.64,669.3,371.34
ORD04097,2023-12-29,C0456,P013,1,0.1,Online,379.12,187.87,191.25
ORD01584,2023-12-29,C0041,P016,3,0.05,Direct Sales,1058.92,740.82,318.1
ORD01526,2023-12-29,C0001,P005,2,0.0,Retail,1050.9,488.86,562.04
ORD00744,2023-12-29,C0056,P013,1,0.1,Online,379.12,187.87,191.25
ORD00612,2023-12-30,C0292,P010,4,0.2,Direct Sales,941.98,713.84,228.14
ORD01759,2023-12-30,C0261,P019,3,0.0,Wholesale,547.62,386.4,161.22
ORD00787,2023-12-30,C0138,P019,2,0.15,Retail,310.32,257.6,52.72
ORD03089,2023-12-30,C0440,P013,1,0.05,Retail,400.18,187.87,212.31
ORD01445,2023-12-30,C0468,P006,2,0.0,Retail,88.84,36.06,52.78
ORD01842,2023-12-30,C0322,P020,4,0.0,Online,2024.52,1107.4,917.12
ORD03728,2023-12-31,C0438,P002,5,0.1,Retail,2683.76,1477.4,1206.36
ORD01063,2023-12-31,C0080,P010,1,0.1,Retail,264.93,178.46,86.47
ORD00280,2023-12-31,C0171,P019,2,0.1,Online,328.57,257.6,70.97
ORD01770,2023-12-31,C0320,P002,2,0.0,Online,1192.78,590.96,601.82
ORD02562,2023-12-31,C0364,P009,4,0.1,Wholesale,893.74,514.6,379.14
ORD01887,2024-01-01,C0028,P008,3,0.15,Online,313.62,242.73,70.89
ORD00726,2024-01-01,C0341,P004,3,0.0,Direct Sales,229.14,97.95,131.19
ORD03015,2024-01-01,C0044,P006,1,0.2,Online,35.54,18.03,17.51
ORD03129,2024-01-01,C0386,P010,4,0.0,Retail,1177.48,713.84,463.64
ORD01895,2024-01-01,C0294,P004,1,0.0,Online,76.38,32.65,43.73
ORD04813,2024-01-01,C0295,P010,2,0.0,Wholesale,588.74,356.92,231.82
ORD00861,2024-01-01,C0185,P007,1,0.0,Online,520.32,334.65,185.67
ORD01460,2024-01-01,C0015,P013,3,0.1,Online,1137.35,563.61,573.74
ORD04396,2024-01-02,C0388,P016,1,0.0,Online,371.55,246.94,124.61
ORD00281,2024-01-02,C0135,P007,3,0.0,Retail,1560.96,1003.95,557.01
ORD03395,2024-01-02,C0038,P007,2,0.05,Online,988.61,669.3,319.31
ORD04931,2024-01-02,C0047,P002,2,0.05,Retail,1133.14,590.96,542.18
ORD02367,2024-01-02,C0493,P008,1,0.15,Retail,104.54,80.91,23.63
ORD01689,2024-01-02,C0332,P017,3,0.05,Direct Sales,245.84,106.11,139.73
ORD03592,2024-01-02,C0139,P009,5,0.0,Wholesale,1241.3,643.25,598.05
ORD00407,2024-01-02,C0469,P003,2,0.15,Online,179.13,141.7,37.43
ORD03582,2024-01-02,C0059,P016,5,0.0,Online,1857.75,1234.7,623.05
ORD04655,2024-01-02,C0360,P013,5,0.0,Wholesale,2106.2,939.35,1166.85
ORD04522,2024-01-03,C0088,P002,2,0.15,Online,1013.86,590.96,422.9
ORD03493,2024-01-03,C0227,P018,1,0.0,Wholesale,877.61,386.6,491.01
ORD01832,2024-01-04,C0061,P013,1,0.15,Wholesale,358.05,187.87,170.18
ORD00739,2024-01-04,C0315,P004,1,0.0,Retail,76.38,32.65,43.73
ORD01890,2024-01-04,C0154,P003,3,0.0,Online,316.11,212.55,103.56
ORD01161,2024-01-04,C0022,P002,4,0.0,Wholesale,2385.56,1181.92,1203.64
ORD00753,2024-01-05,C0206,P010,1,0.05,Wholesale,279.65,178.46,101.19
ORD03429,2024-01-05,C0349,P008,3,0.15,Wholesale,313.62,242.73,70.89
ORD01527,2024-01-05,C0377,P002,2,0.05,Retail,1133.14,590.96,542.18
ORD04502,2024-01-05,C0219,P002,1,0.0,Online,596.39,295.48,300.91
ORD01535,2024-01-05,C0218,P012,4,0.05,Retail,819.32,495.76,323.56
ORD00651,2024-01-05,C0427,P019,2,0.1,Wholesale,328.57,257.6,70.97
ORD04846,2024-01-05,C0232,P004,1,0.2,Direct Sales,61.1,32.65,28.45
ORD00881,2024-01-06,C0448,P017,1,0.0,Online,86.26,35.37,50.89
ORD03162,2024-01-06,C0123,P016,1,0.0,Online,371.55,246.94,124.61
ORD02315,2024-01-06,C0466,P012,5,0.0,Direct Sales,1078.05,619.7,458.35
ORD02644,2024-01-06,C0111,P008,1,0.05,Retail,116.84,80.91,35.93
ORD00189,2024-01-06,C0234,P014,4,0.2,Wholesale,539.04,351.48,187.56
ORD03105,2024-01-07,C0220,P002,3,0.0,Retail,1789.17,886.44,902.73
ORD00580,2024-01-07,C0146,P015,2,0.0,Wholesale,653.58,482.08,171.5
ORD01213,2024-01-07,C0036,P011,2,0.05,Wholesale,693.16,497.24,195.92
ORD04327,2024-01-07,C0167,P010,2,0.0,Direct Sales,588.74,356.92,231.82
ORD00790,2024-01-07,C0218,P018,3,0.0,Retail,2632.83,1159.8,1473.03
ORD02713,2024-01-07,C0096,P001,3,0.05,Online,1085.68,468.21,617.47
ORD03896,2024-01-08,C0446,P009,2,0.0,Retail,496.52,257.3,239.22
ORD01113,2024-01-08,C0111,P002,4,0.0,Wholesale,2385.56,1181.92,1203.64
ORD01027,2024-01-08,C0076,P005,1,0.15,Online,446.63,244.43,202.2
ORD00579,2024-01-08,C0466,P015,1,0.0,Retail,326.79,241.04,85.75
ORD01504,2024-01-09,C0225,P011,4,0.0,Wholesale,1459.28,994.48,464.8
ORD00950,2024-01-09,C0029,P003,2,0.0,Online,210.74,141.7,69.04
ORD02027,2024-01-09,C0083,P005,5,0.15,Direct Sales,2233.16,1222.15,1011.01
ORD04275,2024-01-10,C0464,P004,1,0.0,Wholesale,76.38,32.65,43.73
ORD02116,2024-01-11,C0301,P008,3,0.15,Wholesale,313.62,242.73,70.89
ORD03980,2024-01-11,C0410,P001,3,0.1,Online,1028.54,468.21,560.33
ORD04555,2024-01-11,C0191,P009,2,0.0,Direct Sales,496.52,257.3,239.22
ORD04977,2024-01-11,C0081,P016,4,0.0,Direct Sales,1486.2,987.76,498.44
ORD01645,2024-01-11,C0276,P019,1,0.0,Online,182.54,128.8,53.74
ORD04347,2024-01-12,C0163,P004,1,0.05,Direct Sales,72.56,32.65,39.91
ORD00992,2024-01-12,C0478,P005,2,0.15,Wholesale,893.27,488.86,404.41
ORD03308,2024-01-12,C0294,P003,3,0.0,Retail,316.11,212.55,103.56
ORD03222,2024-01-12,C0233,P018,2,0.0,Online,1755.22,773.2,982.02
ORD00703,2024-01-13,C0411,P011,1,0.05,Retail,346.58,248.62,97.96
ORD03616,2024-01-13,C0167,P002,1,0.05,Online,566.57,295.48,271.09
ORD03631,2024-01-13,C0472,P002,4,0.05,Online,2266.28,1181.92,1084.36
ORD04240,2024-01-13,C0479,P008,4,0.1,Direct Sales,442.76,323.64,119.12
ORD04348,2024-01-13,C0266,P019,3,0.0,Online,547.62,386.4,161.22
ORD00853,2024-01-14,C0018,P005,1,0.05,Retail,499.18,244.43,254.75
ORD00699,2024-01-14,C0054,P007,1,0.0,Online,520.32,334.65,185.67
ORD04538,2024-01-14,C0108,P016,4,0.15,Wholesale,1263.27,987.76,275.51
ORD01201,2024-01-14,C0310,P012,1,0.0,Online,215.61,123.94,91.67
ORD04254,2024-01-14,C0322,P005,3,0.15,Retail,1339.9,733.29,606.61
ORD02389,2024-01-15,C0005,P006,1,0.05,Retail,42.2,18.03,24.17
ORD04431,2024-01-16,C0168,P016,1,0.0,Online,371.55,246.94,124.61
ORD02171,2024-01-17,C0266,P004,2,0.1,Retail,137.48,65.3,72.18
ORD03263,2024-01-17,C0241,P003,1,0.0,Retail,105.37,70.85,34.52
ORD01591,2024-01-17,C0219,P002,2,0.0,Direct Sales,1192.78,590.96,601.82
ORD01271,2024-01-17,C0111,P008,2,0.1,Wholesale,221.38,161.82,59.56
ORD00263,2024-01-17,C0465,P007,1,0.15,Retail,442.27,334.65,107.62
ORD02084,2024-01-17,C0424,P008,1,0.1,Wholesale,110.69,80.91,29.78
ORD04260,2024-01-17,C0131,P010,1,0.0,Direct Sales,294.37,178.46,115.91
ORD03600,2024-01-18,C0059,P017,2,0.05,Online,163.89,70.74,93.15
ORD02673,2024-01-18,C0034,P018,1,0.0,Online,877.61,386.6,491.01
ORD01945,2024-01-18,C0055,P001,2,0.0,Wholesale,761.88,312.14,449.74
ORD02582,2024-01-19,C0304,P008,3,0.15,Online,313.62,242.73,70.89
ORD00462,2024-01-19,C0412,P007,1,0.1,Retail,468.29,334.65,133.64
ORD02104,2024-01-19,C0085,P001,2,0.0,Wholesale,761.88,312.14,449.74
ORD00605,2024-01-20,C0385,P007,3,0.0,Retail,1560.96,1003.95,557.01
ORD04134,2024-01-20,C0069,P009,1,0.1,Online,223.43,128.65,94.78
ORD02458,2024-01-20,C0017,P005,2,0.0,Retail,1050.9,488.86,562.04
ORD03106,2024-01-20,C0349,P006,2,0.0,Online,88.84,36.06,52.78
ORD01883,2024-01-21,C0121,P011,1,0.0,Wholesale,364.82,248.62,116.2
ORD00575,2024-01-21,C0483,P019,1,0.05,Online,173.41,128.8,44.61
ORD04558,2024-01-21,C0073,P012,2,0.0,Online,431.22,247.88,183.34
ORD02323,2024-01-21,C0371,P019,1,0.0,Retail,182.54,128.8,53.74
ORD03121,2024-01-22,C0156,P017,3,0.0,Online,258.78,106.11,152.67
ORD04018,2024-01-22,C0079,P016,1,0.05,Direct Sales,352.97,246.94,106.03
ORD03527,2024-01-22,C0242,P019,2,0.1,Wholesale,328.57,257.6,70.97
ORD03087,2024-01-22,C0006,P015,5,0.1,Direct Sales,1470.56,1205.2,265.36
ORD03074,2024-01-22,C0494,P020,1,0.0,Online,506.13,276.85,229.28
ORD03258,2024-01-22,C0298,P001,2,0.05,Wholesale,723.79,312.14,411.65
ORD03016,2024-01-22,C0219,P010,1,0.0,Retail,294.37,178.46,115.91
ORD01818,2024-01-23,C0467,P006,1,0.0,Online,44.42,18.03,26.39
ORD03455,2024-01-23,C0002,P009,2,0.15,Retail,422.04,257.3,164.74
ORD04278,2024-01-23,C0269,P015,2,0.0,Wholesale,653.58,482.08,171.5
ORD02572,2024-01-23,C0217,P001,1,0.05,Online,361.89,156.07,205.82
ORD00394,2024-01-23,C0222,P017,2,0.05,Online,163.89,70.74,93.15
ORD04452,2024-01-23,C0180,P013,5,0.15,Retail,1790.27,939.35,850.92
ORD04857,2024-01-23,C0013,P020,1,0.0,Direct Sales,506.13,276.85,229.28
ORD00384,2024-01-23,C0327,P012,2,0.0,Online,431.22,247.88,183.34
ORD02814,2024-01-24,C0240,P003,2,0.1,Direct Sales,189.67,141.7,47.97
ORD03419,2024-01-24,C0360,P003,2,0.05,Online,200.2,141.7,58.5
ORD04208,2024-01-24,C0179,P011,2,0.0,Retail,729.64,497.24,232.4
ORD00752,2024-01-24,C0227,P014,4,0.05,Online,640.11,351.48,288.63
ORD00469,2024-01-24,C0375,P002,3,0.05,Online,1699.71,886.44,813.27
ORD04478,2024-01-26,C0013,P001,1,0.0,Wholesale,380.94,156.07,224.87
ORD00039,2024-01-26,C0440,P017,2,0.0,Retail,172.52,70.74,101.78
ORD00973,2024-01-26,C0131,P009,1,0.0,Retail,248.26,128.65,119.61
ORD02867,2024-01-26,C0255,P008,2,0.0,Online,245.98,161.82,84.16
ORD04869,2024-01-27,C0486,P007,3,0.1,Online,1404.86,1003.95,400.91
ORD02558,2024-01-27,C0110,P010,1,0.1,Wholesale,264.93,178.46,86.47
ORD04774,2024-01-27,C0492,P014,5,0.0,Retail,842.25,439.35,402.9
ORD02338,2024-01-27,C0315,P020,2,0.0,Online,1012.26,553.7,458.56
ORD01888,2024-01-27,C0116,P003,1,0.05,Wholesale,100.1,70.85,29.25
ORD03402,2024-01-27,C0307,P020,2,0.0,Online,1012.26,553.7,458.56
ORD02102,2024-01-27,C0217,P003,1,0.0,Wholesale,105.37,70.85,34.52
ORD03042,2024-01-28,C0267,P012,1,0.1,Online,194.05,123.94,70.11
ORD04827,2024-01-28,C0162,P004,1,0.1,Direct Sales,68.74,32.65,36.09
ORD03275,2024-01-28,C0152,P013,2,0.0,Retail,842.48,375.74,466.74
ORD02055,2024-01-29,C0226,P007,1,0.0,Direct Sales,520.32,334.65,185.67
ORD03472,2024-01-29,C0452,P012,2,0.05,Online,409.66,247.88,161.78
ORD00670,2024-01-30,C0353,P015,2,0.0,Wholesale,653.58,482.08,171.5
ORD02719,2024-01-30,C0103,P007,1,0.05,Retail,494.3,334.65,159.65
ORD04802,2024-01-30,C0109,P018,3,0.0,Retail,2632.83,1159.8,1473.03
ORD01558,2024-01-31,C0322,P001,3,0.05,Direct Sales,1085.68,468.21,617.47
ORD02512,2024-01-31,C0344,P016,1,0.0,Direct Sales,371.55,246.94,124.61
ORD01384,2024-01-31,C0413,P018,2,0.05,Direct Sales,1667.46,773.2,894.26
ORD03604,2024-02-01,C0221,P016,3,0.1,Retail,1003.18,740.82,262.36
ORD01660,2024-02-01,C0254,P018,3,0.05,Retail,2501.19,1159.8,1341.39
ORD04626,2024-02-01,C0058,P014,1,0.0,Retail,168.45,87.87,80.58
ORD00306,2024-02-01,C0055,P010,4,0.0,Retail,1177.48,713.84,463.64
ORD01942,2024-02-01,C0061,P018,2,0.1,Online,1579.7,773.2,806.5
ORD00014,2024-02-02,C0148,P013,1,0.1,Online,379.12,187.87,191.25
ORD01456,2024-02-02,C0231,P004,1,0.0,Direct Sales,76.38,32.65,43.73
ORD02685,2024-02-03,C0081,P006,1,0.05,Retail,42.2,18.03,24.17
ORD03013,2024-02-03,C0168,P003,3,0.0,Retail,316.11,212.55,103.56
ORD04510,2024-02-03,C0477,P010,1,0.0,Online,294.37,178.46,115.91
ORD04282,2024-02-03,C0395,P015,2,0.0,Online,653.58,482.08,171.5
ORD01871,2024-02-03,C0253,P007,3,0.0,Wholesale,1560.96,1003.95,557.01
ORD02788,2024-02-03,C0024,P010,1,0.05,Online,279.65,178.46,101.19
ORD01347,2024-02-03,C0369,P016,3,0.0,Online,1114.65,740.82,373.83
ORD03712,2024-02-04,C0030,P012,4,0.05,Direct Sales,819.32,495.76,323.56
ORD04957,2024-02-04,C0217,P009,3,0.05,Online,707.54,385.95,321.59
ORD00578,2024-02-04,C0025,P009,1,0.1,Retail,223.43,128.65,94.78
ORD00631,2024-02-05,C0199,P016,1,0.05,Wholesale,352.97,246.94,106.03
ORD01503,2024-02-05,C0106,P016,2,0.15,Retail,631.64,493.88,137.76
ORD02375,2024-02-05,C0070,P012,1,0.0,Online,215.61,123.94,91.67
ORD00852,2024-02-06,C0077,P015,1,0.0,Direct Sales,326.79,241.04,85.75
ORD00927,2024-02-06,C0409,P002,1,0.0,Direct Sales,596.39,295.48,300.91
ORD03393,2024-02-06,C0261,P002,2,0.0,Retail,1192.78,590.96,601.82
ORD04516,2024-02-06,C0044,P006,3,0.05,Retail,126.6,54.09,72.51
ORD01068,2024-02-07,C0302,P009,1,0.0,Wholesale,248.26,128.65,119.61
ORD01746,2024-02-07,C0182,P011,1,0.15,Wholesale,310.1,248.62,61.48
ORD02547,2024-02-07,C0150,P017,3,0.1,Online,232.9,106.11,126.79
ORD02298,2024-02-07,C0242,P003,1,0.0,Online,105.37,70.85,34.52
ORD01049,2024-02-08,C0071,P013,4,0.0,Wholesale,1684.96,751.48,933.48
ORD00286,2024-02-08,C0287,P020,2,0.05,Wholesale,961.65,553.7,407.95
ORD04952,2024-02-08,C0423,P015,1,0.0,Retail,326.79,241.04,85.75
ORD00133,2024-02-09,C0384,P009,1,0.0,Online,248.26,128.65,119.61
ORD04475,2024-02-09,C0054,P015,3,0.05,Direct Sales,931.35,723.12,208.23
ORD03435,2024-02-09,C0204,P018,2,0.05,Retail,1667.46,773.2,894.26
ORD00845,2024-02-09,C0107,P008,3,0.15,Wholesale,313.62,242.73,70.89
ORD01610,2024-02-10,C0466,P002,1,0.15,Direct Sales,506.93,295.48,211.45
ORD01576,2024-02-10,C0459,P020,1,0.0,Online,506.13,276.85,229.28
ORD02972,2024-02-10,C0122,P014,1,0.0,Retail,168.45,87.87,80.58
ORD02605,2024-02-11,C0276,P009,1,0.05,Retail,235.85,128.65,107.2
ORD03732,2024-02-11,C0278,P005,2,0.05,Online,998.36,488.86,509.5
ORD03422,2024-02-11,C0419,P001,2,0.0,Online,761.88,312.14,449.74
ORD03284,2024-02-11,C0376,P005,1,0.0,Online,525.45,244.43,281.02
ORD01921,2024-02-12,C0230,P014,1,0.0,Wholesale,168.45,87.87,80.58
ORD02372,2024-02-12,C0466,P010,1,0.05,Retail,279.65,178.46,101.19
ORD02667,2024-02-13,C0265,P010,3,0.05,Wholesale,838.95,535.38,303.57
ORD00167,2024-02-13,C0343,P012,1,0.05,Online,204.83,123.94,80.89
ORD01734,2024-02-13,C0095,P009,2,0.0,Direct Sales,496.52,257.3,239.22
ORD02776,2024-02-13,C0333,P008,3,0.1,Wholesale,332.07,242.73,89.34
ORD04423,2024-02-13,C0169,P003,1,0.1,Online,94.83,70.85,23.98
ORD01952,2024-02-13,C0442,P011,1,0.05,Wholesale,346.58,248.62,97.96
ORD02893,2024-02-13,C0209,P008,4,0.1,Wholesale,442.76,323.64,119.12
ORD00013,2024-02-13,C0378,P014,3,0.05,Direct Sales,480.08,263.61,216.47
ORD00596,2024-02-13,C0403,P004,1,0.05,Direct Sales,72.56,32.65,39.91
ORD02491,2024-02-13,C0125,P011,1,0.0,Online,364.82,248.62,116.2
ORD03216,2024-02-14,C0293,P018,1,0.0,Retail,877.61,386.6,491.01
ORD00475,2024-02-14,C0463,P007,2,0.0,Retail,1040.64,669.3,371.34
ORD01873,2024-02-14,C0132,P007,4,0.0,Retail,2081.28,1338.6,742.68
ORD03091,2024-02-14,C0414,P020,3,0.15,Online,1290.63,830.55,460.08
ORD00687,2024-02-14,C0415,P012,1,0.05,Retail,204.83,123.94,80.89
ORD01937,2024-02-14,C0103,P002,1,0.0,Wholesale,596.39,295.48,300.91
ORD00686,2024-02-14,C0183,P017,2,0.0,Wholesale,172.52,70.74,101.78
ORD04285,2024-02-14,C0083,P010,2,0.0,Wholesale,588.74,356.92,231.82
ORD00700,2024-02-14,C0033,P011,2,0.0,Retail,729.64,497.24,232.4
ORD00493,2024-02-15,C0124,P010,5,0.1,Direct Sales,1324.66,892.3,432.36
ORD03841,2024-02-15,C0158,P019,1,0.1,Retail,164.29,128.8,35.49
ORD01566,2024-02-15,C0461,P001,2,0.0,Online,761.88,312.14,449.74
ORD04683,2024-02-15,C0058,P013,3,0.1,Wholesale,1137.35,563.61,573.74
ORD01408,2024-02-15,C0478,P008,3,0.0,Online,368.97,242.73,126.24
ORD04909,2024-02-15,C0097,P012,1,0.0,Direct Sales,215.61,123.94,91.67
ORD01485,2024-02-16,C0265,P008,2,0.0,Retail,245.98,161.82,84.16
ORD00334,2024-02-16,C0422,P003,1,0.1,Direct Sales,94.83,70.85,23.98
ORD02754,2024-02-16,C0300,P013,2,0.0,Wholesale,842.48,375.74,466.74
ORD04312,2024-02-16,C0290,P013,1,0.0,Online,421.24,187.87,233.37
ORD03805,2024-02-16,C0195,P016,5,0.15,Retail,1579.09,1234.7,344.39
ORD00901,2024-02-16,C0297,P007,4,0.2,Wholesale,1665.02,1338.6,326.42
ORD04693,2024-02-17,C0057,P016,1,0.0,Wholesale,371.55,246.94,124.61
ORD02185,2024-02-17,C0358,P010,1,0.15,Online,250.21,178.46,71.75
ORD03312,2024-02-17,C0131,P016,4,0.0,Retail,1486.2,987.76,498.44
ORD04976,2024-02-17,C0130,P009,4,0.1,Online,893.74,514.6,379.14
ORD00160,2024-02-18,C0056,P013,2,0.15,Direct Sales,716.11,375.74,340.37
ORD02609,2024-02-18,C0432,P002,1,0.05,Online,566.57,295.48,271.09
ORD02056,2024-02-18,C0326,P006,1,0.0,Online,44.42,18.03,26.39
ORD01205,2024-02-18,C0102,P004,1,0.15,Direct Sales,64.92,32.65,32.27
ORD01737,2024-02-18,C0034,P009,1,0.0,Retail,248.26,128.65,119.61
ORD01078,2024-02-19,C0491,P018,1,0.1,Online,789.85,386.6,403.25
ORD02936,2024-02-19,C0258,P013,3,0.0,Direct Sales,1263.72,563.61,700.11
ORD00003,2024-02-19,C0131,P007,5,0.0,Retail,2601.6,1673.25,928.35
ORD00889,2024-02-19,C0248,P019,1,0.0,Retail,182.54,128.8,53.74
ORD03198,2024-02-19,C0028,P001,1,0.0,Retail,380.94,156.07,224.87
ORD01872,2024-02-19,C0113,P008,1,0.0,Retail,122.99,80.91,42.08
ORD00831,2024-02-19,C0103,P013,1,0.05,Wholesale,400.18,187.87,212.31
ORD01306,2024-02-19,C0162,P008,1,0.15,Wholesale,104.54,80.91,23.63
ORD00364,2024-02-19,C0159,P009,1,0.0,Retail,248.26,128.65,119.61
ORD03165,2024-02-19,C0043,P003,1,0.1,Online,94.83,70.85,23.98
ORD02682,2024-02-20,C0487,P011,2,0.0,Direct Sales,729.64,497.24,232.4
ORD03823,2024-02-21,C0272,P010,1,0.0,Retail,294.37,178.46,115.91
ORD00018,2024-02-21,C0162,P017,1,0.0,Online,86.26,35.37,50.89
ORD00640,2024-02-21,C0164,P008,1,0.15,Retail,104.54,80.91,23.63
ORD02308,2024-02-22,C0159,P001,4,0.05,Retail,1447.57,624.28,823.29
ORD00432,2024-02-22,C0162,P020,3,0.0,Online,1518.39,830.55,687.84
ORD00733,2024-02-23,C0155,P002,1,0.15,Wholesale,506.93,295.48,211.45
ORD02091,2024-02-23,C0484,P016,1,0.05,Retail,352.97,246.94,106.03
ORD03782,2024-02-24,C0190,P011,2,0.05,Online,693.16,497.24,195.92
ORD03081,2024-02-24,C0131,P013,5,0.15,Wholesale,1790.27,939.35,850.92
ORD04570,2024-02-24,C0499,P010,2,0.0,Online,588.74,356.92,231.82
ORD00556,2024-02-24,C0497,P010,4,0.2,Direct Sales,941.98,713.84,228.14
ORD04672,2024-02-25,C0394,P006,5,0.05,Wholesale,211.0,90.15,120.85
ORD04739,2024-02-25,C0148,P017,5,0.05,Retail,409.74,176.85,232.89
ORD03033,2024-02-25,C0022,P019,4,0.0,Direct Sales,730.16,515.2,214.96
ORD04241,2024-02-25,C0321,P018,2,0.0,Online,1755.22,773.2,982.02
ORD04735,2024-02-25,C0413,P015,1,0.1,Wholesale,294.11,241.04,53.07
ORD00111,2024-02-25,C0455,P003,3,0.1,Retail,284.5,212.55,71.95
ORD02016,2024-02-25,C0322,P006,1,0.0,Online,44.42,18.03,26.39
ORD02149,2024-02-26,C0082,P006,1,0.1,Wholesale,39.98,18.03,21.95
ORD01134,2024-02-26,C0432,P015,2,0.0,Retail,653.58,482.08,171.5
ORD03912,2024-02-26,C0167,P006,1,0.1,Online,39.98,18.03,21.95
ORD04342,2024-02-27,C0438,P001,1,0.1,Direct Sales,342.85,156.07,186.78
ORD01165,2024-02-27,C0322,P004,1,0.05,Retail,72.56,32.65,39.91
ORD00424,2024-02-27,C0481,P005,2,0.15,Online,893.27,488.86,404.41
ORD00397,2024-02-27,C0107,P003,1,0.0,Online,105.37,70.85,34.52
ORD01780,2024-02-27,C0070,P004,4,0.0,Online,305.52,130.6,174.92
ORD00307,2024-02-27,C0094,P005,1,0.1,Online,472.9,244.43,228.47
ORD04257,2024-02-28,C0202,P016,2,0.1,Wholesale,668.79,493.88,174.91
ORD00918,2024-02-28,C0444,P001,1,0.2,Direct Sales,304.75,156.07,148.68
ORD02289,2024-02-28,C0139,P003,1,0.0,Online,105.37,70.85,34.52
ORD01008,2024-02-28,C0185,P019,4,0.0,Online,730.16,515.2,214.96
ORD03269,2024-02-28,C0385,P017,1,0.15,Retail,73.32,35.37,37.95
ORD02991,2024-02-28,C0355,P014,2,0.0,Wholesale,336.9,175.74,161.16
ORD02437,2024-02-29,C0110,P020,2,0.15,Online,860.42,553.7,306.72
ORD04168,2024-02-29,C0298,P003,3,0.0,Online,316.11,212.55,103.56
ORD02730,2024-02-29,C0475,P017,3,0.0,Retail,258.78,106.11,152.67
ORD01758,2024-02-29,C0111,P003,4,0.15,Online,358.26,283.4,74.86
ORD00065,2024-02-29,C0212,P013,3,0.05,Online,1200.53,563.61,636.92
ORD00454,2024-02-29,C0148,P014,3,0.05,Wholesale,480.08,263.61,216.47
ORD03244,2024-02-29,C0245,P003,1,0.05,Wholesale,100.1,70.85,29.25
ORD04135,2024-03-01,C0232,P006,3,0.0,Retail,133.26,54.09,79.17
ORD02048,2024-03-01,C0105,P010,1,0.15,Wholesale,250.21,178.46,71.75
ORD00282,2024-03-01,C0233,P013,4,0.2,Online,1347.97,751.48,596.49
ORD01109,2024-03-01,C0470,P011,3,0.0,Wholesale,1094.46,745.86,348.6
ORD00846,2024-03-02,C0155,P011,1,0.0,Direct Sales,364.82,248.62,116.2
ORD01488,2024-03-02,C0297,P018,2,0.0,Online,1755.22,773.2,982.02
ORD02942,2024-03-02,C0014,P011,3,0.0,Direct Sales,1094.46,745.86,348.6
ORD02179,2024-03-02,C0327,P011,2,0.0,Retail,729.64,497.24,232.4
ORD04417,2024-03-03,C0046,P017,3,0.0,Wholesale,258.78,106.11,152.67
ORD02405,2024-03-03,C0290,P020,1,0.05,Retail,480.82,276.85,203.97
ORD03397,2024-03-03,C0229,P009,1,0.1,Online,223.43,128.65,94.78
ORD04366,2024-03-03,C0324,P005,3,0.0,Online,1576.35,733.29,843.06
ORD00123,2024-03-03,C0218,P009,1,0.15,Wholesale,211.02,128.65,82.37
ORD01103,2024-03-04,C0382,P010,1,0.0,Online,294.37,178.46,115.91
ORD00958,2024-03-04,C0231,P006,3,0.0,Retail,133.26,54.09,79.17
ORD04170,2024-03-04,C0373,P005,1,0.05,Retail,499.18,244.43,254.75
ORD01827,2024-03-04,C0351,P019,2,0.05,Retail,346.83,257.6,89.23
ORD04330,2024-03-04,C0217,P001,3,0.0,Online,1142.82,468.21,674.61
ORD03585,2024-03-05,C0081,P003,1,0.0,Online,105.37,70.85,34.52
ORD01695,2024-03-05,C0450,P014,2,0.1,Retail,303.21,175.74,127.47
ORD01568,2024-03-05,C0172,P001,2,0.05,Retail,723.79,312.14,411.65
ORD00734,2024-03-05,C0134,P013,3,0.0,Online,1263.72,563.61,700.11
ORD02875,2024-03-05,C0277,P005,1,0.0,Online,525.45,244.43,281.02
ORD00402,2024-03-06,C0087,P019,2,0.1,Retail,328.57,257.6,70.97
ORD00218,2024-03-06,C0132,P015,2,0.1,Online,588.22,482.08,106.14
ORD03006,2024-03-06,C0049,P004,2,0.0,Online,152.76,65.3,87.46
ORD00946,2024-03-06,C0347,P001,3,0.0,Retail,1142.82,468.21,674.61
ORD00986,2024-03-06,C0282,P019,2,0.05,Retail,346.83,257.6,89.23
ORD03676,2024-03-06,C0423,P006,3,0.05,Direct Sales,126.6,54.09,72.51
ORD01175,2024-03-07,C0110,P004,2,0.0,Wholesale,152.76,65.3,87.46
ORD02885,2024-03-07,C0377,P011,3,0.0,Online,1094.46,745.86,348.6
ORD00900,2024-03-08,C0263,P020,2,0.0,Direct Sales,1012.26,553.7,458.56
ORD02563,2024-03-08,C0278,P007,3,0.05,Retail,1482.91,1003.95,478.96
ORD03746,2024-03-08,C0070,P011,3,0.05,Retail,1039.74,745.86,293.88
ORD03637,2024-03-08,C0354,P013,1,0.0,Wholesale,421.24,187.87,233.37
ORD03578,2024-03-08,C0240,P014,2,0.1,Retail,303.21,175.74,127.47
ORD00400,2024-03-08,C0088,P019,1,0.05,Direct Sales,173.41,128.8,44.61
ORD04716,2024-03-08,C0198,P010,3,0.1,Online,794.8,535.38,259.42
ORD03191,2024-03-08,C0002,P007,1,0.1,Retail,468.29,334.65,133.64
ORD00450,2024-03-09,C0483,P013,2,0.1,Retail,758.23,375.74,382.49
ORD00784,2024-03-09,C0153,P019,1,0.0,Wholesale,182.54,128.8,53.74
ORD03571,2024-03-09,C0123,P020,2,0.0,Retail,1012.26,553.7,458.56
ORD04093,2024-03-09,C0315,P002,3,0.05,Online,1699.71,886.44,813.27
ORD00057,2024-03-09,C0335,P006,4,0.05,Online,168.8,72.12,96.68
ORD00948,2024-03-09,C0249,P004,1,0.0,Wholesale,76.38,32.65,43.73
ORD03104,2024-03-10,C0449,P011,2,0.0,Online,729.64,497.24,232.4
ORD03836,2024-03-10,C0489,P004,1,0.1,Online,68.74,32.65,36.09
ORD02106,2024-03-10,C0264,P012,2,0.05,Retail,409.66,247.88,161.78
ORD01184,2024-03-11,C0379,P004,1,0.1,Retail,68.74,32.65,36.09
ORD01729,2024-03-11,C0196,P006,1,0.0,Online,44.42,18.03,26.39
ORD00315,2024-03-11,C0072,P020,2,0.0,Retail,1012.26,553.7,458.56
ORD02843,2024-03-11,C0190,P017,1,0.2,Wholesale,69.01,35.37,33.64
ORD01840,2024-03-11,C0283,P006,1,0.0,Retail,44.42,18.03,26.39
ORD02170,2024-03-12,C0068,P007,3,0.0,Online,1560.96,1003.95,557.01
ORD04021,2024-03-12,C0163,P001,1,0.0,Retail,380.94,156.07,224.87
ORD03486,2024-03-12,C0217,P017,2,0.05,Direct Sales,163.89,70.74,93.15
ORD04380,2024-03-12,C0179,P008,4,0.0,Retail,491.96,323.64,168.32
ORD01607,2024-03-13,C0016,P016,2,0.05,Online,705.94,493.88,212.06
ORD04960,2024-03-13,C0152,P005,3,0.0,Online,1576.35,733.29,843.06
ORD03775,2024-03-13,C0023,P009,3,0.0,Retail,744.78,385.95,358.83
ORD02994,2024-03-14,C0134,P002,1,0.0,Retail,596.39,295.48,300.91
ORD04460,2024-03-14,C0256,P010,1,0.0,Online,294.37,178.46,115.91
ORD02598,2024-03-14,C0319,P013,1,0.0,Retail,421.24,187.87,233.37
ORD00412,2024-03-14,C0496,P006,2,0.1,Online,79.96,36.06,43.9
ORD03694,2024-03-14,C0404,P016,1,0.0,Retail,371.55,246.94,124.61
ORD02521,2024-03-14,C0484,P006,1,0.0,Retail,44.42,18.03,26.39
ORD04469,2024-03-14,C0090,P012,2,0.1,Wholesale,388.1,247.88,140.22
ORD04394,2024-03-15,C0069,P013,3,0.0,Online,1263.72,563.61,700.11
ORD04717,2024-03-15,C0165,P008,1,0.0,Direct Sales,122.99,80.91,42.08
ORD03691,2024-03-15,C0307,P003,1,0.15,Wholesale,89.56,70.85,18.71
ORD01193,2024-03-15,C0346,P011,4,0.15,Online,1240.39,994.48,245.91
ORD00055,2024-03-15,C0163,P019,1,0.15,Retail,155.16,128.8,26.36
ORD04727,2024-03-15,C0328,P006,1,0.1,Retail,39.98,18.03,21.95
ORD03248,2024-03-15,C0420,P011,4,0.0,Wholesale,1459.28,994.48,464.8
ORD01560,2024-03-15,C0052,P001,2,0.1,Wholesale,685.69,312.14,373.55
ORD01097,2024-03-15,C0461,P012,2,0.05,Online,409.66,247.88,161.78
ORD00644,2024-03-15,C0487,P005,1,0.15,Online,446.63,244.43,202.2
ORD01046,2024-03-15,C0259,P016,1,0.0,Direct Sales,371.55,246.94,124.61
ORD03808,2024-03-15,C0331,P012,1,0.0,Online,215.61,123.94,91.67
ORD00091,2024-03-16,C0291,P010,2,0.0,Direct Sales,588.74,356.92,231.82
ORD03997,2024-03-16,C0190,P008,1,0.0,Retail,122.99,80.91,42.08
ORD01529,2024-03-17,C0436,P007,1,0.15,Retail,442.27,334.65,107.62
ORD04769,2024-03-17,C0490,P018,1,0.05,Direct Sales,833.73,386.6,447.13
ORD02420,2024-03-18,C0217,P009,1,0.0,Retail,248.26,128.65,119.61
ORD02709,2024-03-18,C0489,P009,1,0.15,Retail,211.02,128.65,82.37
ORD03943,2024-03-18,C0273,P004,5,0.05,Online,362.8,163.25,199.55
ORD01763,2024-03-19,C0069,P009,1,0.05,Online,235.85,128.65,107.2
ORD03870,2024-03-19,C0498,P007,4,0.0,Online,2081.28,1338.6,742.68
ORD02035,2024-03-19,C0153,P015,1,0.0,Direct Sales,326.79,241.04,85.75
ORD02365,2024-03-19,C0100,P014,1,0.05,Retail,160.03,87.87,72.16
ORD04358,2024-03-19,C0363,P018,4,0.0,Online,3510.44,1546.4,1964.04
ORD01283,2024-03-19,C0160,P010,1,0.15,Wholesale,250.21,178.46,71.75
ORD04387,2024-03-19,C0037,P001,4,0.05,Online,1447.57,624.28,823.29
ORD04011,2024-03-20,C0097,P006,1,0.1,Online,39.98,18.03,21.95
ORD01564,2024-03-20,C0163,P005,3,0.1,Direct Sales,1418.72,733.29,685.43
ORD01142,2024-03-20,C0424,P006,1,0.1,Wholesale,39.98,18.03,21.95
ORD02889,2024-03-20,C0006,P017,1,0.0,Online,86.26,35.37,50.89
ORD03264,2024-03-20,C0448,P020,3,0.2,Retail,1214.71,830.55,384.16
ORD04832,2024-03-21,C0006,P003,2,0.0,Wholesale,210.74,141.7,69.04
ORD02795,2024-03-21,C0105,P010,2,0.0,Direct Sales,588.74,356.92,231.82
ORD00482,2024-03-21,C0142,P014,1,0.0,Online,168.45,87.87,80.58
ORD04549,2024-03-21,C0480,P010,3,0.15,Direct Sales,750.64,535.38,215.26
ORD04045,2024-03-21,C0357,P018,1,0.05,Online,833.73,386.6,447.13
ORD00545,2024-03-21,C0389,P008,4,0.1,Online,442.76,323.64,119.12
ORD01316,2024-03-22,C0316,P008,1,0.0,Retail,122.99,80.91,42.08
ORD02880,2024-03-22,C0232,P010,1,0.0,Wholesale,294.37,178.46,115.91
ORD03570,2024-03-22,C0078,P004,2,0.1,Wholesale,137.48,65.3,72.18
ORD02413,2024-03-23,C0384,P019,2,0.0,Direct Sales,365.08,257.6,107.48
ORD03628,2024-03-23,C0497,P015,4,0.0,Retail,1307.16,964.16,343.0
ORD01602,2024-03-23,C0314,P010,3,0.0,Online,883.11,535.38,347.73
ORD00961,2024-03-23,C0105,P001,2,0.2,Retail,609.5,312.14,297.36
ORD03462,2024-03-23,C0405,P012,1,0.05,Retail,204.83,123.94,80.89
ORD04065,2024-03-23,C0243,P014,1,0.0,Wholesale,168.45,87.87,80.58
ORD02943,2024-03-23,C0492,P015,1,0.0,Online,326.79,241.04,85.75
ORD01681,2024-03-24,C0090,P017,1,0.0,Retail,86.26,35.37,50.89
ORD03697,2024-03-24,C0271,P005,4,0.0,Retail,2101.8,977.72,1124.08
ORD01470,2024-03-24,C0203,P016,2,0.15,Retail,631.64,493.88,137.76
ORD00034,2024-03-24,C0304,P005,3,0.0,Online,1576.35,733.29,843.06
ORD03944,2024-03-24,C0270,P004,3,0.0,Wholesale,229.14,97.95,131.19
ORD03281,2024-03-25,C0241,P013,2,0.0,Direct Sales,842.48,375.74,466.74
ORD00568,2024-03-25,C0379,P020,4,0.15,Retail,1720.84,1107.4,613.44
ORD04836,2024-03-25,C0186,P004,1,0.05,Online,72.56,32.65,39.91
ORD01819,2024-03-25,C0073,P007,2,0.0,Online,1040.64,669.3,371.34
ORD00303,2024-03-25,C0145,P012,1,0.15,Wholesale,183.27,123.94,59.33
ORD03970,2024-03-25,C0223,P007,2,0.0,Wholesale,1040.64,669.3,371.34
ORD04377,2024-03-25,C0136,P016,1,0.0,Retail,371.55,246.94,124.61
ORD03834,2024-03-25,C0098,P015,1,0.0,Retail,326.79,241.04,85.75
ORD03724,2024-03-25,C0420,P009,1,0.0,Online,248.26,128.65,119.61
ORD03977,2024-03-26,C0071,P003,1,0.0,Retail,105.37,70.85,34.52
ORD00885,2024-03-26,C0278,P012,2,0.0,Retail,431.22,247.88,183.34
ORD04090,2024-03-26,C0110,P002,4,0.0,Online,2385.56,1181.92,1203.64
ORD03390,2024-03-26,C0113,P008,2,0.0,Online,245.98,161.82,84.16
ORD01561,2024-03-26,C0018,P010,3,0.0,Wholesale,883.11,535.38,347.73
ORD01517,2024-03-26,C0103,P013,2,0.15,Online,716.11,375.74,340.37
ORD03280,2024-03-26,C0061,P015,2,0.0,Wholesale,653.58,482.08,171.5
ORD01833,2024-03-26,C0391,P020,1,0.1,Wholesale,455.52,276.85,178.67
ORD01389,2024-03-26,C0383,P001,1,0.0,Online,380.94,156.07,224.87
ORD03795,2024-03-27,C0190,P015,1,0.0,Online,326.79,241.04,85.75
ORD04215,2024-03-27,C0336,P020,1,0.2,Retail,404.9,276.85,128.05
ORD03294,2024-03-27,C0489,P013,5,0.0,Direct Sales,2106.2,939.35,1166.85
ORD00820,2024-03-27,C0159,P003,3,0.1,Online,284.5,212.55,71.95
ORD03760,2024-03-27,C0323,P010,4,0.0,Online,1177.48,713.84,463.64
ORD00496,2024-03-27,C0063,P017,1,0.1,Online,77.63,35.37,42.26
ORD00131,2024-03-28,C0102,P005,1,0.0,Direct Sales,525.45,244.43,281.02
ORD02441,2024-03-28,C0170,P006,4,0.0,Online,177.68,72.12,105.56
ORD04707,2024-03-28,C0126,P017,1,0.0,Online,86.26,35.37,50.89
ORD01965,2024-03-29,C0107,P005,1,0.0,Wholesale,525.45,244.43,281.02
ORD04891,2024-03-29,C0467,P008,4,0.0,Online,491.96,323.64,168.32
ORD02829,2024-03-29,C0457,P009,4,0.05,Direct Sales,943.39,514.6,428.79
ORD02356,2024-03-29,C0330,P011,3,0.0,Direct Sales,1094.46,745.86,348.6
ORD04772,2024-03-29,C0032,P016,1,0.1,Online,334.4,246.94,87.46
ORD02780,2024-03-30,C0005,P013,1,0.05,Online,400.18,187.87,212.31
ORD00323,2024-03-30,C0117,P011,2,0.0,Retail,729.64,497.24,232.4
ORD04821,2024-03-30,C0169,P011,1,0.05,Online,346.58,248.62,97.96
ORD01699,2024-03-30,C0257,P012,1,0.0,Wholesale,215.61,123.94,91.67
ORD02443,2024-03-30,C0128,P013,1,0.0,Direct Sales,421.24,187.87,233.37
ORD04426,2024-03-30,C0333,P012,4,0.0,Wholesale,862.44,495.76,366.68
ORD02669,2024-03-31,C0468,P019,1,0.0,Wholesale,182.54,128.8,53.74
ORD02464,2024-03-31,C0229,P018,3,0.0,Online,2632.83,1159.8,1473.03
ORD00157,2024-03-31,C0259,P018,3,0.0,Online,2632.83,1159.8,1473.03
ORD02844,2024-04-01,C0238,P015,1,0.0,Retail,326.79,241.04,85.75
ORD02764,2024-04-01,C0108,P008,1,0.0,Online,122.99,80.91,42.08
ORD03149,2024-04-01,C0326,P001,1,0.0,Direct Sales,380.94,156.07,224.87
ORD04792,2024-04-01,C0375,P017,1,0.0,Online,86.26,35.37,50.89
ORD04061,2024-04-02,C0126,P017,1,0.0,Direct Sales,86.26,35.37,50.89
ORD03186,2024-04-02,C0356,P019,1,0.1,Online,164.29,128.8,35.49
ORD04398,2024-04-02,C0276,P005,3,0.0,Online,1576.35,733.29,843.06
ORD04815,2024-04-03,C0134,P014,1,0.1,Retail,151.6,87.87,63.73
ORD01938,2024-04-03,C0422,P003,3,0.1,Wholesale,284.5,212.55,71.95
ORD04674,2024-04-04,C0382,P008,1,0.0,Wholesale,122.99,80.91,42.08
ORD01167,2024-04-04,C0243,P010,2,0.05,Direct Sales,559.3,356.92,202.38
ORD01777,2024-04-04,C0448,P012,4,0.0,Retail,862.44,495.76,366.68
ORD02337,2024-04-04,C0308,P003,4,0.0,Wholesale,421.48,283.4,138.08
ORD04767,2024-04-04,C0333,P005,1,0.2,Online,420.36,244.43,175.93
ORD03945,2024-04-04,C0049,P020,1,0.0,Wholesale,506.13,276.85,229.28
ORD01765,2024-04-05,C0105,P011,1,0.15,Online,310.1,248.62,61.48
ORD02926,2024-04-05,C0010,P001,1,0.05,Online,361.89,156.07,205.82
ORD00705,2024-04-05,C0137,P001,2,0.0,Retail,761.88,312.14,449.74
ORD00331,2024-04-05,C0160,P008,1,0.05,Online,116.84,80.91,35.93
ORD04845,2024-04-05,C0367,P009,1,0.0,Online,248.26,128.65,119.61
ORD00297,2024-04-05,C0301,P014,5,0.0,Wholesale,842.25,439.35,402.9
ORD02028,2024-04-06,C0155,P016,3,0.0,Retail,1114.65,740.82,373.83
ORD00862,2024-04-06,C0354,P010,1,0.1,Direct Sales,264.93,178.46,86.47
ORD04581,2024-04-06,C0027,P006,1,0.0,Retail,44.42,18.03,26.39
ORD03023,2024-04-06,C0401,P011,1,0.05,Online,346.58,248.62,97.96
ORD01789,2024-04-07,C0357,P017,2,0.0,Wholesale,172.52,70.74,101.78
ORD00278,2024-04-07,C0443,P003,1,0.0,Retail,105.37,70.85,34.52
ORD02021,2024-04-07,C0177,P018,1,0.05,Wholesale,833.73,386.6,447.13
ORD04761,2024-04-07,C0243,P011,4,0.0,Online,1459.28,994.48,464.8
ORD01026,2024-04-07,C0488,P002,1,0.05,Online,566.57,295.48,271.09
ORD02979,2024-04-07,C0423,P012,1,0.15,Wholesale,183.27,123.94,59.33
ORD00610,2024-04-08,C0451,P012,1,0.0,Retail,215.61,123.94,91.67
ORD03587,2024-04-08,C0302,P001,3,0.15,Direct Sales,971.4,468.21,503.19
ORD00872,2024-04-08,C0167,P015,3,0.0,Online,980.37,723.12,257.25
ORD02809,2024-04-08,C0077,P017,1,0.0,Retail,86.26,35.37,50.89
ORD00581,2024-04-09,C0483,P009,3,0.05,Retail,707.54,385.95,321.59
ORD01302,2024-04-09,C0421,P011,1,0.0,Retail,364.82,248.62,116.2
ORD00194,2024-04-09,C0133,P005,1,0.0,Online,525.45,244.43,281.02
ORD02215,2024-04-09,C0332,P008,3,0.0,Retail,368.97,242.73,126.24
ORD00758,2024-04-09,C0017,P003,2,0.1,Online,189.67,141.7,47.97
ORD03812,2024-04-10,C0324,P013,1,0.05,Online,400.18,187.87,212.31
ORD00381,2024-04-10,C0307,P011,1,0.0,Direct Sales,364.82,248.62,116.2
ORD04106,2024-04-10,C0344,P015,1,0.05,Online,310.45,241.04,69.41
ORD02929,2024-04-10,C0500,P014,3,0.05,Retail,480.08,263.61,216.47
ORD03904,2024-04-10,C0241,P019,2,0.05,Wholesale,346.83,257.6,89.23
ORD03489,2024-04-11,C0251,P016,1,0.0,Direct Sales,371.55,246.94,124.61
ORD02351,2024-04-11,C0197,P003,1,0.05,Online,100.1,70.85,29.25
ORD04436,2024-04-11,C0497,P018,4,0.05,Direct Sales,3334.92,1546.4,1788.52
ORD03485,2024-04-11,C0498,P012,2,0.05,Wholesale,409.66,247.88,161.78
ORD01455,2024-04-11,C0133,P013,1,0.0,Direct Sales,421.24,187.87,233.37
ORD00662,2024-04-11,C0247,P013,1,0.1,Online,379.12,187.87,191.25
ORD00259,2024-04-11,C0139,P019,3,0.2,Wholesale,438.1,386.4,51.7
ORD00166,2024-04-12,C0064,P019,3,0.0,Wholesale,547.62,386.4,161.22
ORD03239,2024-04-12,C0279,P020,4,0.0,Online,2024.52,1107.4,917.12
ORD02703,2024-04-12,C0101,P012,2,0.0,Direct Sales,431.22,247.88,183.34
ORD00844,2024-04-12,C0398,P005,2,0.0,Retail,1050.9,488.86,562.04
ORD04361,2024-04-12,C0223,P011,1,0.1,Wholesale,328.34,248.62,79.72
ORD04830,2024-04-13,C0145,P014,2,0.05,Direct Sales,320.05,175.74,144.31
ORD01125,2024-04-13,C0267,P014,2,0.0,Direct Sales,336.9,175.74,161.16
ORD03055,2024-04-13,C0205,P017,1,0.0,Online,86.26,35.37,50.89
ORD00258,2024-04-14,C0091,P017,3,0.1,Wholesale,232.9,106.11,126.79
ORD03238,2024-04-14,C0064,P002,1,0.0,Online,596.39,295.48,300.91
ORD01757,2024-04-14,C0232,P001,2,0.05,Online,723.79,312.14,411.65
ORD03338,2024-04-15,C0232,P020,2,0.0,Online,1012.26,553.7,458.56
ORD04569,2024-04-15,C0209,P001,1,0.0,Wholesale,380.94,156.07,224.87
ORD00584,2024-04-15,C0406,P005,2,0.05,Online,998.36,488.86,509.5
ORD02755,2024-04-16,C0101,P008,3,0.1,Online,332.07,242.73,89.34
ORD03458,2024-04-16,C0500,P009,1,0.0,Direct Sales,248.26,128.65,119.61
ORD01234,2024-04-16,C0325,P009,2,0.0,Online,496.52,257.3,239.22
ORD00069,2024-04-17,C0436,P020,5,0.05,Online,2404.12,1384.25,1019.87
ORD04258,2024-04-17,C0230,P019,1,0.0,Retail,182.54,128.8,53.74
ORD04665,2024-04-17,C0230,P019,1,0.0,Retail,182.54,128.8,53.74
ORD02422,2024-04-17,C0145,P020,2,0.1,Retail,911.03,553.7,357.33
ORD03847,2024-04-17,C0462,P006,1,0.2,Retail,35.54,18.03,17.51
ORD00520,2024-04-17,C0047,P008,1,0.0,Wholesale,122.99,80.91,42.08
ORD04844,2024-04-17,C0300,P001,1,0.1,Online,342.85,156.07,186.78
ORD02331,2024-04-17,C0118,P019,1,0.0,Online,182.54,128.8,53.74
ORD00492,2024-04-18,C0475,P005,2,0.05,Retail,998.36,488.86,509.5
ORD02765,2024-04-18,C0014,P018,2,0.2,Retail,1404.18,773.2,630.98
ORD03630,2024-04-18,C0486,P009,1,0.05,Direct Sales,235.85,128.65,107.2
ORD01410,2024-04-18,C0101,P013,2,0.0,Retail,842.48,375.74,466.74
ORD03147,2024-04-19,C0182,P011,1,0.05,Direct Sales,346.58,248.62,97.96
ORD02053,2024-04-19,C0146,P006,2,0.1,Retail,79.96,36.06,43.9
ORD01593,2024-04-19,C0142,P006,2,0.1,Wholesale,79.96,36.06,43.9
ORD00887,2024-04-19,C0377,P004,5,0.0,Direct Sales,381.9,163.25,218.65
ORD00106,2024-04-20,C0456,P014,4,0.05,Online,640.11,351.48,288.63
ORD00211,2024-04-20,C0404,P015,2,0.0,Retail,653.58,482.08,171.5
ORD01099,2024-04-20,C0175,P020,1,0.0,Retail,506.13,276.85,229.28
ORD02612,2024-04-20,C0165,P016,2,0.15,Direct Sales,631.64,493.88,137.76
ORD02912,2024-04-20,C0141,P013,1,0.1,Wholesale,379.12,187.87,191.25
ORD03962,2024-04-20,C0414,P017,2,0.0,Wholesale,172.52,70.74,101.78
ORD03346,2024-04-20,C0142,P003,2,0.05,Retail,200.2,141.7,58.5
ORD04537,2024-04-21,C0218,P011,1,0.0,Wholesale,364.82,248.62,116.2
ORD01484,2024-04-22,C0165,P007,1,0.05,Wholesale,494.3,334.65,159.65
ORD04261,2024-04-22,C0482,P008,1,0.2,Wholesale,98.39,80.91,17.48
ORD01212,2024-04-22,C0424,P008,1,0.0,Online,122.99,80.91,42.08
ORD03770,2024-04-22,C0220,P005,1,0.1,Retail,472.9,244.43,228.47
ORD00745,2024-04-22,C0405,P001,2,0.05,Retail,723.79,312.14,411.65
ORD03374,2024-04-22,C0266,P005,1,0.0,Retail,525.45,244.43,281.02
ORD04245,2024-04-22,C0169,P002,1,0.0,Retail,596.39,295.48,300.91
ORD04671,2024-04-23,C0213,P009,2,0.2,Wholesale,397.22,257.3,139.92
ORD02504,2024-04-23,C0374,P020,1,0.2,Direct Sales,404.9,276.85,128.05
ORD03145,2024-04-23,C0453,P008,3,0.1,Direct Sales,332.07,242.73,89.34
ORD04748,2024-04-23,C0353,P001,4,0.0,Direct Sales,1523.76,624.28,899.48
ORD03315,2024-04-23,C0401,P008,4,0.0,Online,491.96,323.64,168.32
ORD00750,2024-04-23,C0026,P019,1,0.15,Online,155.16,128.8,26.36
ORD04085,2024-04-24,C0115,P015,3,0.0,Retail,980.37,723.12,257.25
ORD04773,2024-04-24,C0040,P006,2,0.0,Online,88.84,36.06,52.78
ORD03822,2024-04-24,C0395,P014,1,0.0,Retail,168.45,87.87,80.58
ORD01040,2024-04-24,C0499,P006,2,0.1,Online,79.96,36.06,43.9
ORD02119,2024-04-25,C0181,P012,1,0.1,Online,194.05,123.94,70.11
ORD04575,2024-04-25,C0402,P020,4,0.1,Direct Sales,1822.07,1107.4,714.67
ORD01218,2024-04-25,C0336,P004,3,0.1,Wholesale,206.23,97.95,108.28
ORD01334,2024-04-25,C0131,P020,1,0.0,Retail,506.13,276.85,229.28
ORD01867,2024-04-25,C0265,P003,2,0.0,Online,210.74,141.7,69.04
ORD01707,2024-04-26,C0251,P019,1,0.0,Direct Sales,182.54,128.8,53.74
ORD03092,2024-04-26,C0289,P015,3,0.0,Wholesale,980.37,723.12,257.25
ORD02309,2024-04-26,C0229,P009,5,0.0,Online,1241.3,643.25,598.05
ORD02280,2024-04-26,C0115,P004,2,0.0,Direct Sales,152.76,65.3,87.46
ORD02618,2024-04-26,C0466,P014,1,0.0,Wholesale,168.45,87.87,80.58
ORD03529,2024-04-27,C0324,P003,2,0.2,Wholesale,168.59,141.7,26.89
ORD02355,2024-04-27,C0219,P001,1,0.0,Retail,380.94,156.07,224.87
ORD02490,2024-04-27,C0490,P003,1,0.0,Wholesale,105.37,70.85,34.52
ORD01494,2024-04-27,C0108,P012,1,0.0,Online,215.61,123.94,91.67
ORD02591,2024-04-27,C0014,P015,2,0.0,Online,653.58,482.08,171.5
ORD03794,2024-04-27,C0128,P020,2,0.0,Retail,1012.26,553.7,458.56
ORD01114,2024-04-27,C0341,P013,2,0.0,Retail,842.48,375.74,466.74
ORD03369,2024-04-28,C0197,P015,4,0.0,Wholesale,1307.16,964.16,343.0
ORD02945,2024-04-28,C0292,P004,1,0.1,Retail,68.74,32.65,36.09
ORD00996,2024-04-28,C0368,P003,1,0.15,Online,89.56,70.85,18.71
ORD01043,2024-04-28,C0386,P013,2,0.1,Online,758.23,375.74,382.49
ORD03336,2024-04-28,C0378,P015,1,0.15,Retail,277.77,241.04,36.73
ORD02628,2024-04-28,C0001,P005,4,0.15,Online,1786.53,977.72,808.81
ORD03609,2024-04-28,C0426,P012,1,0.05,Retail,204.83,123.94,80.89
ORD00308,2024-04-28,C0313,P003,1,0.0,Wholesale,105.37,70.85,34.52
ORD00243,2024-04-29,C0032,P019,1,0.0,Direct Sales,182.54,128.8,53.74
ORD04860,2024-04-29,C0318,P008,1,0.0,Direct Sales,122.99,80.91,42.08
ORD02806,2024-04-29,C0088,P013,1,0.1,Direct Sales,379.12,187.87,191.25
ORD04397,2024-04-29,C0390,P015,1,0.1,Retail,294.11,241.04,53.07
ORD03888,2024-04-30,C0106,P006,1,0.05,Online,42.2,18.03,24.17
ORD02358,2024-04-30,C0436,P016,2,0.0,Wholesale,743.1,493.88,249.22
ORD03863,2024-04-30,C0152,P008,1,0.0,Retail,122.99,80.91,42.08
ORD00906,2024-05-01,C0044,P020,1,0.1,Retail,455.52,276.85,178.67
ORD03803,2024-05-01,C0173,P007,3,0.15,Retail,1326.82,1003.95,322.87
ORD00266,2024-05-01,C0052,P002,2,0.0,Wholesale,1192.78,590.96,601.82
ORD02139,2024-05-01,C0493,P005,3,0.0,Retail,1576.35,733.29,843.06
ORD03072,2024-05-01,C0045,P016,2,0.0,Online,743.1,493.88,249.22
ORD03942,2024-05-02,C0424,P001,4,0.1,Retail,1371.38,624.28,747.1
ORD01222,2024-05-02,C0239,P005,4,0.15,Online,1786.53,977.72,808.81
ORD01878,2024-05-02,C0140,P006,4,0.0,Retail,177.68,72.12,105.56
ORD02406,2024-05-02,C0249,P016,3,0.0,Wholesale,1114.65,740.82,373.83
ORD01861,2024-05-02,C0167,P006,1,0.0,Online,44.42,18.03,26.39
ORD01813,2024-05-03,C0035,P018,1,0.05,Wholesale,833.73,386.6,447.13
ORD03830,2024-05-03,C0055,P019,2,0.05,Retail,346.83,257.6,89.23
ORD03021,2024-05-03,C0129,P005,2,0.0,Online,1050.9,488.86,562.04
ORD04032,2024-05-04,C0239,P008,1,0.0,Online,122.99,80.91,42.08
ORD02629,2024-05-04,C0196,P004,2,0.05,Retail,145.12,65.3,79.82
ORD01104,2024-05-04,C0418,P020,3,0.0,Online,1518.39,830.55,687.84
ORD03535,2024-05-04,C0094,P004,4,0.05,Wholesale,290.24,130.6,159.64
ORD04881,2024-05-04,C0121,P004,2,0.0,Online,152.76,65.3,87.46
ORD01148,2024-05-04,C0133,P014,1,0.05,Online,160.03,87.87,72.16
ORD00162,2024-05-04,C0429,P016,1,0.0,Wholesale,371.55,246.94,124.61
ORD03852,2024-05-04,C0018,P005,1,0.0,Online,525.45,244.43,281.02
ORD02818,2024-05-05,C0227,P010,2,0.15,Direct Sales,500.43,356.92,143.51
ORD01261,2024-05-05,C0156,P010,2,0.0,Online,588.74,356.92,231.82
ORD02715,2024-05-05,C0462,P005,3,0.0,Wholesale,1576.35,733.29,843.06
ORD04197,2024-05-05,C0130,P010,2,0.05,Wholesale,559.3,356.92,202.38
ORD02347,2024-05-05,C0072,P003,1,0.0,Wholesale,105.37,70.85,34.52
ORD04621,2024-05-05,C0441,P008,1,0.0,Retail,122.99,80.91,42.08
ORD02122,2024-05-06,C0327,P008,1,0.0,Online,122.99,80.91,42.08
ORD02738,2024-05-06,C0296,P004,1,0.1,Retail,68.74,32.65,36.09
ORD02339,2024-05-07,C0136,P009,1,0.15,Wholesale,211.02,128.65,82.37
ORD01665,2024-05-07,C0395,P016,1,0.0,Wholesale,371.55,246.94,124.61
ORD02345,2024-05-07,C0186,P018,2,0.05,Direct Sales,1667.46,773.2,894.26
ORD00015,2024-05-07,C0446,P008,3,0.1,Wholesale,332.07,242.73,89.34
ORD03279,2024-05-07,C0100,P016,1,0.0,Wholesale,371.55,246.94,124.61
ORD02775,2024-05-07,C0446,P010,5,0.15,Direct Sales,1251.07,892.3,358.77
ORD04999,2024-05-08,C0402,P013,1,0.1,Retail,379.12,187.87,191.25
ORD01045,2024-05-08,C0433,P012,1,0.2,Retail,172.49,123.94,48.55
ORD03700,2024-05-08,C0269,P017,2,0.05,Direct Sales,163.89,70.74,93.15
ORD00818,2024-05-08,C0329,P006,4,0.1,Retail,159.91,72.12,87.79
ORD02144,2024-05-08,C0069,P005,1,0.15,Online,446.63,244.43,202.2
ORD03859,2024-05-08,C0118,P017,2,0.0,Online,172.52,70.74,101.78
ORD04962,2024-05-09,C0166,P017,2,0.1,Online,155.27,70.74,84.53
ORD00174,2024-05-09,C0126,P002,3,0.1,Wholesale,1610.25,886.44,723.81
ORD01679,2024-05-09,C0186,P009,2,0.2,Online,397.22,257.3,139.92
ORD02913,2024-05-09,C0248,P014,2,0.0,Retail,336.9,175.74,161.16
ORD04030,2024-05-09,C0267,P006,2,0.2,Retail,71.07,36.06,35.01
ORD00971,2024-05-09,C0456,P007,1,0.1,Wholesale,468.29,334.65,133.64
ORD02462,2024-05-10,C0098,P010,1,0.0,Direct Sales,294.37,178.46,115.91
ORD02442,2024-05-10,C0171,P005,1,0.05,Retail,499.18,244.43,254.75
ORD02073,2024-05-10,C0045,P001,1,0.0,Wholesale,380.94,156.07,224.87
ORD00874,2024-05-10,C0453,P018,1,0.05,Wholesale,833.73,386.6,447.13
ORD02094,2024-05-10,C0227,P017,1,0.1,Wholesale,77.63,35.37,42.26
ORD01108,2024-05-10,C0242,P002,2,0.2,Retail,954.22,590.96,363.26
ORD00544,2024-05-11,C0007,P009,5,0.1,Online,1117.17,643.25,473.92
ORD01176,2024-05-11,C0419,P019,3,0.2,Retail,438.1,386.4,51.7
ORD04189,2024-05-11,C0320,P004,2,0.15,Online,129.85,65.3,64.55
ORD03190,2024-05-11,C0059,P016,1,0.0,Wholesale,371.55,246.94,124.61
ORD01022,2024-05-11,C0166,P015,1,0.15,Retail,277.77,241.04,36.73
ORD01596,2024-05-11,C0005,P009,1,0.05,Retail,235.85,128.65,107.2
ORD00743,2024-05-11,C0366,P005,1,0.05,Online,499.18,244.43,254.75
ORD03274,2024-05-11,C0071,P007,2,0.0,Wholesale,1040.64,669.3,371.34
ORD03113,2024-05-12,C0350,P003,1,0.0,Retail,105.37,70.85,34.52
ORD03791,2024-05-12,C0483,P006,2,0.0,Wholesale,88.84,36.06,52.78
ORD01869,2024-05-12,C0402,P005,3,0.0,Online,1576.35,733.29,843.06
ORD04533,2024-05-12,C0373,P013,1,0.0,Retail,421.24,187.87,233.37
ORD02416,2024-05-13,C0313,P003,1,0.0,Retail,105.37,70.85,34.52
ORD03309,2024-05-13,C0434,P005,3,0.1,Direct Sales,1418.72,733.29,685.43
ORD02303,2024-05-14,C0293,P012,1,0.0,Retail,215.61,123.94,91.67
ORD01371,2024-05-15,C0310,P012,2,0.05,Retail,409.66,247.88,161.78
ORD04362,2024-05-15,C0080,P011,1,0.0,Online,364.82,248.62,116.2
ORD03620,2024-05-15,C0318,P017,1,0.2,Retail,69.01,35.37,33.64
ORD03875,2024-05-15,C0060,P004,1,0.0,Wholesale,76.38,32.65,43.73
ORD01444,2024-05-15,C0368,P005,4,0.05,Online,1996.71,977.72,1018.99
ORD03078,2024-05-16,C0468,P008,3,0.05,Online,350.52,242.73,107.79
ORD02092,2024-05-16,C0161,P017,1,0.0,Retail,86.26,35.37,50.89
ORD01405,2024-05-16,C0010,P012,3,0.0,Retail,646.83,371.82,275.01
ORD00490,2024-05-17,C0180,P012,2,0.0,Online,431.22,247.88,183.34
ORD00903,2024-05-17,C0268,P010,1,0.0,Retail,294.37,178.46,115.91
ORD00626,2024-05-17,C0490,P011,2,0.0,Retail,729.64,497.24,232.4
ORD00595,2024-05-17,C0479,P020,3,0.2,Direct Sales,1214.71,830.55,384.16
ORD04559,2024-05-17,C0425,P018,2,0.1,Online,1579.7,773.2,806.5
ORD02253,2024-05-17,C0007,P020,2,0.0,Wholesale,1012.26,553.7,458.56
ORD02732,2024-05-17,C0403,P017,4,0.1,Retail,310.54,141.48,169.06
ORD02279,2024-05-18,C0304,P002,2,0.05,Direct Sales,1133.14,590.96,542.18
ORD00871,2024-05-18,C0266,P008,1,0.0,Direct Sales,122.99,80.91,42.08
ORD03242,2024-05-18,C0231,P006,2,0.05,Online,84.4,36.06,48.34
ORD03496,2024-05-18,C0113,P013,1,0.15,Wholesale,358.05,187.87,170.18
ORD03681,2024-05-19,C0153,P014,3,0.1,Direct Sales,454.82,263.61,191.21
ORD00873,2024-05-19,C0431,P007,1,0.0,Retail,520.32,334.65,185.67
ORD01577,2024-05-19,C0170,P007,1,0.0,Retail,520.32,334.65,185.67
ORD00453,2024-05-20,C0231,P004,4,0.1,Retail,274.97,130.6,144.37
ORD00004,2024-05-20,C0035,P019,3,0.05,Online,520.24,386.4,133.84
ORD04947,2024-05-20,C0025,P018,2,0.05,Wholesale,1667.46,773.2,894.26
ORD03362,2024-05-20,C0066,P014,1,0.1,Retail,151.6,87.87,63.73
ORD01986,2024-05-20,C0270,P003,1,0.05,Online,100.1,70.85,29.25
ORD00474,2024-05-21,C0391,P020,3,0.1,Retail,1366.55,830.55,536.0
ORD00760,2024-05-21,C0288,P010,5,0.0,Online,1471.85,892.3,579.55
ORD00896,2024-05-21,C0463,P016,4,0.0,Wholesale,1486.2,987.76,498.44
ORD00321,2024-05-21,C0018,P017,2,0.0,Online,172.52,70.74,101.78
ORD04904,2024-05-21,C0022,P017,1,0.0,Retail,86.26,35.37,50.89
ORD01087,2024-05-22,C0066,P007,3,0.15,Wholesale,1326.82,1003.95,322.87
ORD01851,2024-05-22,C0319,P005,1,0.1,Online,472.9,244.43,228.47
ORD00366,2024-05-22,C0217,P005,5,0.15,Retail,2233.16,1222.15,1011.01
ORD02960,2024-05-23,C0038,P020,1,0.0,Wholesale,506.13,276.85,229.28
ORD01326,2024-05-23,C0422,P014,1,0.0,Direct Sales,168.45,87.87,80.58
ORD02045,2024-05-23,C0323,P015,4,0.0,Direct Sales,1307.16,964.16,343.0
ORD02894,2024-05-23,C0019,P015,3,0.0,Retail,980.37,723.12,257.25
ORD00634,2024-05-23,C0348,P013,1,0.0,Online,421.24,187.87,233.37
ORD04356,2024-05-23,C0416,P001,3,0.0,Retail,1142.82,468.21,674.61
ORD00650,2024-05-23,C0308,P012,2,0.05,Online,409.66,247.88,161.78
ORD03287,2024-05-23,C0345,P012,2,0.1,Retail,388.1,247.88,140.22
ORD01443,2024-05-24,C0118,P017,2,0.0,Online,172.52,70.74,101.78
ORD04639,2024-05-24,C0012,P013,3,0.0,Retail,1263.72,563.61,700.11
ORD03442,2024-05-24,C0270,P013,3,0.05,Online,1200.53,563.61,636.92
ORD00966,2024-05-24,C0441,P015,1,0.05,Online,310.45,241.04,69.41
ORD03800,2024-05-24,C0217,P018,1,0.1,Direct Sales,789.85,386.6,403.25
ORD01994,2024-05-25,C0358,P013,3,0.0,Online,1263.72,563.61,700.11
ORD03695,2024-05-25,C0063,P004,3,0.05,Retail,217.68,97.95,119.73
ORD00518,2024-05-25,C0475,P020,1,0.1,Online,455.52,276.85,178.67
ORD03932,2024-05-25,C0059,P012,3,0.0,Wholesale,646.83,371.82,275.01
ORD00577,2024-05-25,C0447,P014,1,0.0,Online,168.45,87.87,80.58
ORD04419,2024-05-25,C0065,P018,2,0.1,Retail,1579.7,773.2,806.5
ORD02300,2024-05-25,C0189,P004,2,0.0,Online,152.76,65.3,87.46
ORD04677,2024-05-25,C0126,P013,1,0.0,Direct Sales,421.24,187.87,233.37
ORD00836,2024-05-26,C0113,P020,4,0.1,Retail,1822.07,1107.4,714.67
ORD00998,2024-05-26,C0453,P016,1,0.05,Online,352.97,246.94,106.03
ORD00923,2024-05-26,C0131,P001,1,0.15,Online,323.8,156.07,167.73
ORD04703,2024-05-26,C0421,P001,1,0.05,Online,361.89,156.07,205.82
ORD03613,2024-05-26,C0237,P016,3,0.05,Online,1058.92,740.82,318.1
ORD04250,2024-05-26,C0402,P013,3,0.0,Online,1263.72,563.61,700.11
ORD00168,2024-05-26,C0267,P001,1,0.1,Retail,342.85,156.07,186.78
ORD00730,2024-05-27,C0429,P009,5,0.1,Direct Sales,1117.17,643.25,473.92
ORD02259,2024-05-27,C0237,P012,3,0.0,Online,646.83,371.82,275.01
ORD04991,2024-05-27,C0425,P003,3,0.05,Wholesale,300.3,212.55,87.75
ORD02965,2024-05-27,C0107,P020,1,0.15,Retail,430.21,276.85,153.36
ORD01492,2024-05-27,C0004,P005,2,0.0,Online,1050.9,488.86,562.04
ORD03917,2024-05-27,C0226,P009,2,0.1,Retail,446.87,257.3,189.57
ORD02906,2024-05-28,C0464,P012,3,0.0,Online,646.83,371.82,275.01
ORD01468,2024-05-28,C0160,P005,2,0.2,Online,840.72,488.86,351.86
ORD00435,2024-05-28,C0213,P010,2,0.0,Retail,588.74,356.92,231.82
ORD00735,2024-05-28,C0439,P018,1,0.0,Online,877.61,386.6,491.01
ORD03283,2024-05-28,C0244,P019,1,0.1,Direct Sales,164.29,128.8,35.49
ORD02947,2024-05-28,C0302,P001,2,0.0,Retail,761.88,312.14,449.74
ORD00172,2024-05-28,C0317,P002,1,0.05,Retail,566.57,295.48,271.09
ORD02332,2024-05-29,C0214,P009,1,0.15,Online,211.02,128.65,82.37
ORD00957,2024-05-29,C0060,P015,1,0.15,Retail,277.77,241.04,36.73
ORD02177,2024-05-29,C0348,P014,1,0.0,Online,168.45,87.87,80.58
ORD00553,2024-05-30,C0471,P005,4,0.05,Wholesale,1996.71,977.72,1018.99
ORD00059,2024-05-30,C0004,P015,1,0.0,Online,326.79,241.04,85.75
ORD03674,2024-05-30,C0480,P006,2,0.2,Online,71.07,36.06,35.01
ORD02784,2024-05-30,C0075,P010,2,0.0,Online,588.74,356.92,231.82
ORD04648,2024-05-31,C0383,P020,1,0.0,Retail,506.13,276.85,229.28
ORD00080,2024-05-31,C0405,P019,3,0.1,Wholesale,492.86,386.4,106.46
ORD02783,2024-05-31,C0365,P006,1,0.0,Direct Sales,44.42,18.03,26.39
ORD04159,2024-06-01,C0350,P020,1,0.05,Online,480.82,276.85,203.97
ORD03003,2024-06-01,C0347,P020,3,0.0,Online,1518.39,830.55,687.84
ORD00534,2024-06-02,C0057,P006,1,0.05,Direct Sales,42.2,18.03,24.17
ORD04430,2024-06-02,C0406,P015,3,0.0,Direct Sales,980.37,723.12,257.25
ORD02239,2024-06-02,C0020,P016,3,0.0,Retail,1114.65,740.82,373.83
ORD01643,2024-06-02,C0256,P018,3,0.1,Online,2369.55,1159.8,1209.75
ORD03924,2024-06-02,C0130,P017,3,0.05,Retail,245.84,106.11,139.73
ORD03456,2024-06-02,C0085,P014,1,0.05,Online,160.03,87.87,72.16
ORD02712,2024-06-02,C0001,P016,1,0.0,Direct Sales,371.55,246.94,124.61
ORD02883,2024-06-02,C0398,P017,1,0.05,Online,81.95,35.37,46.58
ORD01920,2024-06-02,C0380,P003,3,0.0,Wholesale,316.11,212.55,103.56
ORD00239,2024-06-03,C0133,P006,1,0.05,Retail,42.2,18.03,24.17
ORD04148,2024-06-03,C0319,P002,5,0.05,Online,2832.85,1477.4,1355.45
ORD03833,2024-06-03,C0375,P019,4,0.0,Direct Sales,730.16,515.2,214.96
ORD00908,2024-06-03,C0192,P006,2,0.0,Retail,88.84,36.06,52.78
ORD00625,2024-06-04,C0071,P003,1,0.0,Online,105.37,70.85,34.52
ORD00988,2024-06-04,C0317,P003,1,0.0,Retail,105.37,70.85,34.52
ORD01480,2024-06-04,C0396,P009,1,0.05,Direct Sales,235.85,128.65,107.2
ORD04798,2024-06-05,C0123,P003,4,0.0,Wholesale,421.48,283.4,138.08
ORD01554,2024-06-05,C0134,P001,4,0.1,Online,1371.38,624.28,747.1
ORD03430,2024-06-05,C0059,P010,2,0.1,Retail,529.87,356.92,172.95
ORD04577,2024-06-05,C0378,P017,1,0.0,Retail,86.26,35.37,50.89
ORD01609,2024-06-05,C0347,P002,1,0.0,Online,596.39,295.48,300.91
ORD04722,2024-06-06,C0473,P003,1,0.0,Retail,105.37,70.85,34.52
ORD01915,2024-06-06,C0148,P008,1,0.1,Direct Sales,110.69,80.91,29.78
ORD04995,2024-06-06,C0465,P009,5,0.0,Direct Sales,1241.3,643.25,598.05
ORD03657,2024-06-06,C0249,P020,1,0.0,Retail,506.13,276.85,229.28
ORD00582,2024-06-06,C0024,P002,1,0.0,Online,596.39,295.48,300.91
ORD02317,2024-06-06,C0485,P019,1,0.05,Retail,173.41,128.8,44.61
ORD01124,2024-06-06,C0456,P008,5,0.0,Online,614.95,404.55,210.4
ORD02759,2024-06-07,C0055,P020,1,0.05,Retail,480.82,276.85,203.97
ORD00433,2024-06-07,C0135,P014,3,0.05,Online,480.08,263.61,216.47
ORD02207,2024-06-07,C0445,P008,2,0.05,Online,233.68,161.82,71.86
ORD00228,2024-06-08,C0433,P015,1,0.0,Wholesale,326.79,241.04,85.75
ORD00602,2024-06-08,C0134,P018,3,0.0,Online,2632.83,1159.8,1473.03
ORD00268,2024-06-08,C0239,P008,2,0.05,Direct Sales,233.68,161.82,71.86
ORD01853,2024-06-08,C0317,P015,2,0.0,Direct Sales,653.58,482.08,171.5
ORD00238,2024-06-09,C0386,P009,1,0.0,Wholesale,248.26,128.65,119.61
ORD01787,2024-06-09,C0275,P012,4,0.2,Online,689.95,495.76,194.19
ORD02453,2024-06-09,C0061,P006,3,0.1,Wholesale,119.93,54.09,65.84
ORD01967,2024-06-09,C0302,P008,2,0.0,Wholesale,245.98,161.82,84.16
ORD03126,2024-06-09,C0235,P018,2,0.0,Direct Sales,1755.22,773.2,982.02
ORD00856,2024-06-09,C0241,P013,1,0.1,Online,379.12,187.87,191.25
ORD02180,2024-06-09,C0154,P006,1,0.0,Online,44.42,18.03,26.39
ORD04509,2024-06-10,C0234,P017,5,0.0,Direct Sales,431.3,176.85,254.45
ORD00053,2024-06-10,C0099,P001,1,0.1,Retail,342.85,156.07,186.78
ORD03869,2024-06-10,C0313,P015,2,0.0,Retail,653.58,482.08,171.5
ORD03946,2024-06-10,C0459,P017,1,0.05,Retail,81.95,35.37,46.58
ORD00819,2024-06-10,C0253,P010,2,0.0,Online,588.74,356.92,231.82
ORD03247,2024-06-10,C0362,P008,2,0.0,Retail,245.98,161.82,84.16
ORD02973,2024-06-10,C0229,P005,2,0.0,Online,1050.9,488.86,562.04
ORD01459,2024-06-11,C0374,P014,5,0.1,Wholesale,758.02,439.35,318.67
ORD00706,2024-06-11,C0450,P012,1,0.1,Online,194.05,123.94,70.11
ORD04249,2024-06-11,C0200,P020,3,0.2,Wholesale,1214.71,830.55,384.16
ORD02474,2024-06-11,C0153,P006,4,0.0,Wholesale,177.68,72.12,105.56
ORD00521,2024-06-12,C0464,P015,2,0.1,Wholesale,588.22,482.08,106.14
ORD04540,2024-06-12,C0123,P006,1,0.05,Online,42.2,18.03,24.17
ORD03201,2024-06-13,C0134,P004,1,0.0,Online,76.38,32.65,43.73
ORD00359,2024-06-13,C0101,P016,1,0.0,Online,371.55,246.94,124.61
ORD03522,2024-06-13,C0111,P018,1,0.05,Online,833.73,386.6,447.13
ORD01331,2024-06-13,C0328,P005,1,0.05,Retail,499.18,244.43,254.75
ORD00954,2024-06-13,C0232,P017,4,0.0,Retail,345.04,141.48,203.56
ORD04493,2024-06-14,C0396,P009,2,0.0,Online,496.52,257.3,239.22
ORD04307,2024-06-14,C0182,P008,2,0.0,Direct Sales,245.98,161.82,84.16
ORD04556,2024-06-14,C0027,P019,4,0.05,Online,693.65,515.2,178.45
ORD02319,2024-06-14,C0148,P005,1,0.0,Wholesale,525.45,244.43,281.02
ORD01997,2024-06-14,C0108,P001,1,0.05,Wholesale,361.89,156.07,205.82
ORD02262,2024-06-15,C0317,P006,1,0.15,Wholesale,37.76,18.03,19.73
ORD02580,2024-06-15,C0323,P008,3,0.0,Direct Sales,368.97,242.73,126.24
ORD02071,2024-06-15,C0063,P001,1,0.0,Direct Sales,380.94,156.07,224.87
ORD03398,2024-06-15,C0002,P001,3,0.1,Retail,1028.54,468.21,560.33
ORD03601,2024-06-16,C0095,P020,3,0.0,Online,1518.39,830.55,687.84
ORD02451,2024-06-16,C0480,P019,2,0.0,Direct Sales,365.08,257.6,107.48
ORD00751,2024-06-16,C0414,P007,3,0.0,Online,1560.96,1003.95,557.01
ORD02066,2024-06-16,C0449,P010,2,0.15,Online,500.43,356.92,143.51
ORD04523,2024-06-16,C0072,P018,2,0.05,Online,1667.46,773.2,894.26
ORD00967,2024-06-16,C0434,P002,1,0.0,Retail,596.39,295.48,300.91
ORD03759,2024-06-17,C0331,P007,3,0.0,Direct Sales,1560.96,1003.95,557.01
ORD04622,2024-06-17,C0037,P007,2,0.1,Direct Sales,936.58,669.3,267.28
ORD04557,2024-06-17,C0345,P010,1,0.05,Direct Sales,279.65,178.46,101.19
ORD04579,2024-06-18,C0017,P001,1,0.0,Online,380.94,156.07,224.87
ORD02221,2024-06-18,C0192,P019,3,0.1,Wholesale,492.86,386.4,106.46
ORD02346,2024-06-18,C0014,P010,5,0.1,Direct Sales,1324.66,892.3,432.36
ORD01774,2024-06-18,C0240,P001,1,0.0,Retail,380.94,156.07,224.87
ORD03438,2024-06-18,C0399,P012,3,0.1,Direct Sales,582.15,371.82,210.33
ORD01281,2024-06-18,C0014,P018,1,0.15,Online,745.97,386.6,359.37
ORD04553,2024-06-19,C0115,P015,1,0.05,Online,310.45,241.04,69.41
ORD03733,2024-06-19,C0409,P007,1,0.05,Retail,494.3,334.65,159.65
ORD04105,2024-06-19,C0369,P017,1,0.2,Online,69.01,35.37,33.64
ORD01433,2024-06-19,C0306,P017,3,0.05,Wholesale,245.84,106.11,139.73
ORD02886,2024-06-19,C0399,P003,1,0.0,Online,105.37,70.85,34.52
ORD03031,2024-06-20,C0380,P008,1,0.0,Wholesale,122.99,80.91,42.08
ORD02400,2024-06-20,C0219,P016,4,0.0,Online,1486.2,987.76,498.44
ORD02227,2024-06-20,C0322,P013,3,0.1,Wholesale,1137.35,563.61,573.74
ORD01076,2024-06-20,C0390,P005,1,0.0,Retail,525.45,244.43,281.02
ORD01129,2024-06-21,C0485,P006,1,0.0,Retail,44.42,18.03,26.39
ORD00235,2024-06-21,C0427,P014,1,0.0,Direct Sales,168.45,87.87,80.58
ORD01089,2024-06-21,C0250,P012,5,0.0,Online,1078.05,619.7,458.35
ORD02603,2024-06-21,C0077,P001,3,0.0,Online,1142.82,468.21,674.61
ORD02167,2024-06-21,C0294,P004,1,0.05,Online,72.56,32.65,39.91
ORD02110,2024-06-21,C0171,P014,2,0.0,Online,336.9,175.74,161.16
ORD02701,2024-06-21,C0089,P013,1,0.05,Retail,400.18,187.87,212.31
ORD00517,2024-06-22,C0279,P003,1,0.1,Online,94.83,70.85,23.98
ORD00623,2024-06-22,C0462,P014,1,0.0,Retail,168.45,87.87,80.58
ORD02871,2024-06-22,C0230,P018,1,0.2,Wholesale,702.09,386.6,315.49
ORD00689,2024-06-22,C0206,P012,1,0.0,Retail,215.61,123.94,91.67
ORD02424,2024-06-23,C0201,P010,2,0.0,Online,588.74,356.92,231.82
ORD00736,2024-06-23,C0284,P015,3,0.0,Wholesale,980.37,723.12,257.25
ORD01239,2024-06-23,C0280,P005,4,0.0,Wholesale,2101.8,977.72,1124.08
ORD04593,2024-06-23,C0124,P003,1,0.0,Online,105.37,70.85,34.52
ORD00716,2024-06-23,C0194,P013,1,0.0,Online,421.24,187.87,233.37
ORD01783,2024-06-24,C0438,P014,1,0.0,Retail,168.45,87.87,80.58
ORD02657,2024-06-24,C0481,P014,4,0.2,Direct Sales,539.04,351.48,187.56
ORD00343,2024-06-24,C0304,P012,1,0.05,Direct Sales,204.83,123.94,80.89
ORD02774,2024-06-24,C0061,P013,1,0.0,Online,421.24,187.87,233.37
ORD03518,2024-06-25,C0036,P006,2,0.05,Retail,84.4,36.06,48.34
ORD00093,2024-06-25,C0011,P003,4,0.0,Retail,421.48,283.4,138.08
ORD03884,2024-06-25,C0134,P014,4,0.1,Wholesale,606.42,351.48,254.94
ORD03304,2024-06-25,C0263,P016,4,0.05,Wholesale,1411.89,987.76,424.13
ORD02919,2024-06-25,C0064,P005,2,0.0,Online,1050.9,488.86,562.04
ORD01282,2024-06-25,C0309,P007,2,0.0,Online,1040.64,669.3,371.34
ORD04545,2024-06-26,C0093,P018,2,0.05,Wholesale,1667.46,773.2,894.26
ORD02250,2024-06-26,C0047,P001,1,0.0,Wholesale,380.94,156.07,224.87
ORD00642,2024-06-26,C0255,P004,4,0.05,Direct Sales,290.24,130.6,159.64
ORD04604,2024-06-26,C0323,P015,3,0.0,Direct Sales,980.37,723.12,257.25
ORD02524,2024-06-27,C0454,P019,4,0.15,Wholesale,620.64,515.2,105.44
ORD02469,2024-06-27,C0204,P009,1,0.0,Retail,248.26,128.65,119.61
ORD03649,2024-06-27,C0014,P006,2,0.0,Retail,88.84,36.06,52.78
ORD02306,2024-06-27,C0426,P011,1,0.05,Wholesale,346.58,248.62,97.96
ORD02811,2024-06-28,C0375,P003,2,0.0,Retail,210.74,141.7,69.04
ORD01001,2024-06-28,C0175,P007,1,0.1,Retail,468.29,334.65,133.64
ORD00254,2024-06-28,C0177,P013,1,0.1,Online,379.12,187.87,191.25
ORD01047,2024-06-28,C0440,P019,4,0.05,Direct Sales,693.65,515.2,178.45
ORD04382,2024-06-28,C0175,P016,2,0.0,Retail,743.1,493.88,249.22
ORD02042,2024-06-29,C0066,P020,4,0.0,Online,2024.52,1107.4,917.12
ORD03044,2024-06-29,C0436,P002,1,0.1,Online,536.75,295.48,241.27
ORD01442,2024-06-29,C0218,P013,5,0.05,Retail,2000.89,939.35,1061.54
ORD04004,2024-06-29,C0019,P003,1,0.0,Retail,105.37,70.85,34.52
ORD02670,2024-06-29,C0160,P003,1,0.2,Retail,84.3,70.85,13.45
ORD01118,2024-06-30,C0123,P012,1,0.1,Retail,194.05,123.94,70.11
ORD00126,2024-06-30,C0189,P003,2,0.05,Wholesale,200.2,141.7,58.5
ORD00839,2024-06-30,C0250,P007,1,0.05,Wholesale,494.3,334.65,159.65
ORD04210,2024-06-30,C0343,P010,4,0.05,Online,1118.61,713.84,404.77
ORD00941,2024-06-30,C0281,P004,4,0.0,Retail,305.52,130.6,174.92
ORD03022,2024-06-30,C0408,P020,1,0.05,Wholesale,480.82,276.85,203.97
ORD02858,2024-06-30,C0131,P001,1,0.05,Retail,361.89,156.07,205.82
ORD04649,2024-07-01,C0068,P020,3,0.05,Online,1442.47,830.55,611.92
ORD01933,2024-07-01,C0335,P008,1,0.15,Wholesale,104.54,80.91,23.63
ORD01123,2024-07-01,C0217,P001,2,0.0,Retail,761.88,312.14,449.74
ORD03755,2024-07-01,C0023,P002,3,0.0,Online,1789.17,886.44,902.73
ORD01793,2024-07-01,C0015,P019,3,0.0,Retail,547.62,386.4,161.22
ORD02049,2024-07-01,C0261,P015,1,0.1,Online,294.11,241.04,53.07
ORD02467,2024-07-01,C0110,P014,4,0.0,Wholesale,673.8,351.48,322.32
ORD04684,2024-07-01,C0294,P003,2,0.0,Wholesale,210.74,141.7,69.04
ORD00659,2024-07-02,C0496,P014,1,0.0,Direct Sales,168.45,87.87,80.58
ORD01476,2024-07-02,C0040,P011,2,0.0,Online,729.64,497.24,232.4
ORD00690,2024-07-03,C0128,P019,1,0.0,Online,182.54,128.8,53.74
ORD00390,2024-07-03,C0489,P004,3,0.05,Direct Sales,217.68,97.95,119.73
ORD04037,2024-07-03,C0181,P014,2,0.05,Direct Sales,320.05,175.74,144.31
ORD03515,2024-07-03,C0030,P012,2,0.05,Direct Sales,409.66,247.88,161.78
ORD01199,2024-07-03,C0225,P019,1,0.0,Online,182.54,128.8,53.74
ORD01992,2024-07-04,C0083,P007,5,0.1,Retail,2341.44,1673.25,668.19
ORD03555,2024-07-04,C0340,P017,3,0.0,Retail,258.78,106.11,152.67
ORD01169,2024-07-04,C0251,P020,2,0.1,Retail,911.03,553.7,357.33
ORD01553,2024-07-04,C0330,P015,2,0.0,Online,653.58,482.08,171.5
ORD00322,2024-07-04,C0466,P001,1,0.1,Wholesale,342.85,156.07,186.78
ORD00808,2024-07-04,C0480,P002,1,0.0,Wholesale,596.39,295.48,300.91
ORD00434,2024-07-05,C0050,P002,1,0.0,Retail,596.39,295.48,300.91
ORD03826,2024-07-05,C0433,P001,4,0.15,Online,1295.2,624.28,670.92
ORD03360,2024-07-05,C0022,P011,1,0.05,Direct Sales,346.58,248.62,97.96
ORD01849,2024-07-05,C0268,P005,2,0.05,Online,998.36,488.86,509.5
ORD00599,2024-07-05,C0225,P014,4,0.0,Wholesale,673.8,351.48,322.32
ORD02522,2024-07-05,C0378,P001,3,0.05,Direct Sales,1085.68,468.21,617.47
ORD02507,2024-07-05,C0474,P012,2,0.0,Wholesale,431.22,247.88,183.34
ORD02865,2024-07-05,C0040,P002,2,0.0,Online,1192.78,590.96,601.82
ORD03525,2024-07-06,C0320,P018,1,0.0,Online,877.61,386.6,491.01
ORD00284,2024-07-06,C0461,P007,1,0.15,Wholesale,442.27,334.65,107.62
ORD02963,2024-07-06,C0240,P010,3,0.1,Wholesale,794.8,535.38,259.42
ORD04725,2024-07-06,C0105,P005,2,0.0,Retail,1050.9,488.86,562.04
ORD03345,2024-07-06,C0117,P017,2,0.0,Wholesale,172.52,70.74,101.78
ORD03956,2024-07-06,C0013,P013,2,0.15,Online,716.11,375.74,340.37
ORD03903,2024-07-07,C0173,P009,1,0.0,Online,248.26,128.65,119.61
ORD03358,2024-07-07,C0126,P020,1,0.2,Online,404.9,276.85,128.05
ORD00637,2024-07-08,C0319,P007,1,0.05,Wholesale,494.3,334.65,159.65
ORD01208,2024-07-08,C0078,P008,1,0.0,Retail,122.99,80.91,42.08
ORD03376,2024-07-09,C0083,P007,1,0.2,Retail,416.26,334.65,81.61
ORD03802,2024-07-09,C0269,P016,1,0.1,Wholesale,334.4,246.94,87.46
ORD03100,2024-07-09,C0389,P001,3,0.0,Online,1142.82,468.21,674.61
ORD03816,2024-07-09,C0167,P016,1,0.1,Online,334.4,246.94,87.46
ORD01977,2024-07-10,C0228,P019,1,0.0,Online,182.54,128.8,53.74
ORD02675,2024-07-10,C0091,P004,1,0.0,Online,76.38,32.65,43.73
ORD04477,2024-07-10,C0387,P004,1,0.05,Retail,72.56,32.65,39.91
ORD01006,2024-07-10,C0190,P006,1,0.15,Wholesale,37.76,18.03,19.73
ORD02878,2024-07-10,C0388,P015,1,0.0,Retail,326.79,241.04,85.75
ORD03321,2024-07-10,C0041,P015,4,0.05,Online,1241.8,964.16,277.64
ORD04060,2024-07-10,C0366,P011,1,0.2,Retail,291.86,248.62,43.24
ORD03103,2024-07-10,C0173,P018,2,0.05,Online,1667.46,773.2,894.26
ORD04907,2024-07-11,C0262,P006,1,0.0,Retail,44.42,18.03,26.39
ORD00006,2024-07-11,C0311,P010,4,0.1,Wholesale,1059.73,713.84,345.89
ORD00882,2024-07-11,C0124,P003,1,0.1,Retail,94.83,70.85,23.98
ORD04181,2024-07-11,C0465,P018,1,0.0,Online,877.61,386.6,491.01
ORD04695,2024-07-12,C0317,P020,1,0.0,Online,506.13,276.85,229.28
ORD04410,2024-07-12,C0017,P006,5,0.0,Retail,222.1,90.15,131.95
ORD02694,2024-07-12,C0440,P012,2,0.0,Retail,431.22,247.88,183.34
ORD02849,2024-07-12,C0248,P005,3,0.0,Wholesale,1576.35,733.29,843.06
ORD03328,2024-07-12,C0130,P004,5,0.15,Retail,324.61,163.25,161.36
ORD03966,2024-07-12,C0391,P013,4,0.0,Direct Sales,1684.96,751.48,933.48
ORD01029,2024-07-12,C0348,P003,1,0.0,Direct Sales,105.37,70.85,34.52
ORD03139,2024-07-12,C0032,P012,3,0.0,Wholesale,646.83,371.82,275.01
ORD04871,2024-07-12,C0034,P016,1,0.15,Direct Sales,315.82,246.94,68.88
ORD00974,2024-07-12,C0318,P012,1,0.0,Online,215.61,123.94,91.67
ORD00025,2024-07-13,C0204,P015,2,0.0,Online,653.58,482.08,171.5
ORD02472,2024-07-13,C0120,P002,1,0.0,Retail,596.39,295.48,300.91
ORD01506,2024-07-13,C0253,P006,3,0.2,Online,106.61,54.09,52.52
ORD04172,2024-07-13,C0246,P013,1,0.1,Retail,379.12,187.87,191.25
ORD00074,2024-07-14,C0111,P003,4,0.05,Direct Sales,400.41,283.4,117.01
ORD03230,2024-07-14,C0476,P006,1,0.0,Online,44.42,18.03,26.39
ORD03271,2024-07-14,C0176,P011,4,0.05,Online,1386.32,994.48,391.84
ORD01315,2024-07-14,C0054,P003,3,0.1,Retail,284.5,212.55,71.95
ORD02156,2024-07-14,C0161,P016,2,0.05,Wholesale,705.94,493.88,212.06
ORD04364,2024-07-15,C0471,P004,2,0.05,Retail,145.12,65.3,79.82
ORD04973,2024-07-15,C0262,P004,2,0.2,Online,122.21,65.3,56.91
ORD00416,2024-07-15,C0129,P017,3,0.2,Retail,207.02,106.11,100.91
ORD04102,2024-07-15,C0173,P002,1,0.0,Online,596.39,295.48,300.91
ORD04169,2024-07-15,C0249,P006,5,0.0,Wholesale,222.1,90.15,131.95
ORD02839,2024-07-16,C0266,P003,1,0.05,Retail,100.1,70.85,29.25
ORD04256,2024-07-16,C0374,P006,1,0.0,Retail,44.42,18.03,26.39
ORD04077,2024-07-16,C0304,P009,1,0.0,Direct Sales,248.26,128.65,119.61
ORD04504,2024-07-16,C0333,P013,1,0.2,Wholesale,336.99,187.87,149.12
ORD01159,2024-07-16,C0380,P010,1,0.05,Retail,279.65,178.46,101.19
ORD02859,2024-07-17,C0054,P015,2,0.15,Direct Sales,555.54,482.08,73.46
ORD02411,2024-07-17,C0281,P020,1,0.1,Direct Sales,455.52,276.85,178.67
ORD00963,2024-07-17,C0203,P012,5,0.0,Retail,1078.05,619.7,458.35
ORD01739,2024-07-17,C0263,P006,1,0.2,Online,35.54,18.03,17.51
ORD01295,2024-07-17,C0064,P003,3,0.1,Wholesale,284.5,212.55,71.95
ORD00110,2024-07-17,C0479,P011,1,0.1,Wholesale,328.34,248.62,79.72
ORD01772,2024-07-18,C0453,P015,3,0.1,Retail,882.33,723.12,159.21
ORD03819,2024-07-18,C0086,P002,1,0.05,Online,566.57,295.48,271.09
ORD02666,2024-07-18,C0323,P019,1,0.0,Wholesale,182.54,128.8,53.74
ORD03990,2024-07-18,C0041,P019,1,0.0,Wholesale,182.54,128.8,53.74
ORD02164,2024-07-19,C0284,P015,1,0.15,Retail,277.77,241.04,36.73
ORD01419,2024-07-19,C0044,P012,2,0.05,Online,409.66,247.88,161.78
ORD03142,2024-07-20,C0226,P008,2,0.0,Online,245.98,161.82,84.16
ORD04574,2024-07-20,C0431,P011,1,0.0,Retail,364.82,248.62,116.2
ORD02311,2024-07-20,C0415,P007,3,0.05,Online,1482.91,1003.95,478.96
ORD01916,2024-07-21,C0129,P003,2,0.0,Wholesale,210.74,141.7,69.04
ORD04989,2024-07-21,C0499,P014,3,0.0,Online,505.35,263.61,241.74
ORD03246,2024-07-21,C0274,P019,1,0.0,Online,182.54,128.8,53.74
ORD00519,2024-07-21,C0110,P005,4,0.0,Online,2101.8,977.72,1124.08
ORD02009,2024-07-22,C0495,P012,2,0.0,Retail,431.22,247.88,183.34
ORD01030,2024-07-22,C0042,P019,1,0.0,Direct Sales,182.54,128.8,53.74
ORD03118,2024-07-22,C0492,P017,1,0.15,Online,73.32,35.37,37.95
ORD03596,2024-07-22,C0407,P008,1,0.0,Online,122.99,80.91,42.08
ORD00392,2024-07-22,C0153,P018,1,0.0,Retail,877.61,386.6,491.01
ORD04459,2024-07-22,C0211,P017,1,0.0,Direct Sales,86.26,35.37,50.89
ORD04337,2024-07-22,C0159,P007,2,0.1,Direct Sales,936.58,669.3,267.28
ORD03593,2024-07-22,C0270,P016,1,0.05,Online,352.97,246.94,106.03
ORD00977,2024-07-23,C0123,P002,1,0.1,Retail,536.75,295.48,241.27
ORD03236,2024-07-23,C0476,P008,1,0.05,Online,116.84,80.91,35.93
ORD03327,2024-07-24,C0098,P012,2,0.0,Online,431.22,247.88,183.34
ORD02395,2024-07-24,C0018,P013,4,0.0,Online,1684.96,751.48,933.48
ORD03991,2024-07-24,C0314,P009,1,0.0,Direct Sales,248.26,128.65,119.61
ORD04778,2024-07-24,C0382,P010,1,0.1,Retail,264.93,178.46,86.47
ORD00020,2024-07-25,C0094,P003,2,0.05,Retail,200.2,141.7,58.5
ORD01767,2024-07-25,C0291,P010,3,0.0,Direct Sales,883.11,535.38,347.73
ORD03824,2024-07-25,C0435,P004,1,0.05,Online,72.56,32.65,39.91
ORD01674,2024-07-25,C0437,P006,1,0.1,Retail,39.98,18.03,21.95
ORD04413,2024-07-25,C0410,P020,2,0.0,Retail,1012.26,553.7,458.56
ORD03813,2024-07-25,C0086,P019,1,0.1,Direct Sales,164.29,128.8,35.49
ORD04332,2024-07-25,C0195,P015,3,0.0,Retail,980.37,723.12,257.25
ORD04624,2024-07-26,C0483,P009,1,0.0,Retail,248.26,128.65,119.61
ORD04457,2024-07-26,C0159,P009,4,0.2,Wholesale,794.43,514.6,279.83
ORD04809,2024-07-26,C0401,P018,1,0.1,Online,789.85,386.6,403.25
ORD03506,2024-07-26,C0086,P007,4,0.0,Online,2081.28,1338.6,742.68
ORD02286,2024-07-27,C0277,P015,3,0.2,Retail,784.3,723.12,61.18
ORD03894,2024-07-27,C0017,P008,4,0.05,Wholesale,467.36,323.64,143.72
ORD00601,2024-07-27,C0423,P017,1,0.0,Retail,86.26,35.37,50.89
ORD03965,2024-07-28,C0310,P012,1,0.2,Direct Sales,172.49,123.94,48.55
ORD01900,2024-07-28,C0084,P008,1,0.0,Retail,122.99,80.91,42.08
ORD00543,2024-07-28,C0312,P017,2,0.0,Online,172.52,70.74,101.78
ORD00667,2024-07-28,C0408,P016,1,0.15,Online,315.82,246.94,68.88
ORD03519,2024-07-28,C0394,P003,2,0.2,Retail,168.59,141.7,26.89
ORD03846,2024-07-28,C0449,P010,2,0.15,Retail,500.43,356.92,143.51
ORD01685,2024-07-28,C0222,P004,1,0.0,Wholesale,76.38,32.65,43.73
ORD03291,2024-07-28,C0027,P018,4,0.0,Retail,3510.44,1546.4,1964.04
ORD02074,2024-07-29,C0217,P020,2,0.0,Direct Sales,1012.26,553.7,458.56
ORD04133,2024-07-29,C0399,P011,2,0.05,Online,693.16,497.24,195.92
ORD01826,2024-07-29,C0415,P002,1,0.15,Retail,506.93,295.48,211.45
ORD02866,2024-07-29,C0014,P008,2,0.0,Retail,245.98,161.82,84.16
ORD03636,2024-07-30,C0436,P016,1,0.0,Retail,371.55,246.94,124.61
ORD04456,2024-07-30,C0349,P012,2,0.05,Retail,409.66,247.88,161.78
ORD03207,2024-07-30,C0021,P015,1,0.0,Online,326.79,241.04,85.75
ORD02864,2024-07-31,C0161,P008,3,0.05,Online,350.52,242.73,107.79
ORD00768,2024-07-31,C0077,P009,1,0.0,Online,248.26,128.65,119.61
ORD00928,2024-07-31,C0487,P011,1,0.05,Online,346.58,248.62,97.96
ORD04238,2024-08-01,C0201,P005,1,0.0,Online,525.45,244.43,281.02
ORD01120,2024-08-01,C0328,P020,2,0.1,Online,911.03,553.7,357.33
ORD04627,2024-08-01,C0448,P001,1,0.15,Online,323.8,156.07,167.73
ORD04718,2024-08-02,C0103,P008,1,0.0,Online,122.99,80.91,42.08
ORD01464,2024-08-02,C0165,P002,1,0.0,Online,596.39,295.48,300.91
ORD01555,2024-08-02,C0489,P009,4,0.05,Direct Sales,943.39,514.6,428.79
ORD01061,2024-08-03,C0438,P013,2,0.05,Direct Sales,800.36,375.74,424.62
ORD04704,2024-08-03,C0436,P010,1,0.0,Online,294.37,178.46,115.91
ORD01976,2024-08-03,C0259,P018,2,0.05,Wholesale,1667.46,773.2,894.26
ORD01828,2024-08-03,C0181,P005,4,0.0,Wholesale,2101.8,977.72,1124.08
ORD03641,2024-08-03,C0053,P013,2,0.0,Retail,842.48,375.74,466.74
ORD01547,2024-08-03,C0435,P018,1,0.0,Online,877.61,386.6,491.01
ORD03218,2024-08-03,C0117,P001,2,0.0,Direct Sales,761.88,312.14,449.74
ORD01647,2024-08-04,C0139,P005,1,0.2,Online,420.36,244.43,175.93
ORD04119,2024-08-04,C0447,P012,1,0.05,Online,204.83,123.94,80.89
ORD01985,2024-08-04,C0346,P004,1,0.05,Wholesale,72.56,32.65,39.91
ORD03797,2024-08-05,C0441,P014,1,0.1,Online,151.6,87.87,63.73
ORD01095,2024-08-05,C0158,P016,1,0.0,Retail,371.55,246.94,124.61
ORD01670,2024-08-05,C0404,P001,5,0.0,Retail,1904.7,780.35,1124.35
ORD02033,2024-08-05,C0449,P008,1,0.0,Retail,122.99,80.91,42.08
ORD00213,2024-08-05,C0093,P011,1,0.2,Retail,291.86,248.62,43.24
ORD04879,2024-08-05,C0186,P008,3,0.0,Wholesale,368.97,242.73,126.24
ORD00516,2024-08-06,C0177,P012,5,0.1,Retail,970.25,619.7,350.55
ORD00573,2024-08-06,C0296,P018,2,0.0,Online,1755.22,773.2,982.02
ORD02874,2024-08-06,C0226,P007,2,0.2,Retail,832.51,669.3,163.21
ORD02425,2024-08-06,C0089,P011,3,0.05,Online,1039.74,745.86,293.88
ORD00042,2024-08-06,C0233,P003,3,0.05,Retail,300.3,212.55,87.75
ORD02892,2024-08-06,C0206,P017,1,0.0,Direct Sales,86.26,35.37,50.89
ORD03714,2024-08-07,C0416,P018,1,0.0,Online,877.61,386.6,491.01
ORD02986,2024-08-07,C0389,P013,4,0.15,Retail,1432.22,751.48,680.74
ORD03505,2024-08-07,C0286,P020,2,0.15,Wholesale,860.42,553.7,306.72
ORD00011,2024-08-07,C0484,P014,2,0.15,Wholesale,286.36,175.74,110.62
ORD03371,2024-08-07,C0023,P003,2,0.0,Wholesale,210.74,141.7,69.04
ORD00725,2024-08-07,C0126,P012,1,0.05,Retail,204.83,123.94,80.89
ORD02536,2024-08-07,C0021,P003,4,0.05,Online,400.41,283.4,117.01
ORD03229,2024-08-07,C0352,P004,1,0.15,Wholesale,64.92,32.65,32.27
ORD03441,2024-08-08,C0120,P016,2,0.0,Retail,743.1,493.88,249.22
ORD01079,2024-08-08,C0126,P014,1,0.0,Retail,168.45,87.87,80.58
ORD04353,2024-08-08,C0125,P007,3,0.15,Retail,1326.82,1003.95,322.87
ORD00729,2024-08-08,C0362,P013,1,0.05,Direct Sales,400.18,187.87,212.31
ORD00812,2024-08-08,C0382,P016,1,0.0,Online,371.55,246.94,124.61
ORD00658,2024-08-08,C0045,P010,3,0.0,Wholesale,883.11,535.38,347.73
ORD00645,2024-08-08,C0306,P005,1,0.1,Wholesale,472.9,244.43,228.47
ORD02993,2024-08-08,C0419,P011,4,0.0,Wholesale,1459.28,994.48,464.8
ORD02168,2024-08-08,C0460,P019,1,0.05,Direct Sales,173.41,128.8,44.61
ORD01071,2024-08-08,C0083,P003,1,0.0,Retail,105.37,70.85,34.52
ORD04399,2024-08-09,C0463,P010,1,0.2,Direct Sales,235.5,178.46,57.04
ORD02054,2024-08-09,C0151,P017,1,0.15,Wholesale,73.32,35.37,37.95
ORD03028,2024-08-09,C0411,P007,2,0.0,Online,1040.64,669.3,371.34
ORD01931,2024-08-10,C0317,P002,1,0.05,Retail,566.57,295.48,271.09
ORD00786,2024-08-11,C0392,P007,3,0.15,Retail,1326.82,1003.95,322.87
ORD04272,2024-08-11,C0023,P020,2,0.0,Wholesale,1012.26,553.7,458.56
ORD04571,2024-08-11,C0119,P020,2,0.0,Wholesale,1012.26,553.7,458.56
ORD03184,2024-08-12,C0489,P018,1,0.0,Online,877.61,386.6,491.01
ORD01388,2024-08-12,C0179,P001,1,0.05,Retail,361.89,156.07,205.82
ORD03085,2024-08-12,C0453,P002,1,0.05,Online,566.57,295.48,271.09
ORD02174,2024-08-12,C0466,P011,1,0.0,Online,364.82,248.62,116.2
ORD00909,2024-08-13,C0195,P005,1,0.0,Online,525.45,244.43,281.02
ORD03267,2024-08-13,C0131,P017,1,0.0,Online,86.26,35.37,50.89
ORD01037,2024-08-13,C0355,P012,1,0.15,Direct Sales,183.27,123.94,59.33
ORD02283,2024-08-13,C0355,P006,2,0.0,Direct Sales,88.84,36.06,52.78
ORD00710,2024-08-13,C0210,P003,1,0.0,Retail,105.37,70.85,34.52
ORD04732,2024-08-14,C0417,P019,1,0.0,Direct Sales,182.54,128.8,53.74
ORD04375,2024-08-14,C0450,P002,5,0.15,Direct Sales,2534.66,1477.4,1057.26
ORD03998,2024-08-14,C0249,P020,1,0.15,Wholesale,430.21,276.85,153.36
ORD01158,2024-08-14,C0152,P005,3,0.0,Online,1576.35,733.29,843.06
ORD00115,2024-08-14,C0470,P011,1,0.05,Wholesale,346.58,248.62,97.96
ORD04805,2024-08-14,C0050,P013,1,0.0,Retail,421.24,187.87,233.37
ORD00777,2024-08-14,C0466,P011,1,0.05,Retail,346.58,248.62,97.96
ORD01366,2024-08-14,C0462,P014,2,0.05,Retail,320.05,175.74,144.31
ORD04221,2024-08-15,C0255,P020,5,0.0,Online,2530.65,1384.25,1146.4
ORD02222,2024-08-15,C0240,P009,3,0.0,Retail,744.78,385.95,358.83
ORD03130,2024-08-15,C0218,P009,1,0.0,Direct Sales,248.26,128.65,119.61
ORD02908,2024-08-15,C0086,P017,4,0.0,Online,345.04,141.48,203.56
ORD00001,2024-08-16,C0489,P008,2,0.1,Wholesale,221.38,161.82,59.56
ORD00467,2024-08-16,C0303,P016,5,0.05,Online,1764.86,1234.7,530.16
ORD04127,2024-08-16,C0204,P008,1,0.15,Online,104.54,80.91,23.63
ORD02038,2024-08-17,C0172,P001,1,0.0,Online,380.94,156.07,224.87
ORD04958,2024-08-17,C0270,P018,3,0.05,Online,2501.19,1159.8,1341.39
ORD00313,2024-08-17,C0485,P016,1,0.1,Online,334.4,246.94,87.46
ORD02363,2024-08-17,C0058,P010,1,0.05,Retail,279.65,178.46,101.19
ORD02910,2024-08-17,C0192,P018,1,0.0,Wholesale,877.61,386.6,491.01
ORD04506,2024-08-17,C0293,P002,1,0.0,Wholesale,596.39,295.48,300.91
ORD03192,2024-08-18,C0489,P008,2,0.1,Wholesale,221.38,161.82,59.56
ORD03433,2024-08-19,C0065,P003,1,0.05,Retail,100.1,70.85,29.25
ORD03340,2024-08-19,C0115,P006,2,0.2,Direct Sales,71.07,36.06,35.01
ORD04701,2024-08-19,C0277,P001,3,0.0,Online,1142.82,468.21,674.61
ORD04843,2024-08-19,C0485,P020,2,0.1,Online,911.03,553.7,357.33
ORD04056,2024-08-19,C0104,P008,1,0.05,Online,116.84,80.91,35.93
ORD04005,2024-08-19,C0435,P017,1,0.0,Retail,86.26,35.37,50.89
ORD02046,2024-08-19,C0121,P008,2,0.0,Retail,245.98,161.82,84.16
ORD02335,2024-08-20,C0048,P008,2,0.0,Retail,245.98,161.82,84.16
ORD03614,2024-08-20,C0165,P018,3,0.0,Direct Sales,2632.83,1159.8,1473.03
ORD03512,2024-08-20,C0141,P019,1,0.0,Retail,182.54,128.8,53.74
ORD04606,2024-08-20,C0316,P019,4,0.0,Direct Sales,730.16,515.2,214.96
ORD03744,2024-08-20,C0440,P011,1,0.0,Direct Sales,364.82,248.62,116.2
ORD02692,2024-08-20,C0090,P008,2,0.0,Wholesale,245.98,161.82,84.16
ORD04484,2024-08-20,C0333,P017,1,0.15,Direct Sales,73.32,35.37,37.95
ORD00240,2024-08-21,C0367,P007,1,0.05,Wholesale,494.3,334.65,159.65
ORD00837,2024-08-21,C0434,P015,2,0.0,Online,653.58,482.08,171.5
ORD00649,2024-08-21,C0474,P017,2,0.2,Direct Sales,138.02,70.74,67.28
ORD00357,2024-08-21,C0436,P013,4,0.05,Wholesale,1600.71,751.48,849.23
ORD00421,2024-08-21,C0341,P012,1,0.0,Retail,215.61,123.94,91.67
ORD03172,2024-08-22,C0118,P014,2,0.05,Online,320.05,175.74,144.31
ORD01501,2024-08-22,C0010,P010,2,0.05,Online,559.3,356.92,202.38
ORD00796,2024-08-22,C0422,P020,1,0.0,Retail,506.13,276.85,229.28
ORD03798,2024-08-22,C0406,P007,5,0.15,Wholesale,2211.36,1673.25,538.11
ORD04162,2024-08-22,C0244,P006,3,0.0,Online,133.26,54.09,79.17
ORD01979,2024-08-22,C0338,P015,1,0.1,Online,294.11,241.04,53.07
ORD02285,2024-08-23,C0299,P008,1,0.15,Online,104.54,80.91,23.63
ORD00806,2024-08-23,C0054,P008,1,0.15,Retail,104.54,80.91,23.63
ORD04818,2024-08-23,C0278,P002,1,0.05,Retail,566.57,295.48,271.09
ORD02468,2024-08-23,C0342,P015,1,0.0,Retail,326.79,241.04,85.75
ORD03831,2024-08-23,C0464,P006,1,0.0,Online,44.42,18.03,26.39
ORD00619,2024-08-23,C0470,P014,3,0.15,Direct Sales,429.55,263.61,165.94
ORD04864,2024-08-23,C0371,P020,4,0.1,Retail,1822.07,1107.4,714.67
ORD03638,2024-08-23,C0149,P001,1,0.0,Direct Sales,380.94,156.07,224.87
ORD00438,2024-08-23,C0168,P008,1,0.0,Online,122.99,80.91,42.08
ORD04447,2024-08-24,C0195,P008,2,0.15,Online,209.08,161.82,47.26
ORD02350,2024-08-24,C0285,P001,1,0.2,Direct Sales,304.75,156.07,148.68
ORD01614,2024-08-24,C0218,P018,2,0.1,Online,1579.7,773.2,806.5
ORD03526,2024-08-24,C0018,P012,1,0.15,Online,183.27,123.94,59.33
ORD04209,2024-08-24,C0238,P014,1,0.15,Online,143.18,87.87,55.31
ORD00550,2024-08-24,C0029,P009,1,0.0,Online,248.26,128.65,119.61
ORD02152,2024-08-24,C0411,P006,1,0.0,Direct Sales,44.42,18.03,26.39
ORD02661,2024-08-25,C0285,P011,4,0.05,Online,1386.32,994.48,391.84
ORD03428,2024-08-25,C0253,P017,2,0.0,Online,172.52,70.74,101.78
ORD04939,2024-08-25,C0019,P004,1,0.1,Retail,68.74,32.65,36.09
ORD01474,2024-08-25,C0291,P011,2,0.0,Retail,729.64,497.24,232.4
ORD01650,2024-08-26,C0238,P003,5,0.0,Direct Sales,526.85,354.25,172.6
ORD03479,2024-08-26,C0085,P016,3,0.0,Online,1114.65,740.82,373.83
ORD01009,2024-08-26,C0458,P006,3,0.05,Online,126.6,54.09,72.51
ORD02822,2024-08-26,C0312,P010,3,0.0,Direct Sales,883.11,535.38,347.73
ORD03655,2024-08-26,C0089,P019,4,0.1,Wholesale,657.14,515.2,141.94
ORD03552,2024-08-27,C0302,P001,3,0.0,Retail,1142.82,468.21,674.61
ORD01850,2024-08-27,C0213,P019,3,0.05,Online,520.24,386.4,133.84
ORD04582,2024-08-27,C0047,P015,1,0.0,Wholesale,326.79,241.04,85.75
ORD04385,2024-08-27,C0232,P010,1,0.0,Online,294.37,178.46,115.91
ORD00087,2024-08-28,C0045,P009,1,0.0,Online,248.26,128.65,119.61
ORD00576,2024-08-28,C0187,P017,1,0.2,Direct Sales,69.01,35.37,33.64
ORD04676,2024-08-28,C0380,P015,1,0.0,Retail,326.79,241.04,85.75
ORD02392,2024-08-29,C0330,P009,1,0.0,Wholesale,248.26,128.65,119.61
ORD01387,2024-08-29,C0257,P020,1,0.2,Online,404.9,276.85,128.05
ORD01779,2024-08-29,C0082,P005,4,0.0,Retail,2101.8,977.72,1124.08
ORD04745,2024-08-29,C0310,P012,2,0.1,Online,388.1,247.88,140.22
ORD00843,2024-08-29,C0412,P003,3,0.05,Online,300.3,212.55,87.75
ORD04266,2024-08-29,C0260,P009,3,0.0,Online,744.78,385.95,358.83
ORD03922,2024-08-29,C0153,P015,1,0.0,Wholesale,326.79,241.04,85.75
ORD00270,2024-08-30,C0306,P010,3,0.05,Direct Sales,838.95,535.38,303.57
ORD01298,2024-08-30,C0039,P014,2,0.05,Retail,320.05,175.74,144.31
ORD03547,2024-08-30,C0178,P011,3,0.1,Retail,985.01,745.86,239.15
ORD03595,2024-08-30,C0486,P005,1,0.0,Retail,525.45,244.43,281.02
ORD04531,2024-08-31,C0347,P020,2,0.0,Retail,1012.26,553.7,458.56
ORD01056,2024-08-31,C0103,P003,1,0.0,Online,105.37,70.85,34.52
ORD02291,2024-08-31,C0382,P016,3,0.05,Wholesale,1058.92,740.82,318.1
ORD01845,2024-08-31,C0497,P015,3,0.1,Online,882.33,723.12,159.21
ORD04013,2024-08-31,C0232,P003,2,0.0,Retail,210.74,141.7,69.04
ORD04145,2024-08-31,C0082,P012,1,0.0,Retail,215.61,123.94,91.67
ORD00064,2024-09-01,C0327,P018,1,0.0,Online,877.61,386.6,491.01
ORD00695,2024-09-02,C0028,P014,2,0.0,Direct Sales,336.9,175.74,161.16
ORD04248,2024-09-02,C0255,P007,3,0.0,Direct Sales,1560.96,1003.95,557.01
ORD04003,2024-09-02,C0169,P007,1,0.15,Direct Sales,442.27,334.65,107.62
ORD02679,2024-09-03,C0237,P011,1,0.0,Online,364.82,248.62,116.2
ORD02495,2024-09-03,C0361,P003,1,0.0,Online,105.37,70.85,34.52
ORD01520,2024-09-03,C0096,P007,3,0.05,Online,1482.91,1003.95,478.96
ORD03164,2024-09-05,C0300,P019,2,0.1,Direct Sales,328.57,257.6,70.97
ORD02255,2024-09-05,C0300,P019,4,0.0,Wholesale,730.16,515.2,214.96
ORD02272,2024-09-05,C0417,P006,1,0.15,Wholesale,37.76,18.03,19.73
ORD02470,2024-09-05,C0118,P010,1,0.1,Direct Sales,264.93,178.46,86.47
ORD03026,2024-09-05,C0006,P019,3,0.05,Retail,520.24,386.4,133.84
ORD03323,2024-09-05,C0103,P007,1,0.0,Direct Sales,520.32,334.65,185.67
ORD03501,2024-09-05,C0092,P002,3,0.05,Direct Sales,1699.71,886.44,813.27
ORD01939,2024-09-05,C0371,P011,2,0.05,Online,693.16,497.24,195.92
ORD03648,2024-09-06,C0198,P006,4,0.2,Online,142.14,72.12,70.02
ORD00291,2024-09-06,C0003,P007,2,0.0,Direct Sales,1040.64,669.3,371.34
ORD00555,2024-09-06,C0078,P016,1,0.05,Online,352.97,246.94,106.03
ORD02699,2024-09-06,C0017,P018,3,0.0,Wholesale,2632.83,1159.8,1473.03
ORD04916,2024-09-06,C0246,P005,1,0.1,Direct Sales,472.9,244.43,228.47
ORD00607,2024-09-06,C0086,P007,1,0.0,Retail,520.32,334.65,185.67
ORD01627,2024-09-07,C0302,P011,2,0.05,Online,693.16,497.24,195.92
ORD03524,2024-09-08,C0253,P004,1,0.15,Wholesale,64.92,32.65,32.27
ORD03341,2024-09-08,C0454,P009,2,0.0,Online,496.52,257.3,239.22
ORD03644,2024-09-08,C0422,P020,2,0.0,Online,1012.26,553.7,458.56
ORD01259,2024-09-08,C0143,P012,1,0.15,Direct Sales,183.27,123.94,59.33
ORD01551,2024-09-08,C0431,P007,4,0.1,Retail,1873.15,1338.6,534.55
ORD01649,2024-09-08,C0304,P008,1,0.0,Online,122.99,80.91,42.08
ORD02393,2024-09-09,C0334,P015,1,0.0,Online,326.79,241.04,85.75
ORD02407,2024-09-09,C0250,P013,1,0.15,Wholesale,358.05,187.87,170.18
ORD01209,2024-09-09,C0199,P005,5,0.1,Wholesale,2364.52,1222.15,1142.37
ORD04863,2024-09-10,C0248,P001,3,0.2,Online,914.26,468.21,446.05
ORD00982,2024-09-10,C0016,P003,3,0.2,Direct Sales,252.89,212.55,40.34
ORD00083,2024-09-11,C0253,P003,1,0.1,Online,94.83,70.85,23.98
ORD02950,2024-09-11,C0424,P001,1,0.0,Retail,380.94,156.07,224.87
ORD02956,2024-09-11,C0270,P003,3,0.0,Online,316.11,212.55,103.56
ORD03365,2024-09-12,C0033,P009,1,0.0,Wholesale,248.26,128.65,119.61
ORD00138,2024-09-12,C0435,P010,1,0.0,Retail,294.37,178.46,115.91
ORD04381,2024-09-12,C0415,P019,2,0.15,Wholesale,310.32,257.6,52.72
ORD04180,2024-09-12,C0234,P006,3,0.0,Online,133.26,54.09,79.17
ORD02360,2024-09-13,C0095,P011,1,0.0,Online,364.82,248.62,116.2
ORD03208,2024-09-13,C0046,P020,1,0.0,Wholesale,506.13,276.85,229.28
ORD01768,2024-09-13,C0359,P001,4,0.2,Retail,1219.01,624.28,594.73
ORD00276,2024-09-13,C0221,P007,3,0.0,Online,1560.96,1003.95,557.01
ORD00173,2024-09-13,C0424,P004,2,0.0,Direct Sales,152.76,65.3,87.46
ORD00471,2024-09-13,C0201,P003,2,0.0,Online,210.74,141.7,69.04
ORD03095,2024-09-13,C0248,P012,1,0.0,Retail,215.61,123.94,91.67
ORD00666,2024-09-13,C0396,P006,1,0.15,Online,37.76,18.03,19.73
ORD01847,2024-09-14,C0428,P002,3,0.0,Online,1789.17,886.44,902.73
ORD01050,2024-09-14,C0368,P004,3,0.0,Retail,229.14,97.95,131.19
ORD01311,2024-09-14,C0499,P015,2,0.0,Online,653.58,482.08,171.5
ORD02415,2024-09-14,C0285,P014,4,0.0,Retail,673.8,351.48,322.32
ORD03801,2024-09-14,C0184,P020,1,0.05,Online,480.82,276.85,203.97
ORD04595,2024-09-14,C0306,P011,2,0.05,Online,693.16,497.24,195.92
ORD02944,2024-09-15,C0434,P011,4,0.0,Direct Sales,1459.28,994.48,464.8
ORD02083,2024-09-15,C0045,P016,1,0.1,Online,334.4,246.94,87.46
ORD04294,2024-09-15,C0034,P001,1,0.0,Retail,380.94,156.07,224.87
ORD03040,2024-09-15,C0459,P019,4,0.05,Wholesale,693.65,515.2,178.45
ORD04647,2024-09-15,C0224,P005,5,0.0,Online,2627.25,1222.15,1405.1
ORD04047,2024-09-16,C0403,P019,2,0.0,Retail,365.08,257.6,107.48
ORD04847,2024-09-16,C0218,P003,2,0.1,Direct Sales,189.67,141.7,47.97
ORD01588,2024-09-16,C0138,P018,1,0.0,Wholesale,877.61,386.6,491.01
ORD02172,2024-09-16,C0486,P006,3,0.05,Online,126.6,54.09,72.51
ORD03471,2024-09-16,C0342,P018,3,0.1,Online,2369.55,1159.8,1209.75
ORD03561,2024-09-16,C0389,P006,1,0.0,Wholesale,44.42,18.03,26.39
ORD01713,2024-09-16,C0041,P010,1,0.0,Online,294.37,178.46,115.91
ORD02989,2024-09-17,C0300,P011,3,0.1,Wholesale,985.01,745.86,239.15
ORD02065,2024-09-17,C0401,P002,1,0.05,Online,566.57,295.48,271.09
ORD03594,2024-09-17,C0151,P006,1,0.0,Retail,44.42,18.03,26.39
ORD02826,2024-09-18,C0155,P011,1,0.1,Direct Sales,328.34,248.62,79.72
ORD00615,2024-09-18,C0141,P001,2,0.0,Retail,761.88,312.14,449.74
ORD03611,2024-09-18,C0293,P003,1,0.0,Online,105.37,70.85,34.52
ORD02660,2024-09-19,C0061,P012,4,0.0,Online,862.44,495.76,366.68
ORD04428,2024-09-19,C0322,P005,2,0.0,Online,1050.9,488.86,562.04
ORD00826,2024-09-19,C0074,P002,4,0.2,Online,1908.45,1181.92,726.53
ORD01991,2024-09-19,C0468,P006,2,0.05,Online,84.4,36.06,48.34
ORD00227,2024-09-19,C0135,P012,2,0.15,Online,366.54,247.88,118.66
ORD04912,2024-09-20,C0470,P002,4,0.15,Retail,2027.73,1181.92,845.81
ORD01796,2024-09-20,C0353,P005,1,0.0,Wholesale,525.45,244.43,281.02
ORD04205,2024-09-20,C0160,P014,2,0.0,Direct Sales,336.9,175.74,161.16
ORD01110,2024-09-20,C0186,P009,3,0.15,Online,633.06,385.95,247.11
ORD03953,2024-09-20,C0089,P011,3,0.0,Online,1094.46,745.86,348.6
ORD00108,2024-09-21,C0450,P003,3,0.0,Online,316.11,212.55,103.56
ORD02192,2024-09-21,C0321,P009,4,0.1,Direct Sales,893.74,514.6,379.14
ORD03368,2024-09-21,C0495,P007,2,0.05,Online,988.61,669.3,319.31
ORD03108,2024-09-21,C0244,P003,5,0.05,Direct Sales,500.51,354.25,146.26
ORD01673,2024-09-21,C0129,P015,5,0.0,Online,1633.95,1205.2,428.75
ORD01392,2024-09-22,C0147,P010,4,0.2,Wholesale,941.98,713.84,228.14
ORD02460,2024-09-22,C0114,P016,3,0.2,Retail,891.72,740.82,150.9
ORD02419,2024-09-22,C0018,P015,2,0.0,Direct Sales,653.58,482.08,171.5
ORD00096,2024-09-23,C0217,P019,1,0.1,Wholesale,164.29,128.8,35.49
ORD00023,2024-09-23,C0398,P003,1,0.0,Online,105.37,70.85,34.52
ORD00486,2024-09-23,C0107,P005,4,0.15,Retail,1786.53,977.72,808.81
ORD00503,2024-09-23,C0374,P010,2,0.0,Online,588.74,356.92,231.82
ORD01646,2024-09-23,C0331,P001,1,0.05,Retail,361.89,156.07,205.82
ORD04432,2024-09-24,C0098,P008,1,0.1,Wholesale,110.69,80.91,29.78
ORD01801,2024-09-25,C0300,P002,2,0.05,Direct Sales,1133.14,590.96,542.18
ORD00451,2024-09-25,C0442,P009,3,0.1,Retail,670.3,385.95,284.35
ORD04592,2024-09-25,C0448,P003,1,0.0,Retail,105.37,70.85,34.52
ORD03815,2024-09-25,C0208,P017,1,0.0,Online,86.26,35.37,50.89
ORD02751,2024-09-25,C0317,P019,2,0.0,Online,365.08,257.6,107.48
ORD02982,2024-09-26,C0290,P002,1,0.2,Online,477.11,295.48,181.63
ORD04766,2024-09-26,C0042,P010,1,0.0,Retail,294.37,178.46,115.91
ORD01769,2024-09-26,C0128,P019,2,0.0,Retail,365.08,257.6,107.48
ORD03509,2024-09-26,C0386,P008,3,0.15,Direct Sales,313.62,242.73,70.89
ORD03189,2024-09-26,C0134,P020,1,0.0,Retail,506.13,276.85,229.28
ORD01305,2024-09-27,C0294,P003,1,0.0,Online,105.37,70.85,34.52
ORD04697,2024-09-27,C0319,P020,1,0.2,Online,404.9,276.85,128.05
ORD04000,2024-09-27,C0437,P009,1,0.1,Retail,223.43,128.65,94.78
ORD03235,2024-09-27,C0287,P016,2,0.1,Retail,668.79,493.88,174.91
ORD03885,2024-09-27,C0181,P009,2,0.0,Retail,496.52,257.3,239.22
ORD00766,2024-09-27,C0252,P018,1,0.0,Retail,877.61,386.6,491.01
ORD04890,2024-09-28,C0382,P020,1,0.1,Retail,455.52,276.85,178.67
ORD04016,2024-09-28,C0181,P003,1,0.0,Online,105.37,70.85,34.52
ORD03951,2024-09-29,C0104,P012,1,0.1,Online,194.05,123.94,70.11
ORD02477,2024-09-29,C0369,P011,2,0.05,Online,693.16,497.24,195.92
ORD00962,2024-09-29,C0440,P014,4,0.0,Retail,673.8,351.48,322.32
ORD00701,2024-09-29,C0352,P011,2,0.0,Wholesale,729.64,497.24,232.4
ORD03677,2024-09-30,C0383,P011,2,0.0,Online,729.64,497.24,232.4
ORD00772,2024-09-30,C0397,P010,2,0.05,Wholesale,559.3,356.92,202.38
ORD03696,2024-09-30,C0072,P017,1,0.0,Online,86.26,35.37,50.89
ORD04445,2024-09-30,C0177,P005,1,0.0,Wholesale,525.45,244.43,281.02
ORD03556,2024-09-30,C0261,P014,4,0.15,Wholesale,572.73,351.48,221.25
ORD04229,2024-09-30,C0461,P010,1,0.0,Wholesale,294.37,178.46,115.91
ORD04893,2024-10-01,C0068,P019,1,0.0,Direct Sales,182.54,128.8,53.74
ORD01481,2024-10-01,C0056,P004,1,0.1,Wholesale,68.74,32.65,36.09
ORD04899,2024-10-01,C0440,P012,3,0.0,Wholesale,646.83,371.82,275.01
ORD04750,2024-10-01,C0192,P016,2,0.0,Retail,743.1,493.88,249.22
ORD03640,2024-10-01,C0095,P008,2,0.15,Retail,209.08,161.82,47.26
ORD01276,2024-10-01,C0184,P015,1,0.15,Retail,277.77,241.04,36.73
ORD04940,2024-10-01,C0087,P020,1,0.05,Wholesale,480.82,276.85,203.97
ORD04289,2024-10-01,C0150,P018,1,0.05,Retail,833.73,386.6,447.13
ORD04310,2024-10-02,C0422,P006,1,0.1,Retail,39.98,18.03,21.95
ORD04372,2024-10-02,C0029,P005,2,0.0,Online,1050.9,488.86,562.04
ORD00207,2024-10-02,C0448,P006,2,0.0,Wholesale,88.84,36.06,52.78
ORD00964,2024-10-02,C0092,P011,1,0.05,Direct Sales,346.58,248.62,97.96
ORD03545,2024-10-03,C0485,P011,1,0.1,Online,328.34,248.62,79.72
ORD04666,2024-10-03,C0391,P012,3,0.0,Online,646.83,371.82,275.01
ORD00668,2024-10-03,C0345,P013,1,0.0,Retail,421.24,187.87,233.37
ORD00857,2024-10-03,C0391,P018,2,0.1,Direct Sales,1579.7,773.2,806.5
ORD01391,2024-10-04,C0183,P001,2,0.0,Retail,761.88,312.14,449.74
ORD01394,2024-10-04,C0121,P008,5,0.0,Retail,614.95,404.55,210.4
ORD02544,2024-10-05,C0305,P006,1,0.15,Online,37.76,18.03,19.73
ORD00217,2024-10-05,C0168,P020,1,0.15,Wholesale,430.21,276.85,153.36
ORD00522,2024-10-05,C0182,P017,1,0.05,Retail,81.95,35.37,46.58
ORD01462,2024-10-06,C0120,P004,1,0.0,Online,76.38,32.65,43.73
ORD01472,2024-10-06,C0345,P003,1,0.0,Retail,105.37,70.85,34.52
ORD01264,2024-10-06,C0377,P019,4,0.0,Retail,730.16,515.2,214.96
ORD03911,2024-10-06,C0349,P002,2,0.0,Wholesale,1192.78,590.96,601.82
ORD00914,2024-10-06,C0462,P009,1,0.0,Wholesale,248.26,128.65,119.61
ORD00142,2024-10-06,C0117,P001,4,0.05,Retail,1447.57,624.28,823.29
ORD03008,2024-10-06,C0228,P019,1,0.2,Online,146.03,128.8,17.23
ORD04985,2024-10-07,C0432,P006,1,0.15,Direct Sales,37.76,18.03,19.73
ORD02263,2024-10-07,C0043,P007,2,0.0,Online,1040.64,669.3,371.34
ORD04219,2024-10-07,C0377,P007,2,0.1,Online,936.58,669.3,267.28
ORD02924,2024-10-07,C0118,P017,1,0.0,Wholesale,86.26,35.37,50.89
ORD04776,2024-10-07,C0076,P014,4,0.0,Online,673.8,351.48,322.32
ORD03488,2024-10-08,C0209,P007,3,0.0,Direct Sales,1560.96,1003.95,557.01
ORD03498,2024-10-08,C0450,P006,3,0.0,Direct Sales,133.26,54.09,79.17
ORD01815,2024-10-08,C0202,P004,1,0.05,Retail,72.56,32.65,39.91
ORD01590,2024-10-08,C0223,P004,5,0.0,Online,381.9,163.25,218.65
ORD02520,2024-10-08,C0397,P009,3,0.0,Online,744.78,385.95,358.83
ORD01708,2024-10-08,C0233,P012,3,0.0,Wholesale,646.83,371.82,275.01
ORD00158,2024-10-08,C0120,P015,1,0.15,Retail,277.77,241.04,36.73
ORD00340,2024-10-08,C0171,P015,4,0.0,Direct Sales,1307.16,964.16,343.0
ORD02842,2024-10-08,C0164,P004,4,0.1,Wholesale,274.97,130.6,144.37
ORD02447,2024-10-08,C0101,P015,2,0.2,Retail,522.86,482.08,40.78
ORD04386,2024-10-09,C0183,P009,2,0.2,Retail,397.22,257.3,139.92
ORD00197,2024-10-09,C0188,P016,3,0.2,Online,891.72,740.82,150.9
ORD03497,2024-10-09,C0309,P019,2,0.05,Online,346.83,257.6,89.23
ORD04808,2024-10-09,C0250,P015,2,0.0,Wholesale,653.58,482.08,171.5
ORD01172,2024-10-09,C0109,P013,2,0.1,Retail,758.23,375.74,382.49
ORD03536,2024-10-10,C0228,P016,4,0.05,Retail,1411.89,987.76,424.13
ORD03353,2024-10-10,C0250,P015,2,0.15,Wholesale,555.54,482.08,73.46
ORD01019,2024-10-11,C0429,P010,4,0.0,Wholesale,1177.48,713.84,463.64
ORD00510,2024-10-11,C0096,P007,3,0.0,Retail,1560.96,1003.95,557.01
ORD01995,2024-10-11,C0332,P006,1,0.0,Wholesale,44.42,18.03,26.39
ORD03444,2024-10-11,C0097,P019,1,0.0,Wholesale,182.54,128.8,53.74
ORD01736,2024-10-11,C0122,P005,4,0.05,Retail,1996.71,977.72,1018.99
ORD02990,2024-10-11,C0071,P008,2,0.0,Retail,245.98,161.82,84.16
ORD04095,2024-10-12,C0001,P013,1,0.05,Online,400.18,187.87,212.31
ORD03590,2024-10-12,C0194,P018,4,0.05,Wholesale,3334.92,1546.4,1788.52
ORD03890,2024-10-12,C0120,P007,2,0.05,Retail,988.61,669.3,319.31
ORD00606,2024-10-12,C0408,P003,1,0.0,Direct Sales,105.37,70.85,34.52
ORD03949,2024-10-13,C0170,P019,2,0.0,Online,365.08,257.6,107.48
ORD03318,2024-10-13,C0096,P014,1,0.0,Online,168.45,87.87,80.58
ORD04304,2024-10-13,C0257,P019,2,0.2,Retail,292.06,257.6,34.46
ORD02851,2024-10-13,C0138,P015,1,0.0,Retail,326.79,241.04,85.75
ORD01619,2024-10-13,C0400,P013,1,0.05,Direct Sales,400.18,187.87,212.31
ORD02397,2024-10-14,C0442,P003,3,0.1,Direct Sales,284.5,212.55,71.95
ORD03899,2024-10-14,C0065,P009,3,0.05,Online,707.54,385.95,321.59
ORD03736,2024-10-14,C0409,P003,2,0.2,Wholesale,168.59,141.7,26.89
ORD04228,2024-10-14,C0055,P002,1,0.0,Direct Sales,596.39,295.48,300.91
ORD01803,2024-10-14,C0357,P017,1,0.2,Retail,69.01,35.37,33.64
ORD04481,2024-10-14,C0155,P009,1,0.0,Online,248.26,128.65,119.61
ORD02005,2024-10-15,C0351,P006,1,0.0,Online,44.42,18.03,26.39
ORD00389,2024-10-15,C0231,P016,5,0.05,Direct Sales,1764.86,1234.7,530.16
ORD03976,2024-10-15,C0445,P002,3,0.05,Online,1699.71,886.44,813.27
ORD04472,2024-10-15,C0330,P004,2,0.0,Direct Sales,152.76,65.3,87.46
ORD02252,2024-10-16,C0117,P004,2,0.15,Online,129.85,65.3,64.55
ORD02868,2024-10-16,C0411,P015,2,0.0,Retail,653.58,482.08,171.5
ORD02978,2024-10-16,C0170,P013,1,0.0,Online,421.24,187.87,233.37
ORD01400,2024-10-16,C0487,P003,2,0.0,Retail,210.74,141.7,69.04
ORD00955,2024-10-17,C0018,P004,2,0.0,Retail,152.76,65.3,87.46
ORD01157,2024-10-17,C0279,P007,1,0.1,Online,468.29,334.65,133.64
ORD03305,2024-10-17,C0055,P002,1,0.0,Retail,596.39,295.48,300.91
ORD01296,2024-10-17,C0101,P008,3,0.0,Online,368.97,242.73,126.24
ORD00947,2024-10-18,C0414,P010,2,0.15,Online,500.43,356.92,143.51
ORD03864,2024-10-18,C0441,P017,4,0.0,Direct Sales,345.04,141.48,203.56
ORD02408,2024-10-18,C0321,P010,2,0.1,Online,529.87,356.92,172.95
ORD01955,2024-10-18,C0280,P005,1,0.0,Online,525.45,244.43,281.02
ORD02638,2024-10-18,C0469,P017,2,0.0,Retail,172.52,70.74,101.78
ORD00324,2024-10-19,C0222,P012,2,0.0,Retail,431.22,247.88,183.34
ORD04115,2024-10-20,C0414,P013,2,0.1,Wholesale,758.23,375.74,382.49
ORD03367,2024-10-20,C0100,P003,5,0.1,Online,474.16,354.25,119.91
ORD04685,2024-10-20,C0433,P014,2,0.0,Online,336.9,175.74,161.16
ORD00552,2024-10-20,C0443,P018,1,0.0,Wholesale,877.61,386.6,491.01
ORD00821,2024-10-21,C0363,P004,1,0.15,Wholesale,64.92,32.65,32.27
ORD02876,2024-10-21,C0120,P002,1,0.15,Online,506.93,295.48,211.45
ORD02132,2024-10-22,C0071,P011,2,0.0,Retail,729.64,497.24,232.4
ORD01338,2024-10-22,C0426,P019,3,0.05,Wholesale,520.24,386.4,133.84
ORD03541,2024-10-22,C0474,P011,2,0.05,Retail,693.16,497.24,195.92
ORD01130,2024-10-22,C0225,P011,2,0.05,Direct Sales,693.16,497.24,195.92
ORD00456,2024-10-22,C0059,P006,1,0.0,Direct Sales,44.42,18.03,26.39
ORD02336,2024-10-22,C0275,P013,1,0.2,Wholesale,336.99,187.87,149.12
ORD04232,2024-10-22,C0186,P017,1,0.1,Direct Sales,77.63,35.37,42.26
ORD01461,2024-10-22,C0285,P008,1,0.0,Direct Sales,122.99,80.91,42.08
ORD03769,2024-10-22,C0039,P003,1,0.0,Retail,105.37,70.85,34.52
ORD02007,2024-10-23,C0234,P012,3,0.15,Direct Sales,549.81,371.82,177.99
ORD00864,2024-10-23,C0120,P005,1,0.0,Online,525.45,244.43,281.02
ORD00333,2024-10-24,C0067,P014,5,0.0,Retail,842.25,439.35,402.9
ORD02204,2024-10-24,C0012,P016,1,0.0,Retail,371.55,246.94,124.61
ORD02789,2024-10-24,C0379,P012,2,0.0,Direct Sales,431.22,247.88,183.34
ORD03134,2024-10-24,C0002,P015,2,0.2,Direct Sales,522.86,482.08,40.78
ORD02557,2024-10-24,C0227,P016,2,0.1,Wholesale,668.79,493.88,174.91
ORD02107,2024-10-24,C0311,P013,1,0.0,Wholesale,421.24,187.87,233.37
ORD01035,2024-10-24,C0146,P020,1,0.1,Retail,455.52,276.85,178.67
ORD02831,2024-10-24,C0197,P006,1,0.0,Retail,44.42,18.03,26.39
ORD00754,2024-10-24,C0044,P009,4,0.2,Retail,794.43,514.6,279.83
ORD02828,2024-10-24,C0219,P004,3,0.0,Online,229.14,97.95,131.19
ORD01882,2024-10-25,C0437,P019,3,0.0,Retail,547.62,386.4,161.22
ORD03276,2024-10-25,C0052,P020,1,0.05,Online,480.82,276.85,203.97
ORD00155,2024-10-25,C0163,P010,1,0.05,Retail,279.65,178.46,101.19
ORD02909,2024-10-26,C0012,P020,1,0.0,Online,506.13,276.85,229.28
ORD04613,2024-10-26,C0313,P011,1,0.1,Wholesale,328.34,248.62,79.72
ORD00591,2024-10-26,C0031,P015,1,0.0,Retail,326.79,241.04,85.75
ORD03643,2024-10-27,C0177,P017,2,0.05,Retail,163.89,70.74,93.15
ORD02486,2024-10-27,C0296,P002,2,0.05,Retail,1133.14,590.96,542.18
ORD04508,2024-10-27,C0310,P019,3,0.0,Direct Sales,547.62,386.4,161.22
ORD04341,2024-10-27,C0144,P006,1,0.05,Wholesale,42.2,18.03,24.17
ORD01266,2024-10-28,C0075,P006,1,0.0,Wholesale,44.42,18.03,26.39
ORD03940,2024-10-28,C0200,P020,2,0.1,Wholesale,911.03,553.7,357.33
ORD02688,2024-10-28,C0316,P006,1,0.2,Online,35.54,18.03,17.51
ORD02482,2024-10-29,C0311,P018,3,0.05,Retail,2501.19,1159.8,1341.39
ORD02887,2024-10-29,C0293,P018,1,0.1,Direct Sales,789.85,386.6,403.25
ORD04033,2024-10-30,C0077,P012,1,0.1,Retail,194.05,123.94,70.11
ORD04012,2024-10-30,C0152,P008,1,0.1,Online,110.69,80.91,29.78
ORD03658,2024-10-30,C0408,P015,1,0.05,Retail,310.45,241.04,69.41
ORD01838,2024-10-30,C0371,P018,2,0.0,Online,1755.22,773.2,982.02
ORD04998,2024-10-31,C0159,P017,1,0.0,Retail,86.26,35.37,50.89
ORD02120,2024-10-31,C0223,P007,1,0.0,Online,520.32,334.65,185.67
ORD03579,2024-10-31,C0131,P010,1,0.0,Wholesale,294.37,178.46,115.91
ORD00749,2024-11-01,C0267,P005,1,0.15,Wholesale,446.63,244.43,202.2
ORD02343,2024-11-01,C0439,P002,5,0.0,Retail,2981.95,1477.4,1504.55
ORD01907,2024-11-01,C0376,P001,2,0.0,Direct Sales,761.88,312.14,449.74
ORD01880,2024-11-01,C0259,P003,2,0.0,Retail,210.74,141.7,69.04
ORD02002,2024-11-01,C0331,P005,1,0.05,Online,499.18,244.43,254.75
ORD04490,2024-11-01,C0358,P013,2,0.1,Retail,758.23,375.74,382.49
ORD02257,2024-11-01,C0172,P003,1,0.1,Retail,94.83,70.85,23.98
ORD01224,2024-11-02,C0224,P003,3,0.2,Wholesale,252.89,212.55,40.34
ORD01168,2024-11-02,C0445,P008,2,0.0,Retail,245.98,161.82,84.16
ORD02201,2024-11-02,C0357,P011,1,0.0,Wholesale,364.82,248.62,116.2
ORD02330,2024-11-02,C0139,P018,4,0.05,Direct Sales,3334.92,1546.4,1788.52
ORD03197,2024-11-02,C0213,P012,1,0.1,Direct Sales,194.05,123.94,70.11
ORD03404,2024-11-03,C0307,P011,1,0.0,Retail,364.82,248.62,116.2
ORD03692,2024-11-03,C0242,P009,1,0.0,Retail,248.26,128.65,119.61
ORD03414,2024-11-03,C0352,P020,2,0.05,Online,961.65,553.7,407.95
ORD03025,2024-11-03,C0416,P008,1,0.05,Online,116.84,80.91,35.93
ORD02202,2024-11-04,C0087,P018,2,0.05,Retail,1667.46,773.2,894.26
ORD01458,2024-11-04,C0448,P012,2,0.05,Online,409.66,247.88,161.78
ORD04160,2024-11-04,C0079,P018,1,0.0,Retail,877.61,386.6,491.01
ORD04167,2024-11-04,C0003,P001,1,0.05,Retail,361.89,156.07,205.82
ORD00611,2024-11-04,C0091,P004,4,0.0,Direct Sales,305.52,130.6,174.92
ORD02173,2024-11-05,C0101,P009,1,0.0,Online,248.26,128.65,119.61
ORD00046,2024-11-05,C0211,P016,2,0.0,Online,743.1,493.88,249.22
ORD00256,2024-11-05,C0188,P005,4,0.0,Retail,2101.8,977.72,1124.08
ORD04839,2024-11-06,C0461,P004,1,0.1,Retail,68.74,32.65,36.09
ORD00363,2024-11-06,C0157,P002,5,0.0,Wholesale,2981.95,1477.4,1504.55
ORD01804,2024-11-06,C0387,P007,1,0.0,Online,520.32,334.65,185.67
ORD04565,2024-11-06,C0438,P019,1,0.0,Wholesale,182.54,128.8,53.74
ORD03112,2024-11-07,C0306,P020,1,0.1,Online,455.52,276.85,178.67
ORD01383,2024-11-07,C0431,P001,2,0.05,Retail,723.79,312.14,411.65
ORD03879,2024-11-07,C0405,P006,2,0.1,Online,79.96,36.06,43.9
ORD04633,2024-11-07,C0493,P020,4,0.0,Online,2024.52,1107.4,917.12
ORD00180,2024-11-07,C0328,P010,3,0.0,Online,883.11,535.38,347.73
ORD01782,2024-11-08,C0277,P002,1,0.05,Retail,566.57,295.48,271.09
ORD02964,2024-11-08,C0011,P006,1,0.0,Online,44.42,18.03,26.39
ORD00472,2024-11-08,C0169,P005,4,0.1,Direct Sales,1891.62,977.72,913.9
ORD01052,2024-11-09,C0100,P013,5,0.0,Online,2106.2,939.35,1166.85
ORD03036,2024-11-09,C0152,P010,2,0.0,Direct Sales,588.74,356.92,231.82
ORD03814,2024-11-09,C0034,P020,2,0.15,Online,860.42,553.7,306.72
ORD02785,2024-11-09,C0087,P016,1,0.1,Online,334.4,246.94,87.46
ORD04405,2024-11-09,C0407,P009,3,0.15,Direct Sales,633.06,385.95,247.11
ORD00771,2024-11-09,C0025,P019,1,0.0,Direct Sales,182.54,128.8,53.74
ORD03290,2024-11-09,C0406,P009,1,0.1,Wholesale,223.43,128.65,94.78
ORD04176,2024-11-09,C0339,P009,2,0.05,Wholesale,471.69,257.3,214.39
ORD04058,2024-11-10,C0174,P010,1,0.0,Online,294.37,178.46,115.91
ORD00638,2024-11-10,C0397,P020,1,0.05,Online,480.82,276.85,203.97
ORD04867,2024-11-11,C0171,P009,2,0.05,Direct Sales,471.69,257.3,214.39
ORD02466,2024-11-11,C0193,P020,2,0.1,Retail,911.03,553.7,357.33
ORD00850,2024-11-11,C0309,P012,1,0.05,Online,204.83,123.94,80.89
ORD02636,2024-11-11,C0307,P016,3,0.1,Direct Sales,1003.18,740.82,262.36
ORD04942,2024-11-11,C0026,P019,1,0.0,Online,182.54,128.8,53.74
ORD04910,2024-11-11,C0104,P003,3,0.0,Retail,316.11,212.55,103.56
ORD04726,2024-11-12,C0273,P007,1,0.0,Wholesale,520.32,334.65,185.67
ORD02012,2024-11-12,C0280,P017,2,0.05,Wholesale,163.89,70.74,93.15
ORD00643,2024-11-12,C0392,P016,2,0.15,Retail,631.64,493.88,137.76
ORD01764,2024-11-12,C0396,P006,2,0.15,Retail,75.51,36.06,39.45
ORD01906,2024-11-13,C0354,P014,2,0.2,Wholesale,269.52,175.74,93.78
ORD00132,2024-11-13,C0158,P008,2,0.05,Retail,233.68,161.82,71.86
ORD01279,2024-11-13,C0106,P018,4,0.0,Retail,3510.44,1546.4,1964.04
ORD01091,2024-11-13,C0127,P013,1,0.0,Wholesale,421.24,187.87,233.37
ORD03709,2024-11-14,C0237,P017,3,0.05,Online,245.84,106.11,139.73
ORD03079,2024-11-14,C0199,P008,3,0.0,Wholesale,368.97,242.73,126.24
ORD03466,2024-11-14,C0414,P007,2,0.0,Wholesale,1040.64,669.3,371.34
ORD04858,2024-11-14,C0058,P014,2,0.0,Retail,336.9,175.74,161.16
ORD02295,2024-11-14,C0186,P001,1,0.0,Retail,380.94,156.07,224.87
ORD01982,2024-11-14,C0445,P011,3,0.0,Online,1094.46,745.86,348.6
ORD00727,2024-11-14,C0405,P008,2,0.15,Retail,209.08,161.82,47.26
ORD01235,2024-11-14,C0427,P006,1,0.2,Retail,35.54,18.03,17.51
ORD02538,2024-11-15,C0310,P005,1,0.15,Online,446.63,244.43,202.2
ORD03297,2024-11-15,C0415,P012,5,0.1,Retail,970.25,619.7,350.55
ORD01223,2024-11-15,C0298,P019,2,0.0,Retail,365.08,257.6,107.48
ORD01586,2024-11-15,C0461,P011,1,0.0,Retail,364.82,248.62,116.2
ORD03671,2024-11-15,C0110,P018,1,0.05,Online,833.73,386.6,447.13
ORD03762,2024-11-15,C0354,P011,4,0.0,Online,1459.28,994.48,464.8
ORD02100,2024-11-15,C0069,P010,1,0.0,Retail,294.37,178.46,115.91
ORD03449,2024-11-16,C0272,P009,1,0.05,Retail,235.85,128.65,107.2
ORD03457,2024-11-16,C0326,P004,4,0.0,Online,305.52,130.6,174.92
ORD00022,2024-11-16,C0314,P011,1,0.2,Online,291.86,248.62,43.24
ORD04901,2024-11-16,C0302,P017,1,0.0,Retail,86.26,35.37,50.89
ORD01160,2024-11-16,C0496,P019,2,0.15,Retail,310.32,257.6,52.72
ORD01837,2024-11-17,C0190,P003,1,0.1,Retail,94.83,70.85,23.98
ORD01278,2024-11-17,C0076,P004,1,0.15,Online,64.92,32.65,32.27
ORD02805,2024-11-17,C0095,P013,1,0.0,Online,421.24,187.87,233.37
ORD02585,2024-11-17,C0043,P009,2,0.0,Direct Sales,496.52,257.3,239.22
ORD01864,2024-11-17,C0409,P003,3,0.0,Wholesale,316.11,212.55,103.56
ORD04192,2024-11-17,C0338,P017,1,0.0,Online,86.26,35.37,50.89
ORD00707,2024-11-17,C0316,P009,1,0.0,Online,248.26,128.65,119.61
ORD03228,2024-11-18,C0126,P014,1,0.05,Wholesale,160.03,87.87,72.16
ORD00897,2024-11-18,C0072,P016,2,0.0,Wholesale,743.1,493.88,249.22
ORD04182,2024-11-18,C0395,P019,2,0.1,Online,328.57,257.6,70.97
ORD03670,2024-11-18,C0362,P006,1,0.15,Online,37.76,18.03,19.73
ORD02479,2024-11-19,C0446,P011,1,0.1,Online,328.34,248.62,79.72
ORD01598,2024-11-20,C0163,P005,3,0.0,Online,1576.35,733.29,843.06
ORD03066,2024-11-20,C0406,P007,1,0.15,Retail,442.27,334.65,107.62
ORD04799,2024-11-20,C0001,P017,3,0.0,Online,258.78,106.11,152.67
ORD03772,2024-11-20,C0105,P011,1,0.0,Online,364.82,248.62,116.2
ORD03099,2024-11-21,C0238,P017,2,0.0,Online,172.52,70.74,101.78
ORD00328,2024-11-21,C0486,P005,4,0.05,Online,1996.71,977.72,1018.99
ORD01658,2024-11-21,C0448,P016,1,0.0,Online,371.55,246.94,124.61
ORD01111,2024-11-21,C0375,P019,5,0.0,Retail,912.7,644.0,268.7
ORD03133,2024-11-21,C0381,P002,3,0.2,Wholesale,1431.34,886.44,544.9
ORD00676,2024-11-21,C0342,P019,1,0.0,Online,182.54,128.8,53.74
ORD04659,2024-11-22,C0286,P009,5,0.0,Retail,1241.3,643.25,598.05
ORD04393,2024-11-22,C0285,P019,3,0.0,Online,547.62,386.4,161.22
ORD02529,2024-11-23,C0325,P009,4,0.05,Retail,943.39,514.6,428.79
ORD03020,2024-11-23,C0334,P013,3,0.05,Retail,1200.53,563.61,636.92
ORD02162,2024-11-24,C0152,P020,3,0.05,Online,1442.47,830.55,611.92
ORD04515,2024-11-24,C0465,P002,2,0.05,Direct Sales,1133.14,590.96,542.18
ORD04594,2024-11-24,C0098,P009,5,0.0,Retail,1241.3,643.25,598.05
ORD03886,2024-11-24,C0190,P017,2,0.0,Direct Sales,172.52,70.74,101.78
ORD04082,2024-11-25,C0260,P001,1,0.15,Direct Sales,323.8,156.07,167.73
ORD02240,2024-11-25,C0398,P015,3,0.0,Online,980.37,723.12,257.25
ORD02423,2024-11-25,C0481,P003,1,0.0,Retail,105.37,70.85,34.52
ORD03701,2024-11-26,C0082,P003,1,0.0,Direct Sales,105.37,70.85,34.52
ORD03704,2024-11-26,C0216,P017,1,0.0,Direct Sales,86.26,35.37,50.89
ORD02304,2024-11-27,C0126,P015,4,0.05,Retail,1241.8,964.16,277.64
ORD03475,2024-11-27,C0210,P004,3,0.05,Retail,217.68,97.95,119.73
ORD03799,2024-11-27,C0418,P007,5,0.15,Wholesale,2211.36,1673.25,538.11
ORD03153,2024-11-27,C0326,P004,1,0.1,Online,68.74,32.65,36.09
ORD01116,2024-11-27,C0393,P015,1,0.0,Online,326.79,241.04,85.75
ORD02213,2024-11-28,C0350,P019,2,0.05,Online,346.83,257.6,89.23
ORD00290,2024-11-28,C0063,P001,1,0.05,Retail,361.89,156.07,205.82
ORD03840,2024-11-28,C0500,P005,2,0.05,Wholesale,998.36,488.86,509.5
ORD02001,2024-11-28,C0191,P003,3,0.0,Wholesale,316.11,212.55,103.56
ORD01495,2024-11-28,C0392,P008,2,0.0,Direct Sales,245.98,161.82,84.16
ORD00460,2024-11-28,C0182,P017,1,0.0,Online,86.26,35.37,50.89
ORD01325,2024-11-28,C0128,P001,1,0.0,Online,380.94,156.07,224.87
ORD02126,2024-11-29,C0107,P020,1,0.0,Direct Sales,506.13,276.85,229.28
ORD04694,2024-11-29,C0101,P016,2,0.15,Retail,631.64,493.88,137.76
ORD04980,2024-11-29,C0328,P018,1,0.15,Direct Sales,745.97,386.6,359.37
ORD03963,2024-11-29,C0446,P013,1,0.1,Retail,379.12,187.87,191.25
ORD01132,2024-11-29,C0267,P002,1,0.0,Direct Sales,596.39,295.48,300.91
ORD04109,2024-11-29,C0103,P010,1,0.0,Wholesale,294.37,178.46,115.91
ORD01417,2024-11-29,C0168,P018,1,0.15,Wholesale,745.97,386.6,359.37
ORD04333,2024-11-30,C0384,P020,1,0.15,Direct Sales,430.21,276.85,153.36
ORD04287,2024-11-30,C0338,P019,1,0.0,Online,182.54,128.8,53.74
ORD01062,2024-11-30,C0126,P006,1,0.05,Direct Sales,42.2,18.03,24.17
ORD04186,2024-11-30,C0141,P018,3,0.0,Online,2632.83,1159.8,1473.03
ORD03232,2024-11-30,C0344,P002,3,0.2,Online,1431.34,886.44,544.9
ORD02896,2024-11-30,C0185,P006,1,0.05,Retail,42.2,18.03,24.17
ORD00312,2024-12-01,C0054,P014,2,0.0,Retail,336.9,175.74,161.16
ORD01622,2024-12-01,C0277,P004,1,0.05,Online,72.56,32.65,39.91
ORD04585,2024-12-01,C0477,P013,1,0.0,Online,421.24,187.87,233.37
ORD02111,2024-12-02,C0414,P007,1,0.0,Retail,520.32,334.65,185.67
ORD03675,2024-12-02,C0471,P010,1,0.15,Direct Sales,250.21,178.46,71.75
ORD03598,2024-12-02,C0058,P003,2,0.0,Online,210.74,141.7,69.04
ORD00422,2024-12-02,C0326,P016,3,0.05,Wholesale,1058.92,740.82,318.1
ORD04268,2024-12-03,C0452,P005,1,0.0,Wholesale,525.45,244.43,281.02
ORD02573,2024-12-03,C0325,P005,1,0.05,Retail,499.18,244.43,254.75
ORD02322,2024-12-03,C0019,P003,3,0.0,Online,316.11,212.55,103.56
ORD03615,2024-12-04,C0440,P001,1,0.0,Wholesale,380.94,156.07,224.87
ORD04233,2024-12-04,C0072,P008,3,0.1,Retail,332.07,242.73,89.34
ORD02050,2024-12-04,C0292,P002,1,0.0,Online,596.39,295.48,300.91
ORD03672,2024-12-04,C0423,P015,1,0.0,Direct Sales,326.79,241.04,85.75
ORD01449,2024-12-05,C0085,P009,2,0.15,Wholesale,422.04,257.3,164.74
ORD00723,2024-12-05,C0302,P015,1,0.0,Retail,326.79,241.04,85.75
ORD01795,2024-12-05,C0455,P014,4,0.0,Retail,673.8,351.48,322.32
ORD02595,2024-12-05,C0462,P005,4,0.0,Retail,2101.8,977.72,1124.08
ORD02980,2024-12-05,C0199,P005,1,0.0,Online,525.45,244.43,281.02
ORD04235,2024-12-05,C0314,P008,1,0.0,Wholesale,122.99,80.91,42.08
ORD01155,2024-12-06,C0071,P016,1,0.1,Direct Sales,334.4,246.94,87.46
ORD04612,2024-12-06,C0437,P005,4,0.0,Online,2101.8,977.72,1124.08
ORD00368,2024-12-07,C0031,P008,5,0.0,Online,614.95,404.55,210.4
ORD01537,2024-12-07,C0147,P002,2,0.05,Online,1133.14,590.96,542.18
ORD04303,2024-12-08,C0120,P005,1,0.0,Online,525.45,244.43,281.02
ORD01055,2024-12-08,C0113,P008,4,0.05,Retail,467.36,323.64,143.72
ORD01321,2024-12-08,C0384,P015,1,0.0,Online,326.79,241.04,85.75
ORD00376,2024-12-09,C0435,P005,1,0.05,Wholesale,499.18,244.43,254.75
ORD00009,2024-12-09,C0240,P003,1,0.0,Online,105.37,70.85,34.52
ORD01957,2024-12-09,C0465,P002,2,0.1,Online,1073.5,590.96,482.54
ORD00283,2024-12-09,C0045,P001,1,0.2,Direct Sales,304.75,156.07,148.68
ORD01684,2024-12-09,C0454,P006,1,0.05,Retail,42.2,18.03,24.17
ORD00571,2024-12-09,C0069,P010,1,0.05,Wholesale,279.65,178.46,101.19
ORD01436,2024-12-10,C0401,P003,2,0.05,Online,200.2,141.7,58.5
ORD04389,2024-12-10,C0172,P017,1,0.0,Online,86.26,35.37,50.89
ORD01252,2024-12-10,C0413,P003,2,0.05,Direct Sales,200.2,141.7,58.5
ORD00477,2024-12-10,C0321,P005,2,0.05,Direct Sales,998.36,488.86,509.5
ORD02514,2024-12-10,C0281,P017,5,0.15,Wholesale,366.6,176.85,189.75
ORD00663,2024-12-10,C0026,P016,2,0.0,Retail,743.1,493.88,249.22
ORD00192,2024-12-11,C0441,P002,2,0.0,Online,1192.78,590.96,601.82
ORD03619,2024-12-11,C0060,P003,1,0.0,Retail,105.37,70.85,34.52
ORD00161,2024-12-11,C0070,P016,1,0.05,Direct Sales,352.97,246.94,106.03
ORD02153,2024-12-11,C0246,P002,1,0.0,Direct Sales,596.39,295.48,300.91
ORD03935,2024-12-11,C0223,P005,3,0.0,Direct Sales,1576.35,733.29,843.06
ORD03495,2024-12-11,C0040,P010,3,0.0,Direct Sales,883.11,535.38,347.73
ORD03913,2024-12-12,C0305,P013,2,0.1,Retail,758.23,375.74,382.49
ORD03921,2024-12-12,C0346,P005,2,0.0,Retail,1050.9,488.86,562.04
ORD00528,2024-12-12,C0132,P020,4,0.05,Retail,1923.29,1107.4,815.89
ORD01821,2024-12-12,C0086,P010,2,0.15,Online,500.43,356.92,143.51
ORD00122,2024-12-12,C0193,P012,1,0.0,Online,215.61,123.94,91.67
ORD03037,2024-12-13,C0138,P015,1,0.0,Wholesale,326.79,241.04,85.75
ORD03718,2024-12-14,C0352,P011,4,0.1,Direct Sales,1313.35,994.48,318.87
ORD04617,2024-12-14,C0246,P008,4,0.1,Wholesale,442.76,323.64,119.12
ORD03010,2024-12-14,C0471,P010,1,0.05,Wholesale,279.65,178.46,101.19
ORD02109,2024-12-14,C0300,P020,5,0.15,Online,2151.05,1384.25,766.8
ORD01978,2024-12-14,C0290,P017,2,0.1,Retail,155.27,70.74,84.53
ORD02307,2024-12-14,C0214,P002,2,0.05,Retail,1133.14,590.96,542.18
ORD03854,2024-12-14,C0123,P019,2,0.1,Online,328.57,257.6,70.97
ORD00143,2024-12-14,C0298,P011,1,0.1,Wholesale,328.34,248.62,79.72
ORD04415,2024-12-15,C0043,P010,1,0.15,Wholesale,250.21,178.46,71.75
ORD04513,2024-12-15,C0254,P003,2,0.0,Online,210.74,141.7,69.04
ORD00798,2024-12-16,C0253,P004,1,0.1,Retail,68.74,32.65,36.09
ORD04314,2024-12-17,C0089,P016,3,0.15,Retail,947.45,740.82,206.63
ORD04852,2024-12-17,C0369,P009,1,0.0,Wholesale,248.26,128.65,119.61
ORD02579,2024-12-17,C0403,P001,1,0.0,Retail,380.94,156.07,224.87
ORD03567,2024-12-17,C0476,P013,5,0.05,Online,2000.89,939.35,1061.54
ORD02626,2024-12-18,C0401,P003,3,0.15,Retail,268.69,212.55,56.14
ORD03296,2024-12-18,C0139,P014,2,0.0,Direct Sales,336.9,175.74,161.16
ORD03626,2024-12-19,C0274,P017,3,0.15,Online,219.96,106.11,113.85
ORD02803,2024-12-19,C0337,P011,1,0.1,Retail,328.34,248.62,79.72
ORD04681,2024-12-19,C0322,P002,2,0.2,Online,954.22,590.96,363.26
ORD00858,2024-12-19,C0138,P011,5,0.05,Online,1732.89,1243.1,489.79
ORD02310,2024-12-19,C0036,P017,1,0.0,Retail,86.26,35.37,50.89
ORD03348,2024-12-19,C0489,P006,1,0.15,Online,37.76,18.03,19.73
ORD04183,2024-12-20,C0127,P008,1,0.05,Retail,116.84,80.91,35.93
ORD00570,2024-12-20,C0468,P013,1,0.0,Online,421.24,187.87,233.37
ORD04873,2024-12-20,C0204,P010,1,0.05,Online,279.65,178.46,101.19
ORD03071,2024-12-21,C0485,P014,1,0.05,Online,160.03,87.87,72.16
ORD03237,2024-12-21,C0208,P020,2,0.0,Direct Sales,1012.26,553.7,458.56
ORD01963,2024-12-21,C0469,P003,3,0.0,Online,316.11,212.55,103.56
ORD03176,2024-12-22,C0343,P010,4,0.1,Online,1059.73,713.84,345.89
ORD00680,2024-12-22,C0363,P018,2,0.0,Direct Sales,1755.22,773.2,982.02
ORD02075,2024-12-22,C0163,P012,3,0.0,Online,646.83,371.82,275.01
ORD02430,2024-12-22,C0130,P008,1,0.2,Retail,98.39,80.91,17.48
ORD04804,2024-12-22,C0372,P006,1,0.15,Direct Sales,37.76,18.03,19.73
ORD03193,2024-12-23,C0169,P017,1,0.0,Online,86.26,35.37,50.89
ORD03450,2024-12-24,C0206,P020,1,0.0,Wholesale,506.13,276.85,229.28
ORD00305,2024-12-24,C0450,P003,2,0.0,Wholesale,210.74,141.7,69.04
ORD02799,2024-12-24,C0353,P017,1,0.05,Retail,81.95,35.37,46.58
ORD02121,2024-12-24,C0295,P003,2,0.0,Online,210.74,141.7,69.04
ORD03783,2024-12-24,C0257,P017,2,0.0,Retail,172.52,70.74,101.78
ORD03706,2024-12-24,C0003,P017,5,0.05,Online,409.74,176.85,232.89
ORD02761,2024-12-25,C0389,P014,1,0.0,Online,168.45,87.87,80.58
ORD04078,2024-12-25,C0363,P002,2,0.0,Retail,1192.78,590.96,601.82
ORD00016,2024-12-25,C0249,P001,1,0.05,Retail,361.89,156.07,205.82
ORD01145,2024-12-26,C0051,P001,3,0.0,Retail,1142.82,468.21,674.61
ORD00088,2024-12-26,C0334,P014,2,0.0,Wholesale,336.9,175.74,161.16
ORD02745,2024-12-26,C0475,P005,3,0.0,Wholesale,1576.35,733.29,843.06
ORD00554,2024-12-27,C0341,P014,2,0.1,Retail,303.21,175.74,127.47
ORD04552,2024-12-27,C0267,P012,2,0.05,Online,409.66,247.88,161.78
ORD02229,2024-12-27,C0441,P015,3,0.0,Direct Sales,980.37,723.12,257.25
ORD00426,2024-12-27,C0191,P001,4,0.1,Online,1371.38,624.28,747.1
ORD01539,2024-12-27,C0453,P014,1,0.1,Retail,151.6,87.87,63.73
ORD00253,2024-12-27,C0434,P020,1,0.0,Online,506.13,276.85,229.28
ORD04020,2024-12-28,C0397,P001,3,0.0,Wholesale,1142.82,468.21,674.61
ORD03140,2024-12-28,C0479,P004,4,0.0,Direct Sales,305.52,130.6,174.92
ORD01810,2024-12-28,C0249,P008,1,0.1,Online,110.69,80.91,29.78
ORD02069,2024-12-28,C0321,P013,3,0.2,Wholesale,1010.98,563.61,447.37
ORD03001,2024-12-28,C0064,P008,1,0.0,Retail,122.99,80.91,42.08
ORD00621,2024-12-29,C0335,P015,1,0.0,Wholesale,326.79,241.04,85.75
ORD01299,2024-12-29,C0203,P013,1,0.2,Wholesale,336.99,187.87,149.12
ORD00002,2024-12-29,C0010,P014,1,0.0,Retail,168.45,87.87,80.58
ORD01514,2024-12-29,C0375,P005,3,0.0,Online,1576.35,733.29,843.06
ORD04944,2024-12-29,C0160,P010,1,0.0,Online,294.37,178.46,115.91
ORD04371,2024-12-29,C0041,P005,1,0.0,Online,525.45,244.43,281.02
ORD04376,2024-12-29,C0045,P014,4,0.15,Direct Sales,572.73,351.48,221.25
ORD01401,2024-12-30,C0471,P005,1,0.1,Retail,472.9,244.43,228.47
ORD02668,2024-12-30,C0180,P004,5,0.15,Online,324.61,163.25,161.36
ORD01998,2024-12-30,C0150,P009,3,0.0,Online,744.78,385.95,358.83
ORD02197,2024-12-30,C0272,P003,2,0.0,Retail,210.74,141.7,69.04
ORD02827,2024-12-30,C0465,P020,2,0.1,Online,911.03,553.7,357.33
ORD03557,2024-12-30,C0410,P015,2,0.05,Retail,620.9,482.08,138.82
ORD00151,2024-12-30,C0349,P004,3,0.1,Direct Sales,206.23,97.95,108.28
ORD00033,2024-12-31,C0094,P019,3,0.2,Retail,438.1,386.4,51.7
ORD03255,2024-12-31,C0223,P011,1,0.0,Direct Sales,364.82,248.62,116.2
ORD03413,2024-12-31,C0458,P009,1,0.15,Wholesale,211.02,128.65,82.37
ORD00501,2024-12-31,C0099,P011,1,0.05,Retail,346.58,248.62,97.96
ORD02752,2024-12-31,C0032,P005,2,0.1,Retail,945.81,488.86,456.95
ORD00717,2024-12-31,C0065,P018,2,0.15,Direct Sales,1491.94,773.2,718.74
